C:\Users\10184\anaconda3\envs\hydro_MPC_tf\python.exe "C:\Program Files\JetBrains\PyCharm 2020.3.5\plugins\python\helpers\pydev\pydevconsole.py" --mode=client --port=62644
import sys; print('Python %s on %s' % (sys.version, sys.platform))
sys.path.extend(['E:\\program\\hydro_MPC', 'E:/program/hydro_MPC'])
PyDev console: starting.
Python 3.8.20 (default, Oct  3 2024, 15:19:54) [MSC v.1929 64 bit (AMD64)] on win32
runfile('E:/program/hydro_MPC/main.py', wdir='E:/program/hydro_MPC')
2025-04-24 17:08:13.104790: W tensorflow/stream_executor/platform/default/dso_loader.cc:64] Could not load dynamic library 'cudart64_110.dll'; dlerror: cudart64_110.dll not found
2025-04-24 17:08:13.105107: I tensorflow/stream_executor/cuda/cudart_stub.cc:29] Ignore above cudart dlerror if you do not have a GPU set up on your machine.
Backend Qt5Agg is interactive backend. Turning interactive mode on.
INFO:root:MPC parameters:
INFO:root:	H:	15
x0 [ -18.7 -118.7 -218.3 -299.9 -320. ] (5,)
INFO:root:	tau:	240
2025-04-24 17:08:15.740922: W tensorflow/stream_executor/platform/default/dso_loader.cc:64] Could not load dynamic library 'nvcuda.dll'; dlerror: nvcuda.dll not found
2025-04-24 17:08:15.741159: W tensorflow/stream_executor/cuda/cuda_driver.cc:326] failed call to cuInit: UNKNOWN ERROR (303)
2025-04-24 17:08:15.743384: I tensorflow/stream_executor/cuda/cuda_diagnostics.cc:169] retrieving CUDA diagnostic information for host: cl888
2025-04-24 17:08:15.743679: I tensorflow/stream_executor/cuda/cuda_diagnostics.cc:176] hostname: cl888
2025-04-24 17:08:15.743985: I tensorflow/core/platform/cpu_feature_guard.cc:142] This TensorFlow binary is optimized with oneAPI Deep Neural Network Library (oneDNN) to use the following CPU instructions in performance-critical operations:  AVX AVX2
To enable them in other operations, rebuild TensorFlow with the appropriate compiler flags.
INFO:root:	Weights loaded from ./weights/easy_checkpoint_model_z/,./weights/easy_checkpoint_model_u/
初始化
X_ref (300, 1)
T_ref (300, 1)
U_dis.shape (300, 2)
i 0  t [0]
2025-04-24 17:08:18.279615: I tensorflow/compiler/mlir/mlir_graph_optimization_pass.cc:176] None of the MLIR Optimization Passes are enabled (registered 2)
X0 [-0.187 -1.187 -2.183 -2.999 -3.2  ]
计算初值self.q_0 [4. 4. 4. 4. 4. 4. 4. 4. 4. 4. 4. 4. 4. 4. 4. 4. 4. 4. 4. 4. 4.]
计算初值self.z_0 [-0.187073 -0.387217 -0.587177 -0.787133 -0.987089 -1.187056 -1.387032
 -1.587137 -1.786896 -1.986127 -2.183517 -2.378099 -2.56513  -2.738064
 -2.885815 -2.999806 -3.079509 -3.131713 -3.16502  -3.186296]
(True, 3, ('Starting Unsteady Computations', 'Computing', 'Computations Completed'), True)
[-0.20055839 -1.1868912  -2.18328238 -2.99953675 -3.19369435]
下一阶段的初值 [3.92992496 3.96947265 4.00507832 4.03609657 4.0598402  4.07213259
 4.07743073 4.07358217 4.06799841 4.07031441 4.0687089  4.06995487
 4.06944513 4.06683731 4.07190609 4.07402086 4.06879663 4.05248356
 4.02821875 3.99803877 3.96199965]
下一阶段初值 [-0.20055839 -0.39624    -0.5925312  -0.78943199 -0.98785681 -1.1868912
 -1.38684011 -1.58709359 -1.78673756 -1.98607671 -2.18328238 -2.37804961
 -2.56611109 -2.73771381 -2.88523674 -2.99953675 -3.0787847  -3.12938166
 -3.16138554 -3.18119764]
INFO:root:	Iter: 001/299,	J: 3.92e-05,	t: 240.00 s,	u1: 4.00,	u2: -0.02,	u3: 3.96,\目标处水位: -319.369, 误差百分比: 0.20%, IAQ累计: 0.00	OCP-solving-time: 8.10e+00 s
i 1  t [240]
X0 [-0.20055839 -1.1868912  -2.18328238 -2.99953675 -3.19369435]
计算初值self.q_0 [3.92992496 3.96947265 4.00507832 4.03609657 4.0598402  4.07213259
 4.07743073 4.07358217 4.06799841 4.07031441 4.0687089  4.06995487
 4.06944513 4.06683731 4.07190609 4.07402086 4.06879663 4.05248356
 4.02821875 3.99803877 3.96199965]
计算初值self.z_0 [-0.20055839 -0.39624    -0.5925312  -0.78943199 -0.98785681 -1.1868912
 -1.38684011 -1.58709359 -1.78673756 -1.98607671 -2.18328238 -2.37804961
 -2.56611109 -2.73771381 -2.88523674 -2.99953675 -3.0787847  -3.12938166
 -3.16138554 -3.18119764]
(True, 3, ('Starting Unsteady Computations', 'Computing', 'Computations Completed'), True)
[-0.2109216  -1.19176805 -2.18328238 -2.99770808 -3.19125605]
下一阶段的初值 [3.85993147 3.89637828 3.93305993 3.96567249 3.99499178 4.02170277
 4.04055643 4.05607414 4.06711149 4.07030582 4.0741086  4.072155
 4.07054663 4.07388544 4.06776857 4.05967283 4.05665112 4.04998541
 4.03567171 4.01900148 4.00000095]
下一阶段初值 [-0.2109216  -0.40599361 -0.60167521 -0.79766166 -0.99425763 -1.19176805
 -1.38958323 -1.58800805 -1.78704238 -1.9854672  -2.18328238 -2.37774491
 -2.56550169 -2.73893285 -2.88523674 -2.99770808 -3.0760417  -3.12694311
 -3.15864253 -3.17845464]
INFO:root:	Iter: 002/299,	J: 5.60e-04,	t: 480.00 s,	u1: 3.93,	u2: -0.02,	u3: 4.00,\目标处水位: -319.126, 误差百分比: 0.27%, IAQ累计: 0.04	OCP-solving-time: 4.42e+00 s
i 2  t [480]
X0 [-0.2109216  -1.19176805 -2.18328238 -2.99770808 -3.19125605]
计算初值self.q_0 [3.85993147 3.89637828 3.93305993 3.96567249 3.99499178 4.02170277
 4.04055643 4.05607414 4.06711149 4.07030582 4.0741086  4.072155
 4.07054663 4.07388544 4.06776857 4.05967283 4.05665112 4.04998541
 4.03567171 4.01900148 4.00000095]
计算初值self.z_0 [-0.2109216  -0.40599361 -0.60167521 -0.79766166 -0.99425763 -1.19176805
 -1.38958323 -1.58800805 -1.78704238 -1.9854672  -2.18328238 -2.37774491
 -2.56550169 -2.73893285 -2.88523674 -2.99770808 -3.0760417  -3.12694311
 -3.15864253 -3.17845464]
(True, 3, ('Starting Unsteady Computations', 'Computing', 'Computations Completed'), True)
[-0.22098    -1.19847357 -2.18450165 -2.99679351 -3.18851304]
下一阶段的初值 [3.78992653 3.82765317 3.86373711 3.89814806 3.93106914 3.96095204
 3.9877708  4.01131058 4.0302968  4.0454011  4.05732298 4.06512976
 4.06860685 4.06994915 4.0689187  4.06297159 4.05417681 4.0438633
 4.03050089 4.01532602 4.00000095]
下一阶段初值 [-0.22098    -0.4157472  -0.61112404 -0.80650079 -1.00218248 -1.19847357
 -1.39537442 -1.59288478 -1.79039526 -1.98790562 -2.18450165 -2.37835431
 -2.56580639 -2.73801827 -2.88401771 -2.99679351 -3.07421303 -3.12450504
 -3.15589929 -3.17601609]
INFO:root:	Iter: 003/299,	J: 1.03e-03,	t: 720.00 s,	u1: 3.86,	u2: -0.02,	u3: 4.00,\目标处水位: -318.851, 误差百分比: 0.36%, IAQ累计: 0.04	OCP-solving-time: 4.47e+00 s
i 3  t [720]
X0 [-0.22098    -1.19847357 -2.18450165 -2.99679351 -3.18851304]
计算初值self.q_0 [3.78992653 3.82765317 3.86373711 3.89814806 3.93106914 3.96095204
 3.9877708  4.01131058 4.0302968  4.0454011  4.05732298 4.06512976
 4.06860685 4.06994915 4.0689187  4.06297159 4.05417681 4.0438633
 4.03050089 4.01532602 4.00000095]
计算初值self.z_0 [-0.22098    -0.4157472  -0.61112404 -0.80650079 -1.00218248 -1.19847357
 -1.39537442 -1.59288478 -1.79039526 -1.98790562 -2.18450165 -2.37835431
 -2.56580639 -2.73801827 -2.88401771 -2.99679351 -3.07421303 -3.12450504
 -3.15589929 -3.17601609]
(True, 3, ('Starting Unsteady Computations', 'Computing', 'Computations Completed'), True)
[-0.23103841 -1.20670331 -2.18785453 -2.99526954 -3.1860745 ]
下一阶段的初值 [3.71992731 3.75796247 3.79478312 3.83054423 3.86522961 3.89845395
 3.92915201 3.9572823  3.98250365 4.00422859 4.02288389 4.03766775
 4.04863501 4.05572557 4.05857706 4.05741072 4.05223131 4.04387236
 4.03205252 4.01686382 4.00000095]
下一阶段初值 [-0.23103841 -0.4258056  -0.62057281 -0.81564486 -1.01102161 -1.20670331
 -1.4026897  -1.59928572 -1.79588163 -1.99247766 -2.18785453 -2.38109756
 -2.56763506 -2.73862791 -2.88371301 -2.99526954 -3.07238412 -3.1220665
 -3.15346074 -3.17327285]
INFO:root:	Iter: 004/299,	J: 1.33e-03,	t: 960.00 s,	u1: 3.79,	u2: -0.02,	u3: 4.00,\目标处水位: -318.607, 误差百分比: 0.44%, IAQ累计: 0.04	OCP-solving-time: 4.43e+00 s
i 4  t [960]
X0 [-0.23103841 -1.20670331 -2.18785453 -2.99526954 -3.1860745 ]
计算初值self.q_0 [3.71992731 3.75796247 3.79478312 3.83054423 3.86522961 3.89845395
 3.92915201 3.9572823  3.98250365 4.00422859 4.02288389 4.03766775
 4.04863501 4.05572557 4.05857706 4.05741072 4.05223131 4.04387236
 4.03205252 4.01686382 4.00000095]
计算初值self.z_0 [-0.23103841 -0.4258056  -0.62057281 -0.81564486 -1.01102161 -1.20670331
 -1.4026897  -1.59928572 -1.79588163 -1.99247766 -2.18785453 -2.38109756
 -2.56763506 -2.73862791 -2.88371301 -2.99526954 -3.07238412 -3.1220665
 -3.15346074 -3.17327285]
(True, 3, ('Starting Unsteady Computations', 'Computing', 'Computations Completed'), True)
[-0.24109681 -1.21554244 -2.19334078 -2.99526954 -3.18333125]
下一阶段的初值 [3.64993119 3.68770266 3.72555947 3.76268053 3.79871631 3.83342409
 3.86667967 3.89805436 3.92717576 3.9539125  3.97776365 3.99836707
 4.01536846 4.02777672 4.03589535 4.04000998 4.03900194 4.0331459
 4.02389431 4.01261902 4.00000095]
下一阶段初值 [-0.24109681 -0.435864   -0.63063121 -0.82539839 -1.02016556 -1.21554244
 -1.41091931 -1.60690558 -1.80289197 -1.99857366 -2.19334078 -2.38536501
 -2.57068324 -2.74076152 -2.88432264 -2.99526954 -3.07146955 -3.12054253
 -3.15132713 -3.1708343 ]
INFO:root:	Iter: 005/299,	J: 1.53e-03,	t: 1200.00 s,	u1: 3.72,	u2: -0.02,	u3: 4.00,\目标处水位: -318.333, 误差百分比: 0.52%, IAQ累计: 0.04	OCP-solving-time: 4.51e+00 s
i 5  t [1200]
X0 [-0.24109681 -1.21554244 -2.19334078 -2.99526954 -3.18333125]
计算初值self.q_0 [3.64993119 3.68770266 3.72555947 3.76268053 3.79871631 3.83342409
 3.86667967 3.89805436 3.92717576 3.9539125  3.97776365 3.99836707
 4.01536846 4.02777672 4.03589535 4.04000998 4.03900194 4.0331459
 4.02389431 4.01261902 4.00000095]
计算初值self.z_0 [-0.24109681 -0.435864   -0.63063121 -0.82539839 -1.02016556 -1.21554244
 -1.41091931 -1.60690558 -1.80289197 -1.99857366 -2.19334078 -2.38536501
 -2.57068324 -2.74076152 -2.88432264 -2.99526954 -3.07146955 -3.12054253
 -3.15132713 -3.1708343 ]
(True, 3, ('Starting Unsteady Computations', 'Computing', 'Computations Completed'), True)
[-0.25145999 -1.2246865  -2.1997416  -2.99587941 -3.18211198]
下一阶段的初值 [3.57992601 3.61847401 3.65619755 3.69333482 3.73027992 3.76653123
 3.80149984 3.83517981 3.8672514  3.89751649 3.92539167 3.95024228
 3.97194195 3.98970771 4.00305033 4.01078129 4.01324463 4.01276302
 4.01019812 4.00566721 4.00000095]
下一阶段初值 [-0.25145999 -0.44592243 -0.64068961 -0.83515203 -1.02991915 -1.2246865
 -1.42006314 -1.61544013 -1.81081676 -2.0058887  -2.1997416  -2.39115596
 -2.57555985 -2.7441144  -2.88645601 -2.99587941 -3.07085991 -3.11932325
 -3.1501081  -3.16961527]
INFO:root:	Iter: 006/299,	J: 1.76e-03,	t: 1440.00 s,	u1: 3.65,	u2: -0.02,	u3: 4.00,\目标处水位: -318.211, 误差百分比: 0.56%, IAQ累计: 0.04	OCP-solving-time: 4.60e+00 s
i 6  t [1440]
X0 [-0.25145999 -1.2246865  -2.1997416  -2.99587941 -3.18211198]
计算初值self.q_0 [3.57992601 3.61847401 3.65619755 3.69333482 3.73027992 3.76653123
 3.80149984 3.83517981 3.8672514  3.89751649 3.92539167 3.95024228
 3.97194195 3.98970771 4.00305033 4.01078129 4.01324463 4.01276302
 4.01019812 4.00566721 4.00000095]
计算初值self.z_0 [-0.25145999 -0.44592243 -0.64068961 -0.83515203 -1.02991915 -1.2246865
 -1.42006314 -1.61544013 -1.81081676 -2.0058887  -2.1997416  -2.39115596
 -2.57555985 -2.7441144  -2.88645601 -2.99587941 -3.07085991 -3.11932325
 -3.1501081  -3.16961527]
(True, 3, ('Starting Unsteady Computations', 'Computing', 'Computations Completed'), True)
[-0.25054562 -1.23474491 -2.2076664  -2.99770808 -3.18180728]
下一阶段的初值 [3.63004971 3.62241554 3.62589836 3.64072824 3.66490221 3.69663119
 3.7330184  3.76992631 3.80500841 3.83657575 3.86699677 3.8960669
 3.92169046 3.94272423 3.960289   3.9744873  3.98255467 3.98795485
 3.99248266 3.9956882  4.00000095]
下一阶段初值 [-0.25054562 -0.4498848  -0.64739525 -0.84399122 -1.03967285 -1.23474491
 -1.42951202 -1.62427926 -1.8193512  -2.01411843 -2.2076664  -2.39786172
 -2.58135128 -2.74838161 -2.88980889 -2.99770808 -3.07177448 -3.11962795
 -3.1501081  -3.16931033]
INFO:root:	Iter: 007/299,	J: 1.73e-03,	t: 1680.00 s,	u1: 3.58,	u2: 0.01,	u3: 4.00,\目标处水位: -318.181, 误差百分比: 0.57%, IAQ累计: 0.04	OCP-solving-time: 4.61e+00 s
i 7  t [1680]
X0 [-0.25054562 -1.23474491 -2.2076664  -2.99770808 -3.18180728]
计算初值self.q_0 [3.63004971 3.62241554 3.62589836 3.64072824 3.66490221 3.69663119
 3.7330184  3.76992631 3.80500841 3.83657575 3.86699677 3.8960669
 3.92169046 3.94272423 3.960289   3.9744873  3.98255467 3.98795485
 3.99248266 3.9956882  4.00000095]
计算初值self.z_0 [-0.25054562 -0.4498848  -0.64739525 -0.84399122 -1.03967285 -1.23474491
 -1.42951202 -1.62427926 -1.8193512  -2.01411843 -2.2076664  -2.39786172
 -2.58135128 -2.74838161 -2.88980889 -2.99770808 -3.07177448 -3.11962795
 -3.1501081  -3.16931033]
(True, 3, ('Starting Unsteady Computations', 'Computing', 'Computations Completed'), True)
[-0.23774399 -1.24145043 -2.21589613 -3.00075603 -3.18363595]
下一阶段的初值 [3.77013898 3.71886015 3.68183541 3.66056418 3.65472817 3.6632514
 3.68325138 3.71017218 3.74082232 3.77207303 3.80448723 3.8370769
 3.86600256 3.89074874 3.91250181 3.93006682 3.94396782 3.95749736
 3.97018337 3.98333931 4.00000095]
下一阶段初值 [-0.23774399 -0.44256961 -0.64495677 -0.84551519 -1.04424489 -1.24145043
 -1.43774164 -1.63342333 -1.82849526 -2.02295756 -2.21589613 -2.40578651
 -2.5880568  -2.7538681  -2.89407611 -3.00075603 -3.07390809 -3.12145686
 -3.15132713 -3.1708343 ]
INFO:root:	Iter: 008/299,	J: 1.49e-03,	t: 1920.00 s,	u1: 3.63,	u2: 0.04,	u3: 4.00,\目标处水位: -318.364, 误差百分比: 0.51%, IAQ累计: 0.04	OCP-solving-time: 4.60e+00 s
i 8  t [1920]
X0 [-0.23774399 -1.24145043 -2.21589613 -3.00075603 -3.18363595]
计算初值self.q_0 [3.77013898 3.71886015 3.68183541 3.66056418 3.65472817 3.6632514
 3.68325138 3.71017218 3.74082232 3.77207303 3.80448723 3.8370769
 3.86600256 3.89074874 3.91250181 3.93006682 3.94396782 3.95749736
 3.97018337 3.98333931 4.00000095]
计算初值self.z_0 [-0.23774399 -0.44256961 -0.64495677 -0.84551519 -1.04424489 -1.24145043
 -1.43774164 -1.63342333 -1.82849526 -2.02295756 -2.21589613 -2.40578651
 -2.5880568  -2.7538681  -2.89407611 -3.00075603 -3.07390809 -3.12145686
 -3.15132713 -3.1708343 ]
(True, 3, ('Starting Unsteady Computations', 'Computing', 'Computations Completed'), True)
[-0.22006561 -1.24145043 -2.22412562 -3.00502324 -3.18729353]
下一阶段的初值 [3.92015314 3.8531301  3.79592133 3.74943924 3.71539664 3.69425821
 3.68600678 3.6896174  3.70261741 3.72333384 3.74904561 3.7777164
 3.8068037  3.83354306 3.85901976 3.88210368 3.90278053 3.9239161
 3.94630647 3.9714489  4.00000095]
下一阶段初值 [-0.22006561 -0.42793921 -0.63367921 -0.83789521 -1.04058719 -1.24145043
 -1.4407897  -1.63860476 -1.8355056  -2.03088236 -2.22412562 -2.41371131
 -2.59567666 -2.76026869 -2.89925766 -3.00502324 -3.07756567 -3.12450504
 -3.15468025 -3.17418718]
INFO:root:	Iter: 009/299,	J: 9.27e-04,	t: 2160.00 s,	u1: 3.77,	u2: 0.04,	u3: 4.00,\目标处水位: -318.729, 误差百分比: 0.40%, IAQ累计: 0.04	OCP-solving-time: 4.50e+00 s
i 9  t [2160]
X0 [-0.22006561 -1.24145043 -2.22412562 -3.00502324 -3.18729353]
计算初值self.q_0 [3.92015314 3.8531301  3.79592133 3.74943924 3.71539664 3.69425821
 3.68600678 3.6896174  3.70261741 3.72333384 3.74904561 3.7777164
 3.8068037  3.83354306 3.85901976 3.88210368 3.90278053 3.9239161
 3.94630647 3.9714489  4.00000095]
计算初值self.z_0 [-0.22006561 -0.42793921 -0.63367921 -0.83789521 -1.04058719 -1.24145043
 -1.4407897  -1.63860476 -1.8355056  -2.03088236 -2.22412562 -2.41371131
 -2.59567666 -2.76026869 -2.89925766 -3.00502324 -3.07756567 -3.12450504
 -3.15468025 -3.17418718]
(True, 3, ('Starting Unsteady Computations', 'Computing', 'Computations Completed'), True)
[-0.20177761 -1.23413515 -2.22991681 -3.01081443 -3.19278026]
下一阶段的初值 [4.06013727 3.99112058 3.92662358 3.86798763 3.81666327 3.77463579
 3.74290919 3.7220428  3.71211195 3.71268392 3.72198629 3.73801637
 3.75913215 3.78211665 3.80708671 3.83342981 3.85986066 3.88826561
 3.92041922 3.95763302 4.00000095]
下一阶段初值 [-0.20177761 -0.4102608  -0.61813444 -0.82478881 -1.03022408 -1.23413515
 -1.4368273  -1.63799524 -1.83733439 -2.03484488 -2.22991681 -2.42041683
 -2.60268712 -2.76697445 -2.90535355 -3.01081443 -3.08274722 -3.12968636
 -3.15986156 -3.17967367]
INFO:root:	Iter: 010/299,	J: 4.21e-04,	t: 2400.00 s,	u1: 3.92,	u2: 0.03,	u3: 4.00,\目标处水位: -319.278, 误差百分比: 0.23%, IAQ累计: 0.04	OCP-solving-time: 4.66e+00 s
i 10  t [2400]
X0 [-0.20177761 -1.23413515 -2.22991681 -3.01081443 -3.19278026]
计算初值self.q_0 [4.06013727 3.99112058 3.92662358 3.86798763 3.81666327 3.77463579
 3.74290919 3.7220428  3.71211195 3.71268392 3.72198629 3.73801637
 3.75913215 3.78211665 3.80708671 3.83342981 3.85986066 3.88826561
 3.92041922 3.95763302 4.00000095]
计算初值self.z_0 [-0.20177761 -0.4102608  -0.61813444 -0.82478881 -1.03022408 -1.23413515
 -1.4368273  -1.63799524 -1.83733439 -2.03484488 -2.22991681 -2.42041683
 -2.60268712 -2.76697445 -2.90535355 -3.01081443 -3.08274722 -3.12968636
 -3.15986156 -3.17967367]
(True, 3, ('Starting Unsteady Computations', 'Computing', 'Computations Completed'), True)
[-0.1816608  -1.22224808 -2.23083115 -3.01691031 -3.20070505]
下一阶段的初值 [4.21015167 4.13520813 4.06384659 3.99738145 3.93598199 3.88104463
 3.83397937 3.79530692 3.76568174 3.74547195 3.73480773 3.73317409
 3.73951149 3.75169921 3.77019    3.79393625 3.8213501  3.85515428
 3.89628458 3.94453669 4.00000095]
下一阶段初值 [-0.1816608  -0.39166799 -0.600456   -0.80893922 -1.01620328 -1.22224808
 -1.42737842 -1.63098478 -1.833372   -2.0333209  -2.23083115 -2.42346501
 -2.60695457 -2.772156   -2.91114473 -3.01691031 -3.08914804 -3.13639212
 -3.16717672 -3.18729353]
i 11  t INFO:root:	Iter: 011/299,	J: 1.36e-04,	t: 2640.00 s,	u1: 4.06,	u2: 0.04,	u3: 4.00,\目标处水位: -320.071, 误差百分比: 0.02%, IAQ累计: 0.04	OCP-solving-time: 4.52e+00 s
[2640]
X0 [-0.1816608  -1.22224808 -2.23083115 -3.01691031 -3.20070505]
计算初值self.q_0 [4.21015167 4.13520813 4.06384659 3.99738145 3.93598199 3.88104463
 3.83397937 3.79530692 3.76568174 3.74547195 3.73480773 3.73317409
 3.73951149 3.75169921 3.77019    3.79393625 3.8213501  3.85515428
 3.89628458 3.94453669 4.00000095]
计算初值self.z_0 [-0.1816608  -0.39166799 -0.600456   -0.80893922 -1.01620328 -1.22224808
 -1.42737842 -1.63098478 -1.833372   -2.0333209  -2.23083115 -2.42346501
 -2.60695457 -2.772156   -2.91114473 -3.01691031 -3.08914804 -3.13639212
 -3.16717672 -3.18729353]
(True, 3, ('Starting Unsteady Computations', 'Computing', 'Computations Completed'), True)
[-0.161544   -1.20670331 -2.22595453 -3.02483511 -3.19369435]
下一阶段的初值 [4.35013866 4.27818251 4.20206118 4.13641739 4.06989813 3.99855947
 3.94994521 3.89405322 3.84366608 3.82129049 3.77843833 3.76738667
 3.76407051 3.73875833 3.77046728 3.80236363 3.77834201 3.74352121
 3.73946047 3.7483716  3.7620008 ]
下一阶段初值 [-0.161544   -0.37246561 -0.58186322 -0.79034638 -0.999744   -1.20670331
 -1.41427195 -1.62031686 -1.82361841 -2.02783442 -2.22595453 -2.4219408
 -2.60847831 -2.7724607  -2.91571689 -3.02483511 -3.09493923 -3.13700151
 -3.16412878 -3.18211198]
INFO:root:	Iter: 012/299,	J: 3.96e-05,	t: 2880.00 s,	u1: 4.21,	u2: 0.03,	u3: 3.76,\目标处水位: -319.369, 误差百分比: 0.20%, IAQ累计: 0.28	OCP-solving-time: 4.77e+00 s
i 12  t [2880]
X0 [-0.161544   -1.20670331 -2.22595453 -3.02483511 -3.19369435]
计算初值self.q_0 [4.35013866 4.27818251 4.20206118 4.13641739 4.06989813 3.99855947
 3.94994521 3.89405322 3.84366608 3.82129049 3.77843833 3.76738667
 3.76407051 3.73875833 3.77046728 3.80236363 3.77834201 3.74352121
 3.73946047 3.7483716  3.7620008 ]
计算初值self.z_0 [-0.161544   -0.37246561 -0.58186322 -0.79034638 -0.999744   -1.20670331
 -1.41427195 -1.62031686 -1.82361841 -2.02783442 -2.22595453 -2.4219408
 -2.60847831 -2.7724607  -2.91571689 -3.02483511 -3.09493923 -3.13700151
 -3.16412878 -3.18211198]
(True, 3, ('Starting Unsteady Computations', 'Computing', 'Computations Completed'), True)
[-0.15575279 -1.18993926 -2.21833444 -3.02026343 -3.19796157]
下一阶段的初值 [4.33999252 4.31970644 4.29130173 4.24864817 4.19529915 4.13785553
 4.07349968 4.0105176  3.95516682 3.9066627  3.86474276 3.82889342
 3.80725384 3.79329085 3.76916218 3.75092316 3.75423622 3.76620579
 3.77841592 3.79215527 3.80300045]
下一阶段初值 [-0.15575279 -0.36027363 -0.56662321 -0.77388722 -0.98145604 -1.18993926
 -1.39811754 -1.60538173 -1.81203604 -2.01655698 -2.21833444 -2.41553998
 -2.60421109 -2.77428961 -2.91510725 -3.02026343 -3.09189129 -3.13822079
 -3.16748166 -3.1860745 ]
INFO:root:	Iter: 013/299,	J: 8.91e-05,	t: 3120.00 s,	u1: 4.35,	u2: -0.00,	u3: 3.80,\目标处水位: -319.796, 误差百分比: 0.06%, IAQ累计: 0.32	OCP-solving-time: 4.61e+00 s
i 13  t [3120]
X0 [-0.15575279 -1.18993926 -2.21833444 -3.02026343 -3.19796157]
计算初值self.q_0 [4.33999252 4.31970644 4.29130173 4.24864817 4.19529915 4.13785553
 4.07349968 4.0105176  3.95516682 3.9066627  3.86474276 3.82889342
 3.80725384 3.79329085 3.76916218 3.75092316 3.75423622 3.76620579
 3.77841592 3.79215527 3.80300045]
计算初值self.z_0 [-0.15575279 -0.36027363 -0.56662321 -0.77388722 -0.98145604 -1.18993926
 -1.39811754 -1.60538173 -1.81203604 -2.01655698 -2.21833444 -2.41553998
 -2.60421109 -2.77428961 -2.91510725 -3.02026343 -3.09189129 -3.13822079
 -3.16748166 -3.1860745 ]
(True, 3, ('Starting Unsteady Computations', 'Computing', 'Computations Completed'), True)
[-0.15849599 -1.17591846 -2.20644712 -3.0199585  -3.19460893]
下一阶段的初值 [4.26993132 4.28481722 4.28605461 4.27807236 4.25564289 4.21800661
 4.17704344 4.12523746 4.06911659 4.01989889 3.96532416 3.92030048
 3.87979603 3.84057426 3.82435703 3.81438398 3.79155779 3.76698446
 3.75470901 3.74460006 3.73300123]
下一阶段初值 [-0.15849599 -0.3593592  -0.5614416  -0.76474321 -0.97017843 -1.17591846
 -1.38287771 -1.59014165 -1.79679596 -2.00314569 -2.20644712 -2.40609121
 -2.59659123 -2.76666951 -2.91114473 -3.0199585  -3.09189129 -3.13700151
 -3.16534805 -3.18333125]
INFO:root:	Iter: 014/299,	J: 4.79e-05,	t: 3360.00 s,	u1: 4.34,	u2: -0.02,	u3: 3.73,\目标处水位: -319.461, 误差百分比: 0.17%, IAQ累计: 0.39	OCP-solving-time: 4.60e+00 s
i 14  t [3360]
X0 [-0.15849599 -1.17591846 -2.20644712 -3.0199585  -3.19460893]
计算初值self.q_0 [4.26993132 4.28481722 4.28605461 4.27807236 4.25564289 4.21800661
 4.17704344 4.12523746 4.06911659 4.01989889 3.96532416 3.92030048
 3.87979603 3.84057426 3.82435703 3.81438398 3.79155779 3.76698446
 3.75470901 3.74460006 3.73300123]
计算初值self.z_0 [-0.15849599 -0.3593592  -0.5614416  -0.76474321 -0.97017843 -1.17591846
 -1.38287771 -1.59014165 -1.79679596 -2.00314569 -2.20644712 -2.40609121
 -2.59659123 -2.76666951 -2.91114473 -3.0199585  -3.09189129 -3.13700151
 -3.16534805 -3.18333125]
(True, 3, ('Starting Unsteady Computations', 'Computing', 'Computations Completed'), True)
[-0.16550639 -1.168908   -2.19364572 -3.0126431  -3.1961329 ]
下一阶段的初值 [4.19992638 4.22476006 4.24455357 4.25186491 4.25067616 4.24359369
 4.22089481 4.1922636  4.15734339 4.11073112 4.06735849 4.01734781
 3.97164726 3.93730164 3.89172316 3.85412645 3.84248281 3.83931684
 3.82959032 3.81770539 3.802001  ]
下一阶段初值 [-0.16550639 -0.3633216  -0.56296563 -0.76382881 -0.96560639 -1.168908
 -1.373124   -1.57825446 -1.78429925 -1.98912477 -2.19364572 -2.3932898
 -2.58500886 -2.75965929 -2.90443921 -3.0126431  -3.08731914 -3.13547754
 -3.16565275 -3.18455052]
INFO:root:	Iter: 015/299,	J: 7.52e-05,	t: 3600.00 s,	u1: 4.27,	u2: -0.02,	u3: 3.80,\目标处水位: -319.613, 误差百分比: 0.12%, IAQ累计: 0.46	OCP-solving-time: 4.62e+00 s
i 15  t [3600]
X0 [-0.16550639 -1.168908   -2.19364572 -3.0126431  -3.1961329 ]
计算初值self.q_0 [4.19992638 4.22476006 4.24455357 4.25186491 4.25067616 4.24359369
 4.22089481 4.1922636  4.15734339 4.11073112 4.06735849 4.01734781
 3.97164726 3.93730164 3.89172316 3.85412645 3.84248281 3.83931684
 3.82959032 3.81770539 3.802001  ]
计算初值self.z_0 [-0.16550639 -0.3633216  -0.56296563 -0.76382881 -0.96560639 -1.168908
 -1.373124   -1.57825446 -1.78429925 -1.98912477 -2.19364572 -2.3932898
 -2.58500886 -2.75965929 -2.90443921 -3.0126431  -3.08731914 -3.13547754
 -3.16565275 -3.18455052]
(True, 3, ('Starting Unsteady Computations', 'Computing', 'Computations Completed'), True)
[-0.17373601 -1.16738403 -2.18236804 -3.00685191 -3.1967423 ]
下一阶段的初值 [4.12993288 4.16024876 4.18754911 4.20674801 4.2204957  4.22839308
 4.22313452 4.21444702 4.19696712 4.16658068 4.13912153 4.09927416
 4.05617857 4.02264023 3.98100877 3.94565487 3.93138075 3.92332149
 3.9069798  3.88795972 3.86599994]
下一阶段初值 [-0.17373601 -0.370332   -0.56814718 -0.76687682 -0.96621603 -1.16738403
 -1.36916161 -1.57215846 -1.77576494 -1.97906649 -2.18236804 -2.38170719
 -2.57342649 -2.74899125 -2.89560008 -3.00685191 -3.08366156 -3.13395357
 -3.16504312 -3.18455052]
INFO:root:	Iter: 016/299,	J: 6.19e-05,	t: 3840.00 s,	u1: 4.20,	u2: -0.02,	u3: 3.87,\目标处水位: -319.674, 误差百分比: 0.10%, IAQ累计: 0.52	OCP-solving-time: 4.42e+00 s
i 16  t [3840]
X0 [-0.17373601 -1.16738403 -2.18236804 -3.00685191 -3.1967423 ]
计算初值self.q_0 [4.12993288 4.16024876 4.18754911 4.20674801 4.2204957  4.22839308
 4.22313452 4.21444702 4.19696712 4.16658068 4.13912153 4.09927416
 4.05617857 4.02264023 3.98100877 3.94565487 3.93138075 3.92332149
 3.9069798  3.88795972 3.86599994]
计算初值self.z_0 [-0.17373601 -0.370332   -0.56814718 -0.76687682 -0.96621603 -1.16738403
 -1.36916161 -1.57215846 -1.77576494 -1.97906649 -2.18236804 -2.38170719
 -2.57342649 -2.74899125 -2.89560008 -3.00685191 -3.08366156 -3.13395357
 -3.16504312 -3.18455052]
(True, 3, ('Starting Unsteady Computations', 'Computing', 'Computations Completed'), True)
[-0.18288001 -1.16951764 -2.17505288 -3.00075603 -3.19704723]
下一阶段的初值 [4.05992794 4.09286022 4.12526035 4.15058422 4.17279577 4.19230032
 4.19897795 4.20485067 4.2031455  4.18731689 4.17563915 4.14866972
 4.11755514 4.09561872 4.05971241 4.02661324 4.01623774 4.01209497
 3.99488401 3.97263288 3.94700003]
下一阶段初值 [-0.18288001 -0.37856159 -0.57515758 -0.77266806 -0.97048324 -1.16951764
 -1.36946642 -1.57032955 -1.77210724 -1.97297049 -2.17505288 -2.37286806
 -2.56397748 -2.74015188 -2.88767529 -3.00075603 -3.07969928 -3.13181996
 -3.16412878 -3.18424559]
INFO:root:	Iter: 017/299,	J: 6.48e-05,	t: 4080.00 s,	u1: 4.13,	u2: -0.02,	u3: 3.95,\目标处水位: -319.705, 误差百分比: 0.09%, IAQ累计: 0.60	OCP-solving-time: 4.80e+00 s
i 17  t [4080]
X0 [-0.18288001 -1.16951764 -2.17505288 -3.00075603 -3.19704723]
计算初值self.q_0 [4.05992794 4.09286022 4.12526035 4.15058422 4.17279577 4.19230032
 4.19897795 4.20485067 4.2031455  4.18731689 4.17563915 4.14866972
 4.11755514 4.09561872 4.05971241 4.02661324 4.01623774 4.01209497
 3.99488401 3.97263288 3.94700003]
计算初值self.z_0 [-0.18288001 -0.37856159 -0.57515758 -0.77266806 -0.97048324 -1.16951764
 -1.36946642 -1.57032955 -1.77210724 -1.97297049 -2.17505288 -2.37286806
 -2.56397748 -2.74015188 -2.88767529 -3.00075603 -3.07969928 -3.13181996
 -3.16412878 -3.18424559]
(True, 3, ('Starting Unsteady Computations', 'Computing', 'Computations Completed'), True)
[-0.1923288  -1.17439437 -2.17109036 -2.99648905 -3.19521832]
下一阶段的初值 [3.98992562 4.02570724 4.05989647 4.08929491 4.11718464 4.14286232
 4.15920639 4.17489147 4.18404913 4.18237543 4.18251991 4.17001247
 4.15210485 4.13902807 4.11641741 4.09345531 4.08246279 4.07318592
 4.05350542 4.02888966 4.00000095]
下一阶段初值 [-0.1923288  -0.38770559 -0.5833872  -0.77998322 -0.97657919 -1.17439437
 -1.37251437 -1.57185364 -1.77180243 -1.97114158 -2.17109036 -2.36768651
 -2.55757666 -2.7334466  -2.8818841  -2.99648905 -3.0766511  -3.12907672
 -3.16199517 -3.18241692]
INFO:root:	Iter: 018/299,	J: 1.52e-04,	t: 4320.00 s,	u1: 4.06,	u2: -0.02,	u3: 4.00,\目标处水位: -319.522, 误差百分比: 0.15%, IAQ累计: 0.66	OCP-solving-time: 4.43e+00 s
i 18  t [4320]
X0 [-0.1923288  -1.17439437 -2.17109036 -2.99648905 -3.19521832]
计算初值self.q_0 [3.98992562 4.02570724 4.05989647 4.08929491 4.11718464 4.14286232
 4.15920639 4.17489147 4.18404913 4.18237543 4.18251991 4.17001247
 4.15210485 4.13902807 4.11641741 4.09345531 4.08246279 4.07318592
 4.05350542 4.02888966 4.00000095]
计算初值self.z_0 [-0.1923288  -0.38770559 -0.5833872  -0.77998322 -0.97657919 -1.17439437
 -1.37251437 -1.57185364 -1.77180243 -1.97114158 -2.17109036 -2.36768651
 -2.55757666 -2.7334466  -2.8818841  -2.99648905 -3.0766511  -3.12907672
 -3.16199517 -3.18241692]
(True, 3, ('Starting Unsteady Computations', 'Computing', 'Computations Completed'), True)
[-0.1993392  -1.18079519 -2.17048073 -2.99344087 -3.19003677]
下一阶段的初值 [3.94995928 3.97574472 4.00199986 4.02963161 4.05796528 4.08492899
 4.10983372 4.1321559  4.1492672  4.16026306 4.16710711 4.16851997
 4.16402054 4.15683651 4.14745808 4.13460207 4.11765146 4.09582806
 4.06837749 4.0359602  4.00000095]
下一阶段初值 [-0.1993392  -0.39563039 -0.59161681 -0.78790802 -0.98419923 -1.18079519
 -1.37800074 -1.57612085 -1.77424085 -1.97266567 -2.17048073 -2.3658576
 -2.55483365 -2.72948408 -2.87822628 -2.99344087 -3.07329845 -3.1248095
 -3.15711832 -3.17723513]
INFO:root:	Iter: 019/299,	J: 5.76e-04,	t: 4560.00 s,	u1: 3.99,	u2: -0.01,	u3: 4.00,\目标处水位: -319.004, 误差百分比: 0.31%, IAQ累计: 0.66	OCP-solving-time: 4.79e+00 s
i 19  t [4560]
X0 [-0.1993392  -1.18079519 -2.17048073 -2.99344087 -3.19003677]
计算初值self.q_0 [3.94995928 3.97574472 4.00199986 4.02963161 4.05796528 4.08492899
 4.10983372 4.1321559  4.1492672  4.16026306 4.16710711 4.16851997
 4.16402054 4.15683651 4.14745808 4.13460207 4.11765146 4.09582806
 4.06837749 4.0359602  4.00000095]
计算初值self.z_0 [-0.1993392  -0.39563039 -0.59161681 -0.78790802 -0.98419923 -1.18079519
 -1.37800074 -1.57612085 -1.77424085 -1.97266567 -2.17048073 -2.3658576
 -2.55483365 -2.72948408 -2.87822628 -2.99344087 -3.07329845 -3.1248095
 -3.15711832 -3.17723513]
(True, 3, ('Starting Unsteady Computations', 'Computing', 'Computations Completed'), True)
[-0.20391122 -1.18780565 -2.17261434 -2.99008822 -3.18363595]
下一阶段的初值 [3.92997909 3.94617605 3.96478629 3.98573208 4.00905371 4.03366375
 4.05849743 4.08258677 4.10414171 4.12225342 4.13671446 4.14735603
 4.15354633 4.15472698 4.15063477 4.14087152 4.12545013 4.10316753
 4.07356501 4.03880882 4.00000095]
下一阶段初值 [-0.20391122 -0.40111679 -0.59801763 -0.79461366 -0.99120963 -1.18780565
 -1.3847065  -1.58191204 -1.77911758 -1.97632325 -2.17261434 -2.36677194
 -2.55483365 -2.72826481 -2.87578821 -2.99008822 -3.06903124 -3.11993289
 -3.15163207 -3.17144394]
INFO:root:	Iter: 020/299,	J: 1.18e-03,	t: 4800.00 s,	u1: 3.95,	u2: -0.01,	u3: 4.00,\目标处水位: -318.364, 误差百分比: 0.51%, IAQ累计: 0.66	OCP-solving-time: 4.66e+00 s
i 20  t [4800]
X0 [-0.20391122 -1.18780565 -2.17261434 -2.99008822 -3.18363595]
计算初值self.q_0 [3.92997909 3.94617605 3.96478629 3.98573208 4.00905371 4.03366375
 4.05849743 4.08258677 4.10414171 4.12225342 4.13671446 4.14735603
 4.15354633 4.15472698 4.15063477 4.14087152 4.12545013 4.10316753
 4.07356501 4.03880882 4.00000095]
计算初值self.z_0 [-0.20391122 -0.40111679 -0.59801763 -0.79461366 -0.99120963 -1.18780565
 -1.3847065  -1.58191204 -1.77911758 -1.97632325 -2.17261434 -2.36677194
 -2.55483365 -2.72826481 -2.87578821 -2.99008822 -3.06903124 -3.11993289
 -3.15163207 -3.17144394]
(True, 3, ('Starting Unsteady Computations', 'Computing', 'Computations Completed'), True)
[-0.20756879 -1.19390166 -2.17688179 -2.98734474 -3.17754006]
下一阶段的初值 [3.90998149 3.92366171 3.93881941 3.95583224 3.97443938 3.99461222
 4.01579905 4.03729391 4.05885458 4.07905626 4.0977025  4.11391115
 4.12610149 4.13434744 4.13633537 4.13070011 4.11807394 4.09793186
 4.070714   4.03773594 4.00000095]
下一阶段初值 [-0.20756879 -0.405384   -0.60289443 -0.80010003 -0.99700081 -1.19390166
 -1.3908025  -1.58770323 -1.78460407 -1.98119998 -2.17688179 -2.36982012
 -2.55696726 -2.72887444 -2.87487364 -2.98734474 -3.06506872 -3.1147511
 -3.14584088 -3.16534805]
INFO:root:	Iter: 021/299,	J: 2.77e-03,	t: 5040.00 s,	u1: 3.93,	u2: -0.01,	u3: 4.00,\目标处水位: -317.754, 误差百分比: 0.70%, IAQ累计: 0.66	OCP-solving-time: 4.41e+00 s
i 21  t [5040]
X0 [-0.20756879 -1.19390166 -2.17688179 -2.98734474 -3.17754006]
计算初值self.q_0 [3.90998149 3.92366171 3.93881941 3.95583224 3.97443938 3.99461222
 4.01579905 4.03729391 4.05885458 4.07905626 4.0977025  4.11391115
 4.12610149 4.13434744 4.13633537 4.13070011 4.11807394 4.09793186
 4.070714   4.03773594 4.00000095]
计算初值self.z_0 [-0.20756879 -0.405384   -0.60289443 -0.80010003 -0.99700081 -1.19390166
 -1.3908025  -1.58770323 -1.78460407 -1.98119998 -2.17688179 -2.36982012
 -2.55696726 -2.72887444 -2.87487364 -2.98734474 -3.06506872 -3.1147511
 -3.14584088 -3.16534805]
(True, 3, ('Starting Unsteady Computations', 'Computing', 'Computations Completed'), True)
[-0.2109216  -1.19908321 -2.1817584  -2.98582077 -3.17205358]
下一阶段的初值 [3.88998127 3.90230465 3.91558003 3.9299705  3.94559026 3.96252346
 3.98077369 4.00007486 4.01998425 4.03997326 4.05937576 4.07716131
 4.09233952 4.10328388 4.10846567 4.10704947 4.09779882 4.08101273
 4.05808735 4.03054619 4.00000095]
下一阶段初值 [-0.2109216  -0.40904161 -0.60685682 -0.80436718 -1.00187755 -1.19908321
 -1.39628875 -1.59349442 -1.79009044 -1.98638165 -2.1817584  -2.37408733
 -2.5600152  -2.73070312 -2.87487364 -2.98582077 -3.06171608 -3.11048412
 -3.14096403 -3.15986156]
INFO:root:	Iter: 022/299,	J: 5.34e-03,	t: 5280.00 s,	u1: 3.91,	u2: -0.01,	u3: 4.00,\目标处水位: -317.205, 误差百分比: 0.87%, IAQ累计: 0.66	OCP-solving-time: 4.37e+00 s
i 22  t [5280]
X0 [-0.2109216  -1.19908321 -2.1817584  -2.98582077 -3.17205358]
计算初值self.q_0 [3.88998127 3.90230465 3.91558003 3.9299705  3.94559026 3.96252346
 3.98077369 4.00007486 4.01998425 4.03997326 4.05937576 4.07716131
 4.09233952 4.10328388 4.10846567 4.10704947 4.09779882 4.08101273
 4.05808735 4.03054619 4.00000095]
计算初值self.z_0 [-0.2109216  -0.40904161 -0.60685682 -0.80436718 -1.00187755 -1.19908321
 -1.39628875 -1.59349442 -1.79009044 -1.98638165 -2.1817584  -2.37408733
 -2.5600152  -2.73070312 -2.87487364 -2.98582077 -3.06171608 -3.11048412
 -3.14096403 -3.15986156]
(True, 3, ('Starting Unsteady Computations', 'Computing', 'Computations Completed'), True)
[-0.214884   -1.20335042 -2.18663526 -2.9846015  -3.16778636]
下一阶段的初值 [3.85997128 3.87519169 3.8903296  3.90558982 3.92058921 3.93570757
 3.95144868 3.9681077  3.98588204 4.00419474 4.0225215  4.04062986
 4.05660343 4.06929779 4.07693481 4.07724333 4.07145834 4.05959654
 4.04245043 4.02257776 4.00000095]
下一阶段初值 [-0.214884   -0.41269919 -0.6105144  -0.80832958 -1.00583994 -1.20335042
 -1.40086091 -1.59837115 -1.79527199 -1.9915632  -2.18663526 -2.37865925
 -2.56397748 -2.73314166 -2.87578821 -2.9846015  -3.05927753 -3.10713124
 -3.13700151 -3.15589929]
INFO:root:	Iter: 023/299,	J: 7.87e-03,	t: 5520.00 s,	u1: 3.89,	u2: -0.01,	u3: 4.00,\目标处水位: -316.779, 误差百分比: 1.01%, IAQ累计: 0.66	OCP-solving-time: 4.37e+00 s
i 23  t [5520]
X0 [-0.214884   -1.20335042 -2.18663526 -2.9846015  -3.16778636]
计算初值self.q_0 [3.85997128 3.87519169 3.8903296  3.90558982 3.92058921 3.93570757
 3.95144868 3.9681077  3.98588204 4.00419474 4.0225215  4.04062986
 4.05660343 4.06929779 4.07693481 4.07724333 4.07145834 4.05959654
 4.04245043 4.02257776 4.00000095]
计算初值self.z_0 [-0.214884   -0.41269919 -0.6105144  -0.80832958 -1.00583994 -1.20335042
 -1.40086091 -1.59837115 -1.79527199 -1.9915632  -2.18663526 -2.37865925
 -2.56397748 -2.73314166 -2.87578821 -2.9846015  -3.05927753 -3.10713124
 -3.13700151 -3.15589929]
(True, 3, ('Starting Unsteady Computations', 'Computing', 'Computations Completed'), True)
[-0.2182368  -1.20761764 -2.19151211 -2.98429704 -3.16504312]
下一阶段的初值 [3.83997965 3.85236835 3.86543918 3.87918401 3.89369392 3.90877819
 3.92442894 3.94038844 3.95686007 3.97346234 3.99037886 4.00721598
 4.02224398 4.03483915 4.04350138 4.04651451 4.04407024 4.03716087
 4.02671528 4.01402044 4.00000095]
下一阶段初值 [-0.2182368  -0.41635683 -0.6144768  -0.81229198 -1.00980246 -1.20761764
 -1.405128   -1.60263836 -1.79984415 -1.99644005 -2.19151211 -2.38323116
 -2.56794    -2.73588467 -2.87700725 -2.98429704 -3.05775356 -3.1046927
 -3.13425851 -3.1528511 ]
INFO:root:	Iter: 024/299,	J: 9.84e-03,	t: 5760.00 s,	u1: 3.86,	u2: -0.01,	u3: 4.00,\目标处水位: -316.504, 误差百分比: 1.09%, IAQ累计: 0.66	OCP-solving-time: 4.48e+00 s
i 24  t [5760]
X0 [-0.2182368  -1.20761764 -2.19151211 -2.98429704 -3.16504312]
计算初值self.q_0 [3.83997965 3.85236835 3.86543918 3.87918401 3.89369392 3.90877819
 3.92442894 3.94038844 3.95686007 3.97346234 3.99037886 4.00721598
 4.02224398 4.03483915 4.04350138 4.04651451 4.04407024 4.03716087
 4.02671528 4.01402044 4.00000095]
计算初值self.z_0 [-0.2182368  -0.41635683 -0.6144768  -0.81229198 -1.00980246 -1.20761764
 -1.405128   -1.60263836 -1.79984415 -1.99644005 -2.19151211 -2.38323116
 -2.56794    -2.73588467 -2.87700725 -2.98429704 -3.05775356 -3.1046927
 -3.13425851 -3.1528511 ]
(True, 3, ('Starting Unsteady Computations', 'Computing', 'Computations Completed'), True)
[-0.2221992  -1.21158004 -2.19577932 -2.9846015  -3.16321445]
下一阶段的初值 [3.80997205 3.8249886  3.84019756 3.85508084 3.86942649 3.88346553
 3.89783907 3.91265488 3.92816401 3.9441855  3.96017027 3.97590327
 3.99045539 4.00256109 4.01152563 4.0166254  4.01760817 4.01543665
 4.01094532 4.00538969 4.00000095]
下一阶段初值 [-0.2221992  -0.4203192  -0.61813444 -0.81594962 -1.01376486 -1.21158004
 -1.40909052 -1.60690558 -1.80411124 -2.00070715 -2.19577932 -2.38749838
 -2.57159781 -2.73893285 -2.87853122 -2.9846015  -3.05714393 -3.10347366
 -3.1327343  -3.15132713]
INFO:root:	Iter: 025/299,	J: 1.08e-02,	t: 6000.00 s,	u1: 3.84,	u2: -0.01,	u3: 4.00,\目标处水位: -316.321, 误差百分比: 1.15%, IAQ累计: 0.66	OCP-solving-time: 4.79e+00 s
i 25  t [6000]
X0 [-0.2221992  -1.21158004 -2.19577932 -2.9846015  -3.16321445]
计算初值self.q_0 [3.80997205 3.8249886  3.84019756 3.85508084 3.86942649 3.88346553
 3.89783907 3.91265488 3.92816401 3.9441855  3.96017027 3.97590327
 3.99045539 4.00256109 4.01152563 4.0166254  4.01760817 4.01543665
 4.01094532 4.00538969 4.00000095]
计算初值self.z_0 [-0.2221992  -0.4203192  -0.61813444 -0.81594962 -1.01376486 -1.21158004
 -1.40909052 -1.60690558 -1.80411124 -2.00070715 -2.19577932 -2.38749838
 -2.57159781 -2.73893285 -2.87853122 -2.9846015  -3.05714393 -3.10347366
 -3.1327343  -3.15132713]
(True, 3, ('Starting Unsteady Computations', 'Computing', 'Computations Completed'), True)
[-0.22646639 -1.21554244 -2.2000463  -2.98551607 -3.16290951]
下一阶段的初值 [3.77997065 3.79565263 3.81132579 3.82683754 3.84199572 3.85668087
 3.87142253 3.88636827 3.90140724 3.91678333 3.93206859 3.94710493
 3.96100593 3.97312546 3.98288608 3.9893539  3.99323058 3.9954021
 3.99658298 3.99795914 4.00000095]
下一阶段初值 [-0.22646639 -0.4242816  -0.62209678 -0.81991202 -1.01772726 -1.21554244
 -1.41305292 -1.61086798 -1.80807364 -2.00497437 -2.2000463  -2.3914609
 -2.57525539 -2.74167609 -2.88035989 -2.98551607 -3.05744886 -3.10347366
 -3.13242984 -3.15102243]
INFO:root:	Iter: 026/299,	J: 1.11e-02,	t: 6240.00 s,	u1: 3.81,	u2: -0.01,	u3: 4.00,\目标处水位: -316.291, 误差百分比: 1.16%, IAQ累计: 0.66	OCP-solving-time: 4.83e+00 s
i 26  t [6240]
X0 [-0.22646639 -1.21554244 -2.2000463  -2.98551607 -3.16290951]
计算初值self.q_0 [3.77997065 3.79565263 3.81132579 3.82683754 3.84199572 3.85668087
 3.87142253 3.88636827 3.90140724 3.91678333 3.93206859 3.94710493
 3.96100593 3.97312546 3.98288608 3.9893539  3.99323058 3.9954021
 3.99658298 3.99795914 4.00000095]
计算初值self.z_0 [-0.22646639 -0.4242816  -0.62209678 -0.81991202 -1.01772726 -1.21554244
 -1.41305292 -1.61086798 -1.80807364 -2.00497437 -2.2000463  -2.3914609
 -2.57525539 -2.74167609 -2.88035989 -2.98551607 -3.05744886 -3.10347366
 -3.13242984 -3.15102243]
(True, 3, ('Starting Unsteady Computations', 'Computing', 'Computations Completed'), True)
[-0.22981921 -1.21950483 -2.20400882 -2.98704004 -3.16382408]
下一阶段的初值 [3.75997853 3.77254319 3.78577566 3.79957151 3.81397057 3.82876325
 3.84394407 3.85920119 3.87420607 3.8893528  3.90446806 3.91916203
 3.9330287  3.94518542 3.95595098 3.96446896 3.9708941  3.9778285
 3.98489404 3.99179173 4.00000095]
下一阶段初值 [-0.22981921 -0.42793921 -0.62605917 -0.82387441 -1.02168965 -1.21950483
 -1.41701531 -1.61483037 -1.81234086 -2.00893688 -2.20400882 -2.39542317
 -2.57860804 -2.7444191  -2.8824935  -2.98704004 -3.05836344 -3.1040833
 -3.13334394 -3.15193677]
i 27  t INFO:root:	Iter: 027/299,	J: 1.03e-02,	t: 6480.00 s,	u1: 3.78,	u2: -0.01,	u3: 4.00,\目标处水位: -316.382, 误差百分比: 1.13%, IAQ累计: 0.66	OCP-solving-time: 4.86e+00 s
[6480]
X0 [-0.22981921 -1.21950483 -2.20400882 -2.98704004 -3.16382408]
计算初值self.q_0 [3.75997853 3.77254319 3.78577566 3.79957151 3.81397057 3.82876325
 3.84394407 3.85920119 3.87420607 3.8893528  3.90446806 3.91916203
 3.9330287  3.94518542 3.95595098 3.96446896 3.9708941  3.9778285
 3.98489404 3.99179173 4.00000095]
计算初值self.z_0 [-0.22981921 -0.42793921 -0.62605917 -0.82387441 -1.02168965 -1.21950483
 -1.41701531 -1.61483037 -1.81234086 -2.00893688 -2.20400882 -2.39542317
 -2.57860804 -2.7444191  -2.8824935  -2.98704004 -3.05836344 -3.1040833
 -3.13334394 -3.15193677]
(True, 3, ('Starting Unsteady Computations', 'Computing', 'Computations Completed'), True)
[-0.23408641 -1.22316241 -2.2079711  -2.98917365 -3.16565275]
下一阶段的初值 [3.72997141 3.74530768 3.76035833 3.7752471  3.78957844 3.80365467
 3.81783605 3.83207035 3.8467617  3.86165333 3.87683654 3.89175677
 3.90530086 3.91838598 3.93059039 3.94154072 3.95200658 3.96223474
 3.97328687 3.98588204 4.00000095]
下一阶段初值 [-0.23408641 -0.43190163 -0.62971681 -0.82753199 -1.02534723 -1.22316241
 -1.42097771 -1.61879277 -1.81630325 -2.01289916 -2.2079711  -2.39938569
 -2.58226562 -2.74746728 -2.88493204 -2.98917365 -3.06019211 -3.10591197
 -3.13486791 -3.15346074]
INFO:root:	Iter: 028/299,	J: 8.91e-03,	t: 6720.00 s,	u1: 3.76,	u2: -0.01,	u3: 4.00,\目标处水位: -316.565, 误差百分比: 1.07%, IAQ累计: 0.66	OCP-solving-time: 5.04e+00 s
i 28  t [6720]
X0 [-0.23408641 -1.22316241 -2.2079711  -2.98917365 -3.16565275]
计算初值self.q_0 [3.72997141 3.74530768 3.76035833 3.7752471  3.78957844 3.80365467
 3.81783605 3.83207035 3.8467617  3.86165333 3.87683654 3.89175677
 3.90530086 3.91838598 3.93059039 3.94154072 3.95200658 3.96223474
 3.97328687 3.98588204 4.00000095]
计算初值self.z_0 [-0.23408641 -0.43190163 -0.62971681 -0.82753199 -1.02534723 -1.22316241
 -1.42097771 -1.61879277 -1.81630325 -2.01289916 -2.2079711  -2.39938569
 -2.58226562 -2.74746728 -2.88493204 -2.98917365 -3.06019211 -3.10591197
 -3.13486791 -3.15346074]
(True, 3, ('Starting Unsteady Computations', 'Computing', 'Computations Completed'), True)
[-0.23835361 -1.22712481 -2.21193361 -2.99191689 -3.1687007 ]
下一阶段的初值 [3.69996691 3.7162149  3.73180342 3.74691892 3.76212811 3.77721262
 3.79191709 3.80660534 3.82142043 3.83584499 3.85018754 3.86451888
 3.87842536 3.89178228 3.90519071 3.91802955 3.93042064 3.94456482
 3.96120381 3.97975445 4.00000095]
下一阶段初值 [-0.23835361 -0.43616879 -0.63367921 -0.83149439 -1.02930963 -1.22712481
 -1.42494011 -1.62275517 -1.81996083 -2.01686168 -2.21193361 -2.40304327
 -2.58592319 -2.75081992 -2.88798022 -2.99191689 -3.06263065 -3.10835052
 -3.13730645 -3.15620399]
INFO:root:	Iter: 029/299,	J: 7.19e-03,	t: 6960.00 s,	u1: 3.73,	u2: -0.01,	u3: 4.00,\目标处水位: -316.870, 误差百分比: 0.98%, IAQ累计: 0.66	OCP-solving-time: 4.80e+00 s
i 29  t [6960]
X0 [-0.23835361 -1.22712481 -2.21193361 -2.99191689 -3.1687007 ]
计算初值self.q_0 [3.69996691 3.7162149  3.73180342 3.74691892 3.76212811 3.77721262
 3.79191709 3.80660534 3.82142043 3.83584499 3.85018754 3.86451888
 3.87842536 3.89178228 3.90519071 3.91802955 3.93042064 3.94456482
 3.96120381 3.97975445 4.00000095]
计算初值self.z_0 [-0.23835361 -0.43616879 -0.63367921 -0.83149439 -1.02930963 -1.22712481
 -1.42494011 -1.62275517 -1.81996083 -2.01686168 -2.21193361 -2.40304327
 -2.58592319 -2.75081992 -2.88798022 -2.99191689 -3.06263065 -3.10835052
 -3.13730645 -3.15620399]
(True, 3, ('Starting Unsteady Computations', 'Computing', 'Computations Completed'), True)
[-0.2417064  -1.23108721 -2.21589613 -2.99526954 -3.17235851]
下一阶段的初值 [3.67998099 3.69226456 3.70540643 3.71918535 3.73364115 3.74869442
 3.76405358 3.77945518 3.79417706 3.80892181 3.82351303 3.83801413
 3.85285783 3.86599445 3.88016105 3.89560795 3.91079164 3.92857742
 3.94926286 3.97290707 4.00000095]
下一阶段初值 [-0.2417064  -0.4398264  -0.63764161 -0.83576167 -1.03327203 -1.23108721
 -1.42890251 -1.62671757 -1.82392323 -2.02082396 -2.21589613 -2.40700555
 -2.58958101 -2.7541728  -2.89133286 -2.99526954 -3.0659833  -3.11170316
 -3.14096403 -3.15986156]
INFO:root:	Iter: 030/299,	J: 5.25e-03,	t: 7200.00 s,	u1: 3.70,	u2: -0.01,	u3: 4.00,\目标处水位: -317.236, 误差百分比: 0.86%, IAQ累计: 0.66	OCP-solving-time: 5.51e+00 s
i 30  t [7200]
X0 [-0.2417064  -1.23108721 -2.21589613 -2.99526954 -3.17235851]
计算初值self.q_0 [3.67998099 3.69226456 3.70540643 3.71918535 3.73364115 3.74869442
 3.76405358 3.77945518 3.79417706 3.80892181 3.82351303 3.83801413
 3.85285783 3.86599445 3.88016105 3.89560795 3.91079164 3.92857742
 3.94926286 3.97290707 4.00000095]
计算初值self.z_0 [-0.2417064  -0.4398264  -0.63764161 -0.83576167 -1.03327203 -1.23108721
 -1.42890251 -1.62671757 -1.82392323 -2.02082396 -2.21589613 -2.40700555
 -2.58958101 -2.7541728  -2.89133286 -2.99526954 -3.0659833  -3.11170316
 -3.14096403 -3.15986156]
(True, 3, ('Starting Unsteady Computations', 'Computing', 'Computations Completed'), True)
[-0.25298399 -1.23504961 -2.21985841 -2.99892712 -3.17723513]
下一阶段的初值 [3.56988764 3.61607265 3.65385866 3.68381786 3.70679975 3.72456884
 3.73868179 3.75180364 3.7659595  3.78138351 3.79669976 3.81115866
 3.82552958 3.84019756 3.85590219 3.87225795 3.89083385 3.91269445
 3.93783379 3.96720719 4.00000095]
下一阶段初值 [-0.25298399 -0.44775119 -0.64343286 -0.84002882 -1.03723443 -1.23504961
 -1.4328649  -1.63067997 -1.82819045 -2.02478647 -2.21985841 -2.41096807
 -2.59354329 -2.75783062 -2.89499044 -2.99892712 -3.06994557 -3.11597037
 -3.14523125 -3.16443372]
INFO:root:	Iter: 031/299,	J: 3.57e-03,	t: 7440.00 s,	u1: 3.68,	u2: -0.03,	u3: 4.00,\目标处水位: -317.724, 误差百分比: 0.71%, IAQ累计: 0.66	OCP-solving-time: 5.70e+00 s
i 31  t [7440]
X0 [-0.25298399 -1.23504961 -2.21985841 -2.99892712 -3.17723513]
计算初值self.q_0 [3.56988764 3.61607265 3.65385866 3.68381786 3.70679975 3.72456884
 3.73868179 3.75180364 3.7659595  3.78138351 3.79669976 3.81115866
 3.82552958 3.84019756 3.85590219 3.87225795 3.89083385 3.91269445
 3.93783379 3.96720719 4.00000095]
计算初值self.z_0 [-0.25298399 -0.44775119 -0.64343286 -0.84002882 -1.03723443 -1.23504961
 -1.4328649  -1.63067997 -1.82819045 -2.02478647 -2.21985841 -2.41096807
 -2.59354329 -2.75783062 -2.89499044 -2.99892712 -3.06994557 -3.11597037
 -3.14523125 -3.16443372]
(True, 3, ('Starting Unsteady Computations', 'Computing', 'Computations Completed'), True)
[-0.27005279 -1.24084079 -2.22382092 -3.00349927 -3.18302631]
下一阶段的初值 [3.42985821 3.49481702 3.55233693 3.60122323 3.64177871 3.67438245
 3.70021319 3.72122455 3.73879194 3.75495529 3.76972246 3.78370547
 3.79853487 3.81349182 3.83058667 3.85003757 3.87107706 3.89631867
 3.92688107 3.96172786 4.00000095]
下一阶段初值 [-0.27005279 -0.46207681 -0.65501517 -0.84947759 -1.04454958 -1.24084079
 -1.43743682 -1.63494718 -1.83215284 -2.02874875 -2.22382092 -2.41493034
 -2.59750581 -2.7617929  -2.89925766 -3.00349927 -3.07451749 -3.12084723
 -3.1507175  -3.16991997]
INFO:root:	Iter: 032/299,	J: 2.11e-03,	t: 7680.00 s,	u1: 3.57,	u2: -0.03,	u3: 4.00,\目标处水位: -318.303, 误差百分比: 0.53%, IAQ累计: 0.66	OCP-solving-time: 5.90e+00 s
i 32  t [7680]
X0 [-0.27005279 -1.24084079 -2.22382092 -3.00349927 -3.18302631]
计算初值self.q_0 [3.42985821 3.49481702 3.55233693 3.60122323 3.64177871 3.67438245
 3.70021319 3.72122455 3.73879194 3.75495529 3.76972246 3.78370547
 3.79853487 3.81349182 3.83058667 3.85003757 3.87107706 3.89631867
 3.92688107 3.96172786 4.00000095]
计算初值self.z_0 [-0.27005279 -0.46207681 -0.65501517 -0.84947759 -1.04454958 -1.24084079
 -1.43743682 -1.63494718 -1.83215284 -2.02874875 -2.22382092 -2.41493034
 -2.59750581 -2.7617929  -2.89925766 -3.00349927 -3.07451749 -3.12084723
 -3.1507175  -3.16991997]
(True, 3, ('Starting Unsteady Computations', 'Computing', 'Computations Completed'), True)
[-0.28895041 -1.2505945  -2.2280879  -3.00837588 -3.18973207]
下一阶段的初值 [3.28985691 3.36106515 3.42743707 3.48801541 3.54229879 3.59000134
 3.6308825  3.66515422 3.69383621 3.71755433 3.73766518 3.75559521
 3.77185225 3.78757644 3.80599642 3.82706428 3.85077691 3.87965727
 3.91424322 3.95454931 4.00000095]
下一阶段初值 [-0.28895041 -0.4794504  -0.67086482 -0.86319363 -1.0564369  -1.2505945
 -1.44566643 -1.64134812 -1.83763921 -2.0336256  -2.2280879  -2.41919756
 -2.60146809 -2.76575541 -2.90382981 -3.00837588 -3.08000398 -3.12663865
 -3.15681386 -3.17662573]
INFO:root:	Iter: 033/299,	J: 1.06e-03,	t: 7920.00 s,	u1: 3.43,	u2: -0.04,	u3: 4.00,\目标处水位: -318.973, 误差百分比: 0.32%, IAQ累计: 0.66	OCP-solving-time: 5.69e+00 s
i 33  t [7920]
X0 [-0.28895041 -1.2505945  -2.2280879  -3.00837588 -3.18973207]
计算初值self.q_0 [3.28985691 3.36106515 3.42743707 3.48801541 3.54229879 3.59000134
 3.6308825  3.66515422 3.69383621 3.71755433 3.73766518 3.75559521
 3.77185225 3.78757644 3.80599642 3.82706428 3.85077691 3.87965727
 3.91424322 3.95454931 4.00000095]
计算初值self.z_0 [-0.28895041 -0.4794504  -0.67086482 -0.86319363 -1.0564369  -1.2505945
 -1.44566643 -1.64134812 -1.83763921 -2.0336256  -2.2280879  -2.41919756
 -2.60146809 -2.76575541 -2.90382981 -3.00837588 -3.08000398 -3.12663865
 -3.15681386 -3.17662573]
(True, 3, ('Starting Unsteady Computations', 'Computing', 'Computations Completed'), True)
[-0.3087624  -1.26400554 -2.23418403 -3.01386237 -3.19735193]
下一阶段的初值 [3.14985824 3.22427201 3.29579496 3.36334467 3.42631006 3.48416138
 3.53638887 3.58263326 3.62312078 3.65804958 3.6880939  3.71393824
 3.73650408 3.75699997 3.77867651 3.80347061 3.83138514 3.86435461
 3.9034462  3.94867396 4.00000095]
下一阶段初值 [-0.3087624  -0.49865282 -0.68884802 -0.8796528  -1.07137203 -1.26400554
 -1.45724881 -1.65140653 -1.84617364 -2.04063606 -2.23418403 -2.42437911
 -2.6063447  -2.77032709 -2.90870643 -3.01386237 -3.0861001  -3.13334394
 -3.16412878 -3.18394089]
INFO:root:	Iter: 034/299,	J: 3.52e-04,	t: 8160.00 s,	u1: 3.29,	u2: -0.04,	u3: 4.00,\目标处水位: -319.735, 误差百分比: 0.08%, IAQ累计: 0.66	OCP-solving-time: 5.58e+00 s
i 34  t [8160]
X0 [-0.3087624  -1.26400554 -2.23418403 -3.01386237 -3.19735193]
计算初值self.q_0 [3.14985824 3.22427201 3.29579496 3.36334467 3.42631006 3.48416138
 3.53638887 3.58263326 3.62312078 3.65804958 3.6880939  3.71393824
 3.73650408 3.75699997 3.77867651 3.80347061 3.83138514 3.86435461
 3.9034462  3.94867396 4.00000095]
计算初值self.z_0 [-0.3087624  -0.49865282 -0.68884802 -0.8796528  -1.07137203 -1.26400554
 -1.45724881 -1.65140653 -1.84617364 -2.04063606 -2.23418403 -2.42437911
 -2.6063447  -2.77032709 -2.90870643 -3.01386237 -3.0861001  -3.13334394
 -3.16412878 -3.18394089]
(True, 3, ('Starting Unsteady Computations', 'Computing', 'Computations Completed'), True)
[-0.32918403 -1.27985513 -2.2430234  -3.02087283 -3.20558167]
下一阶段的初值 [3.00985694 3.08595848 3.15996194 3.23181868 3.30031991 3.3649559
 3.42584848 3.48110318 3.53175068 3.57767773 3.6173439  3.65348196
 3.68496156 3.71253967 3.7429688  3.77385974 3.80487537 3.84109235
 3.8843236  3.93430853 3.98999953]
下一阶段初值 [-0.32918403 -0.5184648  -0.70805037 -0.89794081 -1.0884409  -1.27985513
 -1.47157443 -1.66451275 -1.8574512  -2.05069447 -2.2430234  -2.43199921
 -2.61305046 -2.77642322 -2.91510725 -3.02087283 -3.09311032 -3.14065909
 -3.17144394 -3.19186568]
INFO:root:	Iter: 035/299,	J: 8.41e-05,	t: 8400.00 s,	u1: 3.15,	u2: -0.04,	u3: 3.99,\目标处水位: -320.558, 误差百分比: 0.17%, IAQ累计: 0.66	OCP-solving-time: 5.63e+00 s
i 35  t [8400]
X0 [-0.32918403 -1.27985513 -2.2430234  -3.02087283 -3.20558167]
计算初值self.q_0 [3.00985694 3.08595848 3.15996194 3.23181868 3.30031991 3.3649559
 3.42584848 3.48110318 3.53175068 3.57767773 3.6173439  3.65348196
 3.68496156 3.71253967 3.7429688  3.77385974 3.80487537 3.84109235
 3.8843236  3.93430853 3.98999953]
计算初值self.z_0 [-0.32918403 -0.5184648  -0.70805037 -0.89794081 -1.0884409  -1.27985513
 -1.47157443 -1.66451275 -1.8574512  -2.05069447 -2.2430234  -2.43199921
 -2.61305046 -2.77642322 -2.91510725 -3.02087283 -3.09311032 -3.14065909
 -3.17144394 -3.19186568]
(True, 3, ('Starting Unsteady Computations', 'Computing', 'Computations Completed'), True)
[-0.3493008  -1.296924   -2.2536912  -3.03154087 -3.19735193]
下一阶段的初值 [2.8698585  2.94674444 3.02147818 3.09826231 3.17009902 3.23403311
 3.30900478 3.3659668  3.42081094 3.48848534 3.52128458 3.57529354
 3.62484789 3.63359809 3.69868159 3.7522738  3.73790026 3.70988059
 3.70355439 3.71833897 3.73199892]
下一阶段初值 [-0.3493008  -0.53919125 -0.72786242 -0.91653359 -1.10764325 -1.296924
 -1.48833835 -1.68005764 -1.87086248 -2.06441045 -2.2536912  -2.44205761
 -2.6234138  -2.7825191  -2.92364168 -3.03154087 -3.10042572 -3.14157367
 -3.1680913  -3.1860745 ]
INFO:root:	Iter: 036/299,	J: 7.45e-05,	t: 8640.00 s,	u1: 3.01,	u2: -0.03,	u3: 3.73,\目标处水位: -319.735, 误差百分比: 0.08%, IAQ累计: 0.92	OCP-solving-time: 7.00e+00 s
i 36  t [8640]
X0 [-0.3493008  -1.296924   -2.2536912  -3.03154087 -3.19735193]
计算初值self.q_0 [2.8698585  2.94674444 3.02147818 3.09826231 3.17009902 3.23403311
 3.30900478 3.3659668  3.42081094 3.48848534 3.52128458 3.57529354
 3.62484789 3.63359809 3.69868159 3.7522738  3.73790026 3.70988059
 3.70355439 3.71833897 3.73199892]
计算初值self.z_0 [-0.3493008  -0.53919125 -0.72786242 -0.91653359 -1.10764325 -1.296924
 -1.48833835 -1.68005764 -1.87086248 -2.06441045 -2.2536912  -2.44205761
 -2.6234138  -2.7825191  -2.92364168 -3.03154087 -3.10042572 -3.14157367
 -3.1680913  -3.1860745 ]
(True, 3, ('Starting Unsteady Computations', 'Computing', 'Computations Completed'), True)
[-0.35295841 -1.31643116 -2.26832151 -3.03215051 -3.20375276]
下一阶段的初值 [2.91004014 2.9151938  2.93858075 2.9787879  3.03429151 3.10374427
 3.17500639 3.2445159  3.30993342 3.36909032 3.4249649  3.47780418
 3.53245282 3.57826972 3.60091448 3.6221211  3.65232658 3.68574619
 3.71864438 3.74817944 3.77999878]
下一阶段初值 [-0.35295841 -0.54924965 -0.74340719 -0.935736   -1.12623596 -1.31643116
 -1.50632155 -1.69651687 -1.88762641 -2.07843113 -2.26832151 -2.45455456
 -2.63377666 -2.79593062 -2.93126154 -3.03215051 -3.10042572 -3.14492631
 -3.17357755 -3.19156075]
INFO:root:	Iter: 037/299,	J: 6.04e-05,	t: 8880.00 s,	u1: 2.87,	u2: 0.01,	u3: 3.78,\目标处水位: -320.375, 误差百分比: 0.12%, IAQ累计: 0.97	OCP-solving-time: 5.72e+00 s
i 37  t [8880]
X0 [-0.35295841 -1.31643116 -2.26832151 -3.03215051 -3.20375276]
计算初值self.q_0 [2.91004014 2.9151938  2.93858075 2.9787879  3.03429151 3.10374427
 3.17500639 3.2445159  3.30993342 3.36909032 3.4249649  3.47780418
 3.53245282 3.57826972 3.60091448 3.6221211  3.65232658 3.68574619
 3.71864438 3.74817944 3.77999878]
计算初值self.z_0 [-0.35295841 -0.54924965 -0.74340719 -0.935736   -1.12623596 -1.31643116
 -1.50632155 -1.69651687 -1.88762641 -2.07843113 -2.26832151 -2.45455456
 -2.63377666 -2.79593062 -2.93126154 -3.03215051 -3.10042572 -3.14492631
 -3.17357755 -3.19156075]
(True, 3, ('Starting Unsteady Computations', 'Computing', 'Computations Completed'), True)
[-0.34899598 -1.33136642 -2.28356171 -3.04251385 -3.19796157]
下一阶段的初值 [2.96005058 2.94568253 2.94332647 2.95469856 2.97886157 3.01220441
 3.06700039 3.12063813 3.18053102 3.25311565 3.30676484 3.37437415
 3.43272114 3.46066976 3.52810359 3.58072472 3.57984114 3.56782341
 3.56722879 3.58439469 3.5999999 ]
下一阶段初值 [-0.34899598 -0.54985923 -0.74797922 -0.9436608  -1.13934243 -1.33136642
 -1.52339041 -1.71480477 -1.90439045 -2.09549999 -2.28356171 -2.46979427
 -2.64779782 -2.80385542 -2.94040585 -3.04251385 -3.10713124 -3.14614558
 -3.17113924 -3.18759847]
INFO:root:	Iter: 038/299,	J: 4.64e-05,	t: 9120.00 s,	u1: 2.91,	u2: 0.01,	u3: 3.60,\目标处水位: -319.796, 误差百分比: 0.06%, IAQ累计: 1.15	OCP-solving-time: 5.80e+00 s
i 38  t [9120]
X0 [-0.34899598 -1.33136642 -2.28356171 -3.04251385 -3.19796157]
计算初值self.q_0 [2.96005058 2.94568253 2.94332647 2.95469856 2.97886157 3.01220441
 3.06700039 3.12063813 3.18053102 3.25311565 3.30676484 3.37437415
 3.43272114 3.46066976 3.52810359 3.58072472 3.57984114 3.56782341
 3.56722879 3.58439469 3.5999999 ]
计算初值self.z_0 [-0.34899598 -0.54985923 -0.74797922 -0.9436608  -1.13934243 -1.33136642
 -1.52339041 -1.71480477 -1.90439045 -2.09549999 -2.28356171 -2.46979427
 -2.64779782 -2.80385542 -2.94040585 -3.04251385 -3.10713124 -3.14614558
 -3.17113924 -3.18759847]
(True, 3, ('Starting Unsteady Computations', 'Computing', 'Computations Completed'), True)
[-0.3438144  -1.33990073 -2.30032563 -3.04678082 -3.19918084]
下一阶段的初值 [3.01004958 2.98921418 2.97443819 2.9681747  2.97000098 2.98332143
 3.00972676 3.04316902 3.0885551  3.14453483 3.19583654 3.25722456
 3.32150078 3.36867666 3.41525817 3.45106459 3.47071934 3.48712611
 3.50637031 3.5315752  3.55700088]
下一阶段初值 [-0.3438144  -0.54589683 -0.74645519 -0.9457944  -1.14360964 -1.33990073
 -1.53466797 -1.72821605 -1.92024004 -2.11165452 -2.30032563 -2.4853394
 -2.6621232  -2.8184855  -2.95046425 -3.04678082 -3.10926485 -3.14827943
 -3.17296791 -3.1888175 ]
INFO:root:	Iter: 039/299,	J: 4.40e-05,	t: 9360.00 s,	u1: 2.96,	u2: 0.01,	u3: 3.56,\目标处水位: -319.918, 误差百分比: 0.03%, IAQ累计: 1.20	OCP-solving-time: 4.70e+00 s
i 39  t [9360]
X0 [-0.3438144  -1.33990073 -2.30032563 -3.04678082 -3.19918084]
计算初值self.q_0 [3.01004958 2.98921418 2.97443819 2.9681747  2.97000098 2.98332143
 3.00972676 3.04316902 3.0885551  3.14453483 3.19583654 3.25722456
 3.32150078 3.36867666 3.41525817 3.45106459 3.47071934 3.48712611
 3.50637031 3.5315752  3.55700088]
计算初值self.z_0 [-0.3438144  -0.54589683 -0.74645519 -0.9457944  -1.14360964 -1.33990073
 -1.53466797 -1.72821605 -1.92024004 -2.11165452 -2.30032563 -2.4853394
 -2.6621232  -2.8184855  -2.95046425 -3.04678082 -3.10926485 -3.14827943
 -3.17296791 -3.1888175 ]
(True, 3, ('Starting Unsteady Computations', 'Computing', 'Computations Completed'), True)
[-0.33802319 -1.34203434 -2.31434631 -3.05561996 -3.19704723]
下一阶段的初值 [3.05003858 3.02991366 3.01225257 2.9992466  2.99001265 2.98560929
 2.9964292  3.00848079 3.03317595 3.07331228 3.10798621 3.16204596
 3.21690416 3.25667238 3.31652856 3.36061502 3.36990309 3.37234378
 3.3852365  3.40958905 3.43400097]
下一阶段初值 [-0.33802319 -0.54101998 -0.74279761 -0.94335604 -1.14391446 -1.34203434
 -1.54015446 -1.73644567 -1.93060327 -2.12445593 -2.31434631 -2.50088406
 -2.67705846 -2.83098245 -2.96143675 -3.05561996 -3.11444664 -3.1501081
 -3.17266345 -3.18759847]
INFO:root:	Iter: 040/299,	J: 3.51e-05,	t: 9600.00 s,	u1: 3.01,	u2: 0.01,	u3: 3.43,\目标处水位: -319.705, 误差百分比: 0.09%, IAQ累计: 1.32	OCP-solving-time: 5.00e+00 s
i 40  t [9600]
X0 [-0.33802319 -1.34203434 -2.31434631 -3.05561996 -3.19704723]
计算初值self.q_0 [3.05003858 3.02991366 3.01225257 2.9992466  2.99001265 2.98560929
 2.9964292  3.00848079 3.03317595 3.07331228 3.10798621 3.16204596
 3.21690416 3.25667238 3.31652856 3.36061502 3.36990309 3.37234378
 3.3852365  3.40958905 3.43400097]
计算初值self.z_0 [-0.33802319 -0.54101998 -0.74279761 -0.94335604 -1.14391446 -1.34203434
 -1.54015446 -1.73644567 -1.93060327 -2.12445593 -2.31434631 -2.50088406
 -2.67705846 -2.83098245 -2.96143675 -3.05561996 -3.11444664 -3.1501081
 -3.17266345 -3.18759847]
(True, 3, ('Starting Unsteady Computations', 'Computing', 'Computations Completed'), True)
[-0.33192721 -1.34142482 -2.32470965 -3.06141114 -3.19979048]
下一阶段的初值 [3.10005188 3.0751245  3.05291271 3.03436255 3.0185163  3.00759435
 3.00505161 3.00479388 3.01437068 3.03504491 3.05602193 3.09276319
 3.13684416 3.17341805 3.21432185 3.24702477 3.2675035  3.28684115
 3.31234312 3.34674263 3.38499856]
下一阶段初值 [-0.33192721 -0.53522885 -0.73761606 -0.9396984  -1.14117122 -1.34142482
 -1.54106891 -1.73949361 -1.93639445 -2.13238072 -2.32470965 -2.51277137
 -2.68985987 -2.84469843 -2.97149515 -3.06141114 -3.11840892 -3.15376568
 -3.17571115 -3.19034171]
INFO:root:	Iter: 041/299,	J: 4.10e-05,	t: 9840.00 s,	u1: 3.05,	u2: 0.01,	u3: 3.38,\目标处水位: -319.979, 误差百分比: 0.01%, IAQ累计: 1.37	OCP-solving-time: 4.56e+00 s
i 41  t [9840]
X0 [-0.33192721 -1.34142482 -2.32470965 -3.06141114 -3.19979048]
计算初值self.q_0 [3.10005188 3.0751245  3.05291271 3.03436255 3.0185163  3.00759435
 3.00505161 3.00479388 3.01437068 3.03504491 3.05602193 3.09276319
 3.13684416 3.17341805 3.21432185 3.24702477 3.2675035  3.28684115
 3.31234312 3.34674263 3.38499856]
计算初值self.z_0 [-0.33192721 -0.53522885 -0.73761606 -0.9396984  -1.14117122 -1.34142482
 -1.54106891 -1.73949361 -1.93639445 -2.13238072 -2.32470965 -2.51277137
 -2.68985987 -2.84469843 -2.97149515 -3.06141114 -3.11840892 -3.15376568
 -3.17571115 -3.19034171]
(True, 3, ('Starting Unsteady Computations', 'Computing', 'Computations Completed'), True)
[-0.3258312  -1.33807194 -2.33050084 -3.06903124 -3.19918084]
下一阶段的初值 [3.14004111 3.11760259 3.09671879 3.07631946 3.05700731 3.03823042
 3.02966738 3.01855898 3.01597071 3.02635741 3.03059912 3.0558691
 3.08452582 3.10200858 3.14558816 3.17894244 3.18344498 3.18555737
 3.2001009  3.23001218 3.26300097]
下一阶段初值 [-0.3258312  -0.52913278 -0.73212957 -0.93421203 -1.13720882 -1.33807194
 -1.53954482 -1.73979843 -1.93822324 -2.13634324 -2.33050084 -2.52100086
 -2.69991827 -2.8538425  -2.98002982 -3.06903124 -3.12359047 -3.15620399
 -3.17693043 -3.19064665]
INFO:root:	Iter: 042/299,	J: 2.12e-05,	t: 10080.00 s,	u1: 3.10,	u2: 0.01,	u3: 3.26,\目标处水位: -319.918, 误差百分比: 0.03%, IAQ累计: 1.49	OCP-solving-time: 4.48e+00 s
i 42  t [10080]
X0 [-0.3258312  -1.33807194 -2.33050084 -3.06903124 -3.19918084]
计算初值self.q_0 [3.14004111 3.11760259 3.09671879 3.07631946 3.05700731 3.03823042
 3.02966738 3.01855898 3.01597071 3.02635741 3.03059912 3.0558691
 3.08452582 3.10200858 3.14558816 3.17894244 3.18344498 3.18555737
 3.2001009  3.23001218 3.26300097]
计算初值self.z_0 [-0.3258312  -0.52913278 -0.73212957 -0.93421203 -1.13720882 -1.33807194
 -1.53954482 -1.73979843 -1.93822324 -2.13634324 -2.33050084 -2.52100086
 -2.69991827 -2.8538425  -2.98002982 -3.06903124 -3.12359047 -3.15620399
 -3.17693043 -3.19064665]
(True, 3, ('Starting Unsteady Computations', 'Computing', 'Computations Completed'), True)
[-0.3297936  -1.33350003 -2.33354878 -3.07238412 -3.20222878]
下一阶段的初值 [3.07994127 3.09777236 3.10585666 3.1052649  3.09475088 3.0785737
 3.06253481 3.04459047 3.03460026 3.0334053  3.0298233  3.03909707
 3.05666184 3.06877017 3.08919239 3.10741997 3.11846066 3.13155437
 3.1520927  3.18234897 3.21500111]
下一阶段初值 [-0.3297936  -0.52882802 -0.72877681 -0.92994487 -1.13172245 -1.33350003
 -1.53588724 -1.73736    -1.93730879 -2.13695288 -2.33354878 -2.52526808
 -2.7057097  -2.86146235 -2.98582077 -3.07238412 -3.12633371 -3.15955687
 -3.18028331 -3.19369435]
INFO:root:	Iter: 043/299,	J: 2.05e-05,	t: 10320.00 s,	u1: 3.14,	u2: -0.02,	u3: 3.21,\目标处水位: -320.223, 误差百分比: 0.07%, IAQ累计: 1.54	OCP-solving-time: 4.40e+00 s
i 43  t [10320]
X0 [-0.3297936  -1.33350003 -2.33354878 -3.07238412 -3.20222878]
计算初值self.q_0 [3.07994127 3.09777236 3.10585666 3.1052649  3.09475088 3.0785737
 3.06253481 3.04459047 3.03460026 3.0334053  3.0298233  3.03909707
 3.05666184 3.06877017 3.08919239 3.10741997 3.11846066 3.13155437
 3.1520927  3.18234897 3.21500111]
计算初值self.z_0 [-0.3297936  -0.52882802 -0.72877681 -0.92994487 -1.13172245 -1.33350003
 -1.53588724 -1.73736    -1.93730879 -2.13695288 -2.33354878 -2.52526808
 -2.7057097  -2.86146235 -2.98582077 -3.07238412 -3.12633371 -3.15955687
 -3.18028331 -3.19369435]
(True, 3, ('Starting Unsteady Computations', 'Computing', 'Computations Completed'), True)
[-0.33741361 -1.3307569  -2.33293915 -3.07634664 -3.20161915]
下一阶段的初值 [3.00993061 3.03923559 3.06322289 3.08043671 3.08895159 3.08847022
 3.08716202 3.07508469 3.06335306 3.0570755  3.04313779 3.04450846
 3.04880404 3.04634619 3.06777644 3.08398771 3.08008003 3.07680082
 3.08312678 3.10056162 3.12000108]
下一阶段初值 [-0.33741361 -0.53461921 -0.73212957 -0.93085921 -1.130808   -1.3307569
 -1.53222966 -1.73370254 -1.93426085 -2.13542891 -2.33293915 -2.52709699
 -2.70875764 -2.8645103  -2.98978329 -3.07634664 -3.12938166 -3.16108084
 -3.18089271 -3.19369435]
INFO:root:	Iter: 044/299,	J: 3.05e-05,	t: 10560.00 s,	u1: 3.08,	u2: -0.02,	u3: 3.12,\目标处水位: -320.162, 误差百分比: 0.05%, IAQ累计: 1.63	OCP-solving-time: 4.84e+00 s
i 44  t [10560]
X0 [-0.33741361 -1.3307569  -2.33293915 -3.07634664 -3.20161915]
计算初值self.q_0 [3.00993061 3.03923559 3.06322289 3.08043671 3.08895159 3.08847022
 3.08716202 3.07508469 3.06335306 3.0570755  3.04313779 3.04450846
 3.04880404 3.04634619 3.06777644 3.08398771 3.08008003 3.07680082
 3.08312678 3.10056162 3.12000108]
计算初值self.z_0 [-0.33741361 -0.53461921 -0.73212957 -0.93085921 -1.130808   -1.3307569
 -1.53222966 -1.73370254 -1.93426085 -2.13542891 -2.33293915 -2.52709699
 -2.70875764 -2.8645103  -2.98978329 -3.07634664 -3.12938166 -3.16108084
 -3.18089271 -3.19369435]
(True, 3, ('Starting Unsteady Computations', 'Computing', 'Computations Completed'), True)
[-0.3477768  -1.33228076 -2.33141518 -3.07634664 -3.20497203]
下一阶段的初值 [2.92991853 2.96841812 3.00199628 3.03045201 3.05180287 3.06756115
 3.07649517 3.07876897 3.07750607 3.07317638 3.06564116 3.05949068
 3.05748034 3.05528021 3.05230117 3.05387568 3.06213284 3.07449579
 3.08913875 3.10599852 3.12499905]
下一阶段初值 [-0.3477768  -0.54315358 -0.73913997 -0.93604082 -1.13385606 -1.33228076
 -1.53192484 -1.73217845 -1.93243206 -2.13268566 -2.33141518 -2.52587748
 -2.70875764 -2.86694884 -2.99069762 -3.07634664 -3.13029623 -3.16351914
 -3.18394089 -3.1967423 ]
INFO:root:	Iter: 045/299,	J: 4.51e-05,	t: 10800.00 s,	u1: 3.01,	u2: -0.02,	u3: 3.12,\目标处水位: -320.497, 误差百分比: 0.16%, IAQ累计: 1.64	OCP-solving-time: 5.04e+00 s
i 45  t [10800]
X0 [-0.3477768  -1.33228076 -2.33141518 -3.07634664 -3.20497203]
计算初值self.q_0 [2.92991853 2.96841812 3.00199628 3.03045201 3.05180287 3.06756115
 3.07649517 3.07876897 3.07750607 3.07317638 3.06564116 3.05949068
 3.05748034 3.05528021 3.05230117 3.05387568 3.06213284 3.07449579
 3.08913875 3.10599852 3.12499905]
计算初值self.z_0 [-0.3477768  -0.54315358 -0.73913997 -0.93604082 -1.13385606 -1.33228076
 -1.53192484 -1.73217845 -1.93243206 -2.13268566 -2.33141518 -2.52587748
 -2.70875764 -2.86694884 -2.99069762 -3.07634664 -3.13029623 -3.16351914
 -3.18394089 -3.1967423 ]
(True, 3, ('Starting Unsteady Computations', 'Computing', 'Computations Completed'), True)
[-0.35874963 -1.33715761 -2.3301959  -3.07848024 -3.20344806]
下一阶段的初值 [2.84991789 2.8908782  2.92964387 2.9650259  2.99599576 3.02073073
 3.0436306  3.05667901 3.06574321 3.07321882 3.07026815 3.07116294
 3.06832266 3.05875182 3.06698346 3.07229853 3.06154656 3.05101824
 3.04835391 3.0526948  3.05599928]
下一阶段初值 [-0.35874963 -0.55351681 -0.74828398 -0.9436608  -1.1405617  -1.33715761
 -1.53527772 -1.73370254 -1.93273687 -2.13238072 -2.3301959  -2.52496338
 -2.70784307 -2.86542487 -2.99130726 -3.07848024 -3.13181996 -3.16351914
 -3.18333125 -3.19552326]
i 46  t INFO:root:	Iter: 046/299,	J: 9.58e-05,	t: 11040.00 s,	u1: 2.93,	u2: -0.02,	u3: 3.06,\目标处水位: -320.345, 误差百分比: 0.11%, IAQ累计: 1.71	OCP-solving-time: 4.61e+00 s
[11040]
X0 [-0.35874963 -1.33715761 -2.3301959  -3.07848024 -3.20344806]
计算初值self.q_0 [2.84991789 2.8908782  2.92964387 2.9650259  2.99599576 3.02073073
 3.0436306  3.05667901 3.06574321 3.07321882 3.07026815 3.07116294
 3.06832266 3.05875182 3.06698346 3.07229853 3.06154656 3.05101824
 3.04835391 3.0526948  3.05599928]
计算初值self.z_0 [-0.35874963 -0.55351681 -0.74828398 -0.9436608  -1.1405617  -1.33715761
 -1.53527772 -1.73370254 -1.93273687 -2.13238072 -2.3301959  -2.52496338
 -2.70784307 -2.86542487 -2.99130726 -3.07848024 -3.13181996 -3.16351914
 -3.18333125 -3.19552326]
(True, 3, ('Starting Unsteady Computations', 'Computing', 'Computations Completed'), True)
[-0.36941761 -1.34447277 -2.33141518 -3.07634664 -3.20466733]
下一阶段的初值 [2.77993083 2.8184402  2.85652685 2.89409494 2.92889071 2.96178627
 2.99047995 3.0146029  3.03431988 3.04872489 3.0586102  3.06443477
 3.06904221 3.06977844 3.06428766 3.06116414 3.06311536 3.06624436
 3.06888628 3.07031631 3.07099891]
下一阶段初值 [-0.36941761 -0.56388003 -0.75834239 -0.95341444 -1.14879119 -1.34447277
 -1.54106891 -1.73827446 -1.93608975 -2.13420963 -2.33141518 -2.52465844
 -2.70723367 -2.86603451 -2.99069762 -3.07634664 -3.13060093 -3.16382408
 -3.18424559 -3.1967423 ]
i 47  t INFO:root:	Iter: 047/299,	J: 8.07e-05,	t: 11280.00 s,	u1: 2.85,	u2: -0.02,	u3: 3.07,\目标处水位: -320.467, 误差百分比: 0.15%, IAQ累计: 1.72	OCP-solving-time: 4.79e+00 s
[11280]
X0 [-0.36941761 -1.34447277 -2.33141518 -3.07634664 -3.20466733]
计算初值self.q_0 [2.77993083 2.8184402  2.85652685 2.89409494 2.92889071 2.96178627
 2.99047995 3.0146029  3.03431988 3.04872489 3.0586102  3.06443477
 3.06904221 3.06977844 3.06428766 3.06116414 3.06311536 3.06624436
 3.06888628 3.07031631 3.07099891]
计算初值self.z_0 [-0.36941761 -0.56388003 -0.75834239 -0.95341444 -1.14879119 -1.34447277
 -1.54106891 -1.73827446 -1.93608975 -2.13420963 -2.33141518 -2.52465844
 -2.70723367 -2.86603451 -2.99069762 -3.07634664 -3.13060093 -3.16382408
 -3.18424559 -3.1967423 ]
(True, 3, ('Starting Unsteady Computations', 'Computing', 'Computations Completed'), True)
[-0.38039041 -1.35331202 -2.33446312 -3.07756567 -3.20100951]
下一阶段的初值 [2.69991899 2.74223018 2.78371143 2.82321739 2.86092448 2.89542294
 2.93030071 2.95916152 2.98569727 3.01056767 3.02654696 3.04346919
 3.05360365 3.05533385 3.06771111 3.07378221 3.06378651 3.04962254
 3.03659368 3.02709627 3.01699853]
下一阶段初值 [-0.38039041 -0.57454801 -0.76901042 -0.96316803 -1.15823996 -1.35331202
 -1.54899359 -1.7452848  -1.941576   -2.13878179 -2.33446312 -2.52709699
 -2.70875764 -2.86572981 -2.99100232 -3.07756567 -3.13060093 -3.16230011
 -3.18150234 -3.19338965]
INFO:root:	Iter: 048/299,	J: 8.35e-05,	t: 11520.00 s,	u1: 2.78,	u2: -0.02,	u3: 3.02,\目标处水位: -320.101, 误差百分比: 0.03%, IAQ累计: 1.77	OCP-solving-time: 4.87e+00 s
i 48  t [11520]
X0 [-0.38039041 -1.35331202 -2.33446312 -3.07756567 -3.20100951]
计算初值self.q_0 [2.69991899 2.74223018 2.78371143 2.82321739 2.86092448 2.89542294
 2.93030071 2.95916152 2.98569727 3.01056767 3.02654696 3.04346919
 3.05360365 3.05533385 3.06771111 3.07378221 3.06378651 3.04962254
 3.03659368 3.02709627 3.01699853]
计算初值self.z_0 [-0.38039041 -0.57454801 -0.76901042 -0.96316803 -1.15823996 -1.35331202
 -1.54899359 -1.7452848  -1.941576   -2.13878179 -2.33446312 -2.52709699
 -2.70875764 -2.86572981 -2.99100232 -3.07756567 -3.13060093 -3.16230011
 -3.18150234 -3.19338965]
(True, 3, ('Starting Unsteady Computations', 'Computing', 'Computations Completed'), True)
[-0.3752088  -1.36337042 -2.34025431 -3.0760417  -3.20100951]
下一阶段的初值 [2.79008794 2.765095   2.7558949  2.76404953 2.78793097 2.82310605
 2.86111999 2.89829445 2.92994976 2.95638919 2.98268723 3.00449109
 3.02336717 3.03885078 3.04178143 3.04306412 3.04853773 3.05309415
 3.05346227 3.04895401 3.04600048]
下一阶段初值 [-0.3752088  -0.5763768  -0.77571601 -0.97292161 -1.16829836 -1.36337042
 -1.55813766 -1.75320959 -1.94919598 -2.14487767 -2.34025431 -2.5313642
 -2.71180582 -2.86908245 -2.99191689 -3.0760417  -3.12938166 -3.16169047
 -3.18150234 -3.19338965]
INFO:root:	Iter: 049/299,	J: 5.49e-05,	t: 11760.00 s,	u1: 2.70,	u2: 0.02,	u3: 3.05,\目标处水位: -320.101, 误差百分比: 0.03%, IAQ累计: 1.80	OCP-solving-time: 4.68e+00 s
i 49  t [11760]
X0 [-0.3752088  -1.36337042 -2.34025431 -3.0760417  -3.20100951]
计算初值self.q_0 [2.79008794 2.765095   2.7558949  2.76404953 2.78793097 2.82310605
 2.86111999 2.89829445 2.92994976 2.95638919 2.98268723 3.00449109
 3.02336717 3.03885078 3.04178143 3.04306412 3.04853773 3.05309415
 3.05346227 3.04895401 3.04600048]
计算初值self.z_0 [-0.3752088  -0.5763768  -0.77571601 -0.97292161 -1.16829836 -1.36337042
 -1.55813766 -1.75320959 -1.94919598 -2.14487767 -2.34025431 -2.5313642
 -2.71180582 -2.86908245 -2.99191689 -3.0760417  -3.12938166 -3.16169047
 -3.18150234 -3.19338965]
(True, 3, ('Starting Unsteady Computations', 'Computing', 'Computations Completed'), True)
[-0.35996881 -1.37007594 -2.34726501 -3.07817531 -3.20070505]
下一阶段的初值 [2.9301393  2.8715322  2.82624793 2.79706931 2.78523707 2.78920722
 2.8067615  2.83313727 2.86353827 2.8956182  2.92779183 2.9566071
 2.97949862 2.999156   3.01494288 3.02528119 3.03189588 3.03634191
 3.03907156 3.0407989  3.04399872]
下一阶段初值 [-0.35996881 -0.56631839 -0.77053446 -0.97261679 -1.17226076 -1.37007594
 -1.56667197 -1.76265848 -1.95803511 -2.15310717 -2.34726501 -2.53776479
 -2.71668243 -2.87243509 -2.99435544 -3.07817531 -3.13029623 -3.16199517
 -3.18119764 -3.19308472]
INFO:root:	Iter: 050/299,	J: 6.65e-05,	t: 12000.00 s,	u1: 2.79,	u2: 0.04,	u3: 3.04,\目标处水位: -320.071, 误差百分比: 0.02%, IAQ累计: 1.81	OCP-solving-time: 6.15e+00 s
i 50  t [12000]
X0 [-0.35996881 -1.37007594 -2.34726501 -3.07817531 -3.20070505]
计算初值self.q_0 [2.9301393  2.8715322  2.82624793 2.79706931 2.78523707 2.78920722
 2.8067615  2.83313727 2.86353827 2.8956182  2.92779183 2.9566071
 2.97949862 2.999156   3.01494288 3.02528119 3.03189588 3.03634191
 3.03907156 3.0407989  3.04399872]
计算初值self.z_0 [-0.35996881 -0.56631839 -0.77053446 -0.97261679 -1.17226076 -1.37007594
 -1.56667197 -1.76265848 -1.95803511 -2.15310717 -2.34726501 -2.53776479
 -2.71668243 -2.87243509 -2.99435544 -3.07817531 -3.13029623 -3.16199517
 -3.18119764 -3.19308472]
(True, 3, ('Starting Unsteady Computations', 'Computing', 'Computations Completed'), True)
[-0.3407664  -1.36885691 -2.3551898  -3.08122325 -3.1988759 ]
下一阶段的初值 [3.08015347 3.0083251  2.94519544 2.89184356 2.85093737 2.82291746
 2.81166601 2.81128073 2.8230741  2.84506726 2.86829829 2.89896822
 2.92755985 2.94919968 2.97600126 2.99244213 2.9930594  2.99033546
 2.98954821 2.99325204 2.99800062]
下一阶段初值 [-0.3407664  -0.54985923 -0.75742799 -0.96286321 -1.16707921 -1.36885691
 -1.56911039 -1.76784003 -1.96474087 -2.16103196 -2.3551898  -2.54538488
 -2.72399783 -2.87761688 -2.99862242 -3.08122325 -3.13151526 -3.16169047
 -3.17997837 -3.19156075]
INFO:root:	Iter: 051/299,	J: 1.04e-04,	t: 12240.00 s,	u1: 2.93,	u2: 0.04,	u3: 3.00,\目标处水位: -319.888, 误差百分比: 0.04%, IAQ累计: 1.85	OCP-solving-time: 5.95e+00 s
i 51  t [12240]
X0 [-0.3407664  -1.36885691 -2.3551898  -3.08122325 -3.1988759 ]
计算初值self.q_0 [3.08015347 3.0083251  2.94519544 2.89184356 2.85093737 2.82291746
 2.81166601 2.81128073 2.8230741  2.84506726 2.86829829 2.89896822
 2.92755985 2.94919968 2.97600126 2.99244213 2.9930594  2.99033546
 2.98954821 2.99325204 2.99800062]
计算初值self.z_0 [-0.3407664  -0.54985923 -0.75742799 -0.96286321 -1.16707921 -1.36885691
 -1.56911039 -1.76784003 -1.96474087 -2.16103196 -2.3551898  -2.54538488
 -2.72399783 -2.87761688 -2.99862242 -3.08122325 -3.13151526 -3.16169047
 -3.17997837 -3.19156075]
(True, 3, ('Starting Unsteady Computations', 'Computing', 'Computations Completed'), True)
[-0.32156399 -1.36001754 -2.36098075 -3.08305192 -3.20009518]
下一阶段的初值 [3.22013807 3.14854741 3.07976866 3.01594806 2.95830917 2.90964365
 2.8718462  2.84549761 2.83261609 2.8317101  2.83922839 2.85625792
 2.87944388 2.90142608 2.92015481 2.93455672 2.94619226 2.95671201
 2.96708441 2.97902012 2.99200034]
下一阶段初值 [-0.32156399 -0.53126639 -0.74005443 -0.94823283 -1.1548872  -1.36001754
 -1.56392884 -1.76601124 -1.96626484 -2.16499448 -2.36098075 -2.55209041
 -2.73100805 -2.8846271  -3.00319433 -3.08305192 -3.1327343  -3.16290951
 -3.18119764 -3.19247532]
INFO:root:	Iter: 052/299,	J: 1.45e-04,	t: 12480.00 s,	u1: 3.08,	u2: 0.04,	u3: 2.99,\目标处水位: -320.010, 误差百分比: 0.00%, IAQ累计: 1.86	OCP-solving-time: 6.53e+00 s
i 52  t [12480]
X0 [-0.32156399 -1.36001754 -2.36098075 -3.08305192 -3.20009518]
计算初值self.q_0 [3.22013807 3.14854741 3.07976866 3.01594806 2.95830917 2.90964365
 2.8718462  2.84549761 2.83261609 2.8317101  2.83922839 2.85625792
 2.87944388 2.90142608 2.92015481 2.93455672 2.94619226 2.95671201
 2.96708441 2.97902012 2.99200034]
计算初值self.z_0 [-0.32156399 -0.53126639 -0.74005443 -0.94823283 -1.1548872  -1.36001754
 -1.56392884 -1.76601124 -1.96626484 -2.16499448 -2.36098075 -2.55209041
 -2.73100805 -2.8846271  -3.00319433 -3.08305192 -3.1327343  -3.16290951
 -3.18119764 -3.19247532]
(True, 3, ('Starting Unsteady Computations', 'Computing', 'Computations Completed'), True)
[-0.30114239 -1.34630156 -2.36159039 -3.08731914 -3.1988759 ]
下一阶段的初值 [3.37014651 3.29342198 3.21998501 3.14884472 3.08294845 3.02152634
 2.97032404 2.92419004 2.88895535 2.866956   2.85001135 2.85018682
 2.85627222 2.86223578 2.88495159 2.90060782 2.89976668 2.89898539
 2.90366602 2.9154911  2.92900109]
下一阶段初值 [-0.30114239 -0.51175922 -0.72146165 -0.93055439 -1.13934243 -1.34630156
 -1.55295599 -1.75778162 -1.96108317 -2.16316557 -2.36159039 -2.55544329
 -2.73588467 -2.88889432 -3.00776649 -3.08731914 -3.13517284 -3.16351914
 -3.18089271 -3.19186568]
INFO:root:	Iter: 053/299,	J: 1.60e-04,	t: 12720.00 s,	u1: 3.22,	u2: 0.04,	u3: 2.93,\目标处水位: -319.888, 误差百分比: 0.04%, IAQ累计: 1.92	OCP-solving-time: 6.19e+00 s
i 53  t [12720]
X0 [-0.30114239 -1.34630156 -2.36159039 -3.08731914 -3.1988759 ]
计算初值self.q_0 [3.37014651 3.29342198 3.21998501 3.14884472 3.08294845 3.02152634
 2.97032404 2.92419004 2.88895535 2.866956   2.85001135 2.85018682
 2.85627222 2.86223578 2.88495159 2.90060782 2.89976668 2.89898539
 2.90366602 2.9154911  2.92900109]
计算初值self.z_0 [-0.30114239 -0.51175922 -0.72146165 -0.93055439 -1.13934243 -1.34630156
 -1.55295599 -1.75778162 -1.96108317 -2.16316557 -2.36159039 -2.55544329
 -2.73588467 -2.88889432 -3.00776649 -3.08731914 -3.13517284 -3.16351914
 -3.18089271 -3.19186568]
(True, 3, ('Starting Unsteady Computations', 'Computing', 'Computations Completed'), True)
[-0.28041601 -1.32984245 -2.35701847 -3.08762407 -3.20314312]
下一阶段的初值 [3.52015209 3.44203424 3.36527586 3.29111981 3.21872497 3.15101933
 3.08728647 3.02987432 2.98002815 2.93756413 2.90520644 2.88189888
 2.87015295 2.8658998  2.86041784 2.86164951 2.87323403 2.88950205
 2.90771818 2.9272511  2.95000076]
下一阶段初值 [-0.28041601 -0.4913376  -0.70164961 -0.9116568  -1.12105441 -1.32984245
 -1.53802085 -1.74497998 -1.95102489 -2.15524077 -2.35701847 -2.55300498
 -2.73588467 -2.8919425  -3.00929046 -3.08762407 -3.13639212 -3.16626239
 -3.18424559 -3.19552326]
INFO:root:	Iter: 054/299,	J: 1.66e-04,	t: 12960.00 s,	u1: 3.37,	u2: 0.04,	u3: 2.95,\目标处水位: -320.314, 误差百分比: 0.10%, IAQ累计: 1.94	OCP-solving-time: 4.96e+00 s
i 54  t [12960]
X0 [-0.28041601 -1.32984245 -2.35701847 -3.08762407 -3.20314312]
计算初值self.q_0 [3.52015209 3.44203424 3.36527586 3.29111981 3.21872497 3.15101933
 3.08728647 3.02987432 2.98002815 2.93756413 2.90520644 2.88189888
 2.87015295 2.8658998  2.86041784 2.86164951 2.87323403 2.88950205
 2.90771818 2.9272511  2.95000076]
计算初值self.z_0 [-0.28041601 -0.4913376  -0.70164961 -0.9116568  -1.12105441 -1.32984245
 -1.53802085 -1.74497998 -1.95102489 -2.15524077 -2.35701847 -2.55300498
 -2.73588467 -2.8919425  -3.00929046 -3.08762407 -3.13639212 -3.16626239
 -3.18424559 -3.19552326]
(True, 3, ('Starting Unsteady Computations', 'Computing', 'Computations Completed'), True)
[-0.28133041 -1.3109448  -2.34696007 -3.09006238 -3.20070505]
下一阶段的初值 [3.42990637 3.44279337 3.43540263 3.40640616 3.35757661 3.29221559
 3.22383904 3.15222573 3.08984089 3.04074216 2.9884665  2.95104003
 2.92065334 2.89034581 2.89076495 2.89036846 2.87159991 2.85393023
 2.84693313 2.85246348 2.85699987]
下一阶段初值 [-0.28133041 -0.4834128  -0.68762881 -0.8936736  -1.10215676 -1.3109448
 -1.52034235 -1.72943521 -1.93669927 -2.1433537  -2.34696007 -2.54629922
 -2.73161769 -2.88767529 -3.00898552 -3.09006238 -3.13791609 -3.16595769
 -3.18302631 -3.19399929]
i 55  t INFO:root:	Iter: 055/299,	J: 2.00e-04,	t: 13200.00 s,	u1: 3.52,	u2: -0.02,	u3: 2.86,\目标处水位: -320.071, 误差百分比: 0.02%, IAQ累计: 2.03	OCP-solving-time: 5.67e+00 s
[13200]
X0 [-0.28133041 -1.3109448  -2.34696007 -3.09006238 -3.20070505]
计算初值self.q_0 [3.42990637 3.44279337 3.43540263 3.40640616 3.35757661 3.29221559
 3.22383904 3.15222573 3.08984089 3.04074216 2.9884665  2.95104003
 2.92065334 2.89034581 2.89076495 2.89036846 2.87159991 2.85393023
 2.84693313 2.85246348 2.85699987]
计算初值self.z_0 [-0.28133041 -0.4834128  -0.68762881 -0.8936736  -1.10215676 -1.3109448
 -1.52034235 -1.72943521 -1.93669927 -2.1433537  -2.34696007 -2.54629922
 -2.73161769 -2.88767529 -3.00898552 -3.09006238 -3.13791609 -3.16595769
 -3.18302631 -3.19399929]
(True, 3, ('Starting Unsteady Computations', 'Computing', 'Computations Completed'), True)
[-0.30358079 -1.29753363 -2.33385372 -3.08396649 -3.20588636]
下一阶段的初值 [3.19976377 3.28728008 3.34804511 3.38119292 3.38653326 3.36971307
 3.3273654  3.27639794 3.21971607 3.15750408 3.10206532 3.04355979
 2.99894643 2.96805286 2.92445064 2.89918065 2.90604734 2.91965652
 2.9293015  2.93635798 2.94099879]
下一阶段初值 [-0.30358079 -0.49529999 -0.69098157 -0.89032084 -1.09209836 -1.29753363
 -1.50418794 -1.71206164 -1.92054486 -2.12750411 -2.33385372 -2.53441191
 -2.72186422 -2.88310313 -3.00349927 -3.08396649 -3.13578248 -3.16778636
 -3.18668413 -3.19857144]
i 56  t INFO:root:	Iter: 056/299,	J: 2.11e-04,	t: 13440.00 s,	u1: 3.43,	u2: -0.06,	u3: 2.94,\目标处水位: -320.589, 误差百分比: 0.18%, IAQ累计: 2.12	OCP-solving-time: 5.73e+00 s
[13440]
X0 [-0.30358079 -1.29753363 -2.33385372 -3.08396649 -3.20588636]
计算初值self.q_0 [3.19976377 3.28728008 3.34804511 3.38119292 3.38653326 3.36971307
 3.3273654  3.27639794 3.21971607 3.15750408 3.10206532 3.04355979
 2.99894643 2.96805286 2.92445064 2.89918065 2.90604734 2.91965652
 2.9293015  2.93635798 2.94099879]
计算初值self.z_0 [-0.30358079 -0.49529999 -0.69098157 -0.89032084 -1.09209836 -1.29753363
 -1.50418794 -1.71206164 -1.92054486 -2.12750411 -2.33385372 -2.53441191
 -2.72186422 -2.88310313 -3.00349927 -3.08396649 -3.13578248 -3.16778636
 -3.18668413 -3.19857144]
(True, 3, ('Starting Unsteady Computations', 'Computing', 'Computations Completed'), True)
[-0.33101279 -1.2966193  -2.31861353 -3.08213782 -3.20741034]
下一阶段的初值 [2.97977877 3.08338737 3.17288852 3.24418187 3.29709172 3.32863116
 3.33761597 3.32932472 3.30129123 3.25851011 3.21166825 3.15585589
 3.09943438 3.05429459 3.01704383 2.99388647 2.98383117 2.9799149
 2.97813082 2.97441268 2.96900129]
下一阶段初值 [-0.33101279 -0.51876962 -0.70896482 -0.90190327 -1.09758484 -1.2966193
 -1.49778724 -1.7013936  -1.90682888 -2.11287379 -2.31861353 -2.52039123
 -2.70875764 -2.87121606 -2.99648905 -3.08213782 -3.13547754 -3.16839623
 -3.18790317 -3.19979048]
INFO:root:	Iter: 057/299,	J: 3.13e-04,	t: 13680.00 s,	u1: 3.20,	u2: -0.06,	u3: 2.97,\目标处水位: -320.741, 误差百分比: 0.23%, IAQ累计: 2.15	OCP-solving-time: 5.95e+00 s
i 57  t [13680]
X0 [-0.33101279 -1.2966193  -2.31861353 -3.08213782 -3.20741034]
计算初值self.q_0 [2.97977877 3.08338737 3.17288852 3.24418187 3.29709172 3.32863116
 3.33761597 3.32932472 3.30129123 3.25851011 3.21166825 3.15585589
 3.09943438 3.05429459 3.01704383 2.99388647 2.98383117 2.9799149
 2.97813082 2.97441268 2.96900129]
计算初值self.z_0 [-0.33101279 -0.51876962 -0.70896482 -0.90190327 -1.09758484 -1.2966193
 -1.49778724 -1.7013936  -1.90682888 -2.11287379 -2.31861353 -2.52039123
 -2.70875764 -2.87121606 -2.99648905 -3.08213782 -3.13547754 -3.16839623
 -3.18790317 -3.19979048]
(True, 3, ('Starting Unsteady Computations', 'Computing', 'Computations Completed'), True)
[-0.36271203 -1.3069824  -2.30764079 -3.0760417  -3.21045852]
下一阶段的初值 [2.74976659 2.86761308 2.97484612 3.06842184 3.14877391 3.21436691
 3.2575047  3.28820896 3.29985285 3.29020786 3.27454877 3.23737717
 3.19432139 3.15884042 3.11076403 3.07775521 3.07188511 3.07377672
 3.07156229 3.06286621 3.052001  ]
下一阶段初值 [-0.36271203 -0.54681122 -0.73334879 -0.92232484 -1.11312962 -1.3069824
 -1.50296891 -1.70169842 -1.90256166 -2.10433912 -2.30764079 -2.50698018
 -2.69504166 -2.85993862 -2.98795462 -3.0760417  -3.13303924 -3.16839623
 -3.18973207 -3.20253372]
INFO:root:	Iter: 058/299,	J: 4.11e-04,	t: 13920.00 s,	u1: 2.98,	u2: -0.06,	u3: 3.05,\目标处水位: -321.046, 误差百分比: 0.33%, IAQ累计: 2.23	OCP-solving-time: 5.47e+00 s
i 58  t [13920]
X0 [-0.36271203 -1.3069824  -2.30764079 -3.0760417  -3.21045852]
计算初值self.q_0 [2.74976659 2.86761308 2.97484612 3.06842184 3.14877391 3.21436691
 3.2575047  3.28820896 3.29985285 3.29020786 3.27454877 3.23737717
 3.19432139 3.15884042 3.11076403 3.07775521 3.07188511 3.07377672
 3.07156229 3.06286621 3.052001  ]
计算初值self.z_0 [-0.36271203 -0.54681122 -0.73334879 -0.92232484 -1.11312962 -1.3069824
 -1.50296891 -1.70169842 -1.90256166 -2.10433912 -2.30764079 -2.50698018
 -2.69504166 -2.85993862 -2.98795462 -3.0760417  -3.13303924 -3.16839623
 -3.18973207 -3.20253372]
(True, 3, ('Starting Unsteady Computations', 'Computing', 'Computations Completed'), True)
[-0.39684963 -1.32527041 -2.30428791 -3.07238412 -3.20832491]
下一阶段的初值 [2.52977848 2.64494848 2.76210451 2.87091184 2.96929598 3.05490065
 3.12702084 3.18653154 3.2284205  3.25338459 3.26677299 3.26186848
 3.24310565 3.2213726  3.1975975  3.17714167 3.15989661 3.14296889
 3.12323189 3.09761381 3.06899953]
下一阶段初值 [-0.39684963 -0.57820559 -0.76230478 -0.94792795 -1.13538003 -1.32527041
 -1.51698971 -1.71114719 -1.9074384  -2.1052537  -2.30428791 -2.50027442
 -2.68620229 -2.84957528 -2.98033428 -3.07238412 -3.13029623 -3.16595769
 -3.18729353 -3.20040011]
INFO:root:	Iter: 059/299,	J: 4.92e-04,	t: 14160.00 s,	u1: 2.75,	u2: -0.06,	u3: 3.07,\目标处水位: -320.832, 误差百分比: 0.26%, IAQ累计: 2.25	OCP-solving-time: 5.50e+00 s
i 59  t [14160]
X0 [-0.39684963 -1.32527041 -2.30428791 -3.07238412 -3.20832491]
计算初值self.q_0 [2.52977848 2.64494848 2.76210451 2.87091184 2.96929598 3.05490065
 3.12702084 3.18653154 3.2284205  3.25338459 3.26677299 3.26186848
 3.24310565 3.2213726  3.1975975  3.17714167 3.15989661 3.14296889
 3.12323189 3.09761381 3.06899953]
计算初值self.z_0 [-0.39684963 -0.57820559 -0.76230478 -0.94792795 -1.13538003 -1.32527041
 -1.51698971 -1.71114719 -1.9074384  -2.1052537  -2.30428791 -2.50027442
 -2.68620229 -2.84957528 -2.98033428 -3.07238412 -3.13029623 -3.16595769
 -3.18729353 -3.20040011]
(True, 3, ('Starting Unsteady Computations', 'Computing', 'Computations Completed'), True)
[-0.43952161 -1.3490448  -2.30886006 -3.0681169  -3.20283866]
下一阶段的初值 [2.29977036 2.4306705  2.54506707 2.65419102 2.76631117 2.8703711
 2.96220255 3.0420928  3.10910749 3.16188431 3.20108342 3.22510481
 3.23674583 3.23782468 3.23038316 3.21958852 3.20411348 3.18203187
 3.15279746 3.11694288 3.07699919]
下一阶段初值 [-0.43952161 -0.61600077 -0.79522318 -0.9777984  -1.16250718 -1.3490448
 -1.53741121 -1.72791123 -1.92024004 -2.11409283 -2.30886006 -2.50118899
 -2.68406868 -2.845613   -2.97637224 -3.0681169  -3.12633371 -3.16138554
 -3.18241692 -3.19521832]
i 60  t INFO:root:	Iter: 060/299,	J: 4.31e-04,	t: 14400.00 s,	u1: 2.53,	u2: -0.06,	u3: 3.08,\目标处水位: -320.284, 误差百分比: 0.09%, IAQ累计: 2.25	OCP-solving-time: 5.70e+00 s
[14400]
X0 [-0.43952161 -1.3490448  -2.30886006 -3.0681169  -3.20283866]
计算初值self.q_0 [2.29977036 2.4306705  2.54506707 2.65419102 2.76631117 2.8703711
 2.96220255 3.0420928  3.10910749 3.16188431 3.20108342 3.22510481
 3.23674583 3.23782468 3.23038316 3.21958852 3.20411348 3.18203187
 3.15279746 3.11694288 3.07699919]
计算初值self.z_0 [-0.43952161 -0.61600077 -0.79522318 -0.9777984  -1.16250718 -1.3490448
 -1.53741121 -1.72791123 -1.92024004 -2.11409283 -2.30886006 -2.50118899
 -2.68406868 -2.845613   -2.97637224 -3.0681169  -3.12633371 -3.16138554
 -3.18241692 -3.19521832]
(True, 3, ('Starting Unsteady Computations', 'Computing', 'Computations Completed'), True)
[-0.4227576  -1.37800074 -2.32074714 -3.06506872 -3.20040011]
下一阶段的初值 [2.57027245 2.49933958 2.47946477 2.50471401 2.56586504 2.65568757
 2.76328373 2.87017012 2.95740557 3.02551913 3.0917747  3.14164925
 3.17544556 3.20444751 3.208848   3.20718575 3.20989013 3.20813155
 3.19494724 3.16743469 3.14100099]
下一阶段初值 [-0.4227576  -0.62484002 -0.8196072  -1.00827849 -1.19329202 -1.37800074
 -1.56301439 -1.74985683 -1.93913758 -2.12963772 -2.32074714 -2.50911379
 -2.68864083 -2.84805131 -2.97545767 -3.06506872 -3.12298083 -3.15833783
 -3.17967367 -3.19247532]
INFO:root:	Iter: 061/299,	J: 3.66e-04,	t: 14640.00 s,	u1: 2.30,	u2: 0.07,	u3: 3.14,\目标处水位: -320.040, 误差百分比: 0.01%, IAQ累计: 2.32	OCP-solving-time: 5.17e+00 s
i 61  t [14640]
X0 [-0.4227576  -1.37800074 -2.32074714 -3.06506872 -3.20040011]
计算初值self.q_0 [2.57027245 2.49933958 2.47946477 2.50471401 2.56586504 2.65568757
 2.76328373 2.87017012 2.95740557 3.02551913 3.0917747  3.14164925
 3.17544556 3.20444751 3.208848   3.20718575 3.20989013 3.20813155
 3.19494724 3.16743469 3.14100099]
计算初值self.z_0 [-0.4227576  -0.62484002 -0.8196072  -1.00827849 -1.19329202 -1.37800074
 -1.56301439 -1.74985683 -1.93913758 -2.12963772 -2.32074714 -2.50911379
 -2.68864083 -2.84805131 -2.97545767 -3.06506872 -3.12298083 -3.15833783
 -3.17967367 -3.19247532]
(True, 3, ('Starting Unsteady Computations', 'Computing', 'Computations Completed'), True)
[-0.37429443 -1.39781284 -2.33842564 -3.06781197 -3.19643784]
下一阶段的初值 [2.93036032 2.77468419 2.66405725 2.59489989 2.56957817 2.58355474
 2.62456369 2.68895936 2.77137351 2.85932469 2.94426107 3.01744294
 3.07556629 3.1198566  3.15263057 3.17251468 3.17687821 3.17219472
 3.16249347 3.14711165 3.13299847]
下一阶段初值 [-0.37429443 -0.59314078 -0.80467206 -1.00858319 -1.20578885 -1.39781284
 -1.58739853 -1.77546    -1.96321678 -2.15097356 -2.33842564 -2.52374387
 -2.69961381 -2.85445189 -2.98002982 -3.06781197 -3.1226759  -3.15620399
 -3.17632079 -3.18851304]
INFO:root:	Iter: 062/299,	J: 3.62e-04,	t: 14880.00 s,	u1: 2.57,	u2: 0.09,	u3: 3.13,\目标处水位: -319.644, 误差百分比: 0.11%, IAQ累计: 2.33	OCP-solving-time: 4.94e+00 s
i 62  t [14880]
X0 [-0.37429443 -1.39781284 -2.33842564 -3.06781197 -3.19643784]
计算初值self.q_0 [2.93036032 2.77468419 2.66405725 2.59489989 2.56957817 2.58355474
 2.62456369 2.68895936 2.77137351 2.85932469 2.94426107 3.01744294
 3.07556629 3.1198566  3.15263057 3.17251468 3.17687821 3.17219472
 3.16249347 3.14711165 3.13299847]
计算初值self.z_0 [-0.37429443 -0.59314078 -0.80467206 -1.00858319 -1.20578885 -1.39781284
 -1.58739853 -1.77546    -1.96321678 -2.15097356 -2.33842564 -2.52374387
 -2.69961381 -2.85445189 -2.98002982 -3.06781197 -3.1226759  -3.15620399
 -3.17632079 -3.18851304]
(True, 3, ('Starting Unsteady Computations', 'Computing', 'Computations Completed'), True)
[-0.32613602 -1.39598393 -2.35976171 -3.07360315 -3.1860745 ]
下一阶段的初值 [3.28035355 3.10685062 2.94263005 2.81188059 2.72177052 2.66239953
 2.64296842 2.6408329  2.6664753  2.72221875 2.78103852 2.8632493
 2.93885541 2.99186182 3.06053567 3.09448481 3.0767529  3.04636025
 3.01993227 3.00095987 2.98300123]
下一阶段初值 [-0.32613602 -0.54864001 -0.76748639 -0.98237044 -1.1926825  -1.39598393
 -1.59532332 -1.79009044 -1.98180962 -2.17322397 -2.35976171 -2.54386067
 -2.71729207 -2.86664391 -2.98886871 -3.07360315 -3.12298083 -3.15102243
 -3.16839623 -3.17936873]
INFO:root:	Iter: 063/299,	J: 3.88e-04,	t: 15120.00 s,	u1: 2.93,	u2: 0.09,	u3: 2.98,\目标处水位: -318.607, 误差百分比: 0.44%, IAQ累计: 2.48	OCP-solving-time: 5.17e+00 s
i 63  t [15120]
X0 [-0.32613602 -1.39598393 -2.35976171 -3.07360315 -3.1860745 ]
计算初值self.q_0 [3.28035355 3.10685062 2.94263005 2.81188059 2.72177052 2.66239953
 2.64296842 2.6408329  2.6664753  2.72221875 2.78103852 2.8632493
 2.93885541 2.99186182 3.06053567 3.09448481 3.0767529  3.04636025
 3.01993227 3.00095987 2.98300123]
计算初值self.z_0 [-0.32613602 -0.54864001 -0.76748639 -0.98237044 -1.1926825  -1.39598393
 -1.59532332 -1.79009044 -1.98180962 -2.17322397 -2.35976171 -2.54386067
 -2.71729207 -2.86664391 -2.98886871 -3.07360315 -3.12298083 -3.15102243
 -3.16839623 -3.17936873]
(True, 3, ('Starting Unsteady Computations', 'Computing', 'Computations Completed'), True)
[-0.27950162 -1.37495291 -2.37530661 -3.07360315 -3.19278026]
下一阶段的初值 [3.63035274 3.45393038 3.28461552 3.12061834 2.97234559 2.85155725
 2.75819778 2.71173286 2.69133139 2.68717217 2.71480274 2.75125122
 2.80909848 2.87511134 2.89909291 2.92321038 2.97110534 3.01838613
 3.0524199  3.07633924 3.102     ]
下一阶段初值 [-0.27950162 -0.5023104  -0.72420478 -0.94457519 -1.1609832  -1.37495291
 -1.58343613 -1.78704238 -1.98668647 -2.1820631  -2.37530661 -2.56092978
 -2.73466563 -2.88554168 -2.99770808 -3.07360315 -3.12328553 -3.15437531
 -3.17296791 -3.18485546]
INFO:root:	Iter: 064/299,	J: 6.18e-04,	t: 15360.00 s,	u1: 3.28,	u2: 0.09,	u3: 3.10,\目标处水位: -319.278, 误差百分比: 0.23%, IAQ累计: 2.60	OCP-solving-time: 5.78e+00 s
i 64  t [15360]
X0 [-0.27950162 -1.37495291 -2.37530661 -3.07360315 -3.19278026]
计算初值self.q_0 [3.63035274 3.45393038 3.28461552 3.12061834 2.97234559 2.85155725
 2.75819778 2.71173286 2.69133139 2.68717217 2.71480274 2.75125122
 2.80909848 2.87511134 2.89909291 2.92321038 2.97110534 3.01838613
 3.0524199  3.07633924 3.102     ]
计算初值self.z_0 [-0.27950162 -0.5023104  -0.72420478 -0.94457519 -1.1609832  -1.37495291
 -1.58343613 -1.78704238 -1.98668647 -2.1820631  -2.37530661 -2.56092978
 -2.73466563 -2.88554168 -2.99770808 -3.07360315 -3.12328553 -3.15437531
 -3.17296791 -3.18485546]
(True, 3, ('Starting Unsteady Computations', 'Computing', 'Computations Completed'), True)
[-0.2304288  -1.34051037 -2.37865925 -3.08823371 -3.18394089]
下一阶段的初值 [3.99035883 3.80672717 3.63045454 3.46093035 3.29546928 3.13370657
 3.0013423  2.87839031 2.78733301 2.74562216 2.71082783 2.72468686
 2.74318647 2.75407386 2.82706356 2.87102222 2.85335851 2.82150578
 2.8186264  2.84208822 2.85600042]
下一阶段初值 [-0.2304288  -0.4553712  -0.67878962 -0.90037918 -1.12257838 -1.34051037
 -1.55722332 -1.76997364 -1.97693288 -2.1820631  -2.37865925 -2.57159781
 -2.74807668 -2.89377141 -3.01111913 -3.08823371 -3.13060093 -3.15315604
 -3.16778636 -3.17784476]
INFO:root:	Iter: 065/299,	J: 3.70e-04,	t: 15600.00 s,	u1: 3.63,	u2: 0.09,	u3: 2.86,\目标处水位: -318.394, 误差百分比: 0.50%, IAQ累计: 2.84	OCP-solving-time: 5.34e+00 s
i 65  t [15600]
X0 [-0.2304288  -1.34051037 -2.37865925 -3.08823371 -3.18394089]
计算初值self.q_0 [3.99035883 3.80672717 3.63045454 3.46093035 3.29546928 3.13370657
 3.0013423  2.87839031 2.78733301 2.74562216 2.71082783 2.72468686
 2.74318647 2.75407386 2.82706356 2.87102222 2.85335851 2.82150578
 2.8186264  2.84208822 2.85600042]
计算初值self.z_0 [-0.2304288  -0.4553712  -0.67878962 -0.90037918 -1.12257838 -1.34051037
 -1.55722332 -1.76997364 -1.97693288 -2.1820631  -2.37865925 -2.57159781
 -2.74807668 -2.89377141 -3.01111913 -3.08823371 -3.13060093 -3.15315604
 -3.16778636 -3.17784476]
(True, 3, ('Starting Unsteady Computations', 'Computing', 'Computations Completed'), True)
[-0.18348961 -1.29936242 -2.36951518 -3.08305192 -3.20436239]
下一阶段的初值 [4.34035492 4.16228771 3.98312116 3.80631375 3.63126731 3.46916199
 3.30216336 3.15907836 3.03251624 2.91794634 2.84554863 2.78205824
 2.76199865 2.77119946 2.72963858 2.72475219 2.79315829 2.87588716
 2.94918537 3.01533055 3.09099889]
下一阶段初值 [-0.18348961 -0.40690801 -0.63093597 -0.85526884 -1.07655358 -1.29936242
 -1.51881838 -1.73614085 -1.95193911 -2.1619463  -2.36951518 -2.56702566
 -2.74960089 -2.90535355 -3.0126431  -3.08305192 -3.13181996 -3.16382408
 -3.18302631 -3.19552326]
INFO:root:	Iter: 066/299,	J: 4.87e-04,	t: 15840.00 s,	u1: 3.99,	u2: 0.09,	u3: 3.09,\目标处水位: -320.436, 误差百分比: 0.14%, IAQ累计: 3.08	OCP-solving-time: 5.49e+00 s
i 66  t [15840]
X0 [-0.18348961 -1.29936242 -2.36951518 -3.08305192 -3.20436239]
计算初值self.q_0 [4.34035492 4.16228771 3.98312116 3.80631375 3.63126731 3.46916199
 3.30216336 3.15907836 3.03251624 2.91794634 2.84554863 2.78205824
 2.76199865 2.77119946 2.72963858 2.72475219 2.79315829 2.87588716
 2.94918537 3.01533055 3.09099889]
计算初值self.z_0 [-0.18348961 -0.40690801 -0.63093597 -0.85526884 -1.07655358 -1.29936242
 -1.51881838 -1.73614085 -1.95193911 -2.1619463  -2.36951518 -2.56702566
 -2.74960089 -2.90535355 -3.0126431  -3.08305192 -3.13181996 -3.16382408
 -3.18302631 -3.19552326]
(True, 3, ('Starting Unsteady Computations', 'Computing', 'Computations Completed'), True)
[-0.16703039 -1.25333762 -2.3478744  -3.10225463 -3.18394089]
下一阶段的初值 [4.30997133 4.26700878 4.19561386 4.09739113 3.97055697 3.80264091
 3.64927697 3.47113013 3.29636979 3.1744175  3.02272129 2.92805529
 2.84731841 2.74962473 2.80680442 2.83659482 2.7317872  2.63825917
 2.60066128 2.59113789 2.59799957]
下一阶段初值 [-0.16703039 -0.38008559 -0.59435999 -0.81015843 -1.03327203 -1.25333762
 -1.47614634 -1.69956493 -1.91719198 -2.13725758 -2.3478744  -2.55635762
 -2.74624801 -2.89499044 -3.02026343 -3.10225463 -3.14065909 -3.15925193
 -3.17205358 -3.17967367]
INFO:root:	Iter: 067/299,	J: 3.37e-04,	t: 16080.00 s,	u1: 4.34,	u2: -0.01,	u3: 2.60,\目标处水位: -318.394, 误差百分比: 0.50%, IAQ累计: 3.57	OCP-solving-time: 5.50e+00 s
i 67  t [16080]
X0 [-0.16703039 -1.25333762 -2.3478744  -3.10225463 -3.18394089]
计算初值self.q_0 [4.30997133 4.26700878 4.19561386 4.09739113 3.97055697 3.80264091
 3.64927697 3.47113013 3.29636979 3.1744175  3.02272129 2.92805529
 2.84731841 2.74962473 2.80680442 2.83659482 2.7317872  2.63825917
 2.60066128 2.59113789 2.59799957]
计算初值self.z_0 [-0.16703039 -0.38008559 -0.59435999 -0.81015843 -1.03327203 -1.25333762
 -1.47614634 -1.69956493 -1.91719198 -2.13725758 -2.3478744  -2.55635762
 -2.74624801 -2.89499044 -3.02026343 -3.10225463 -3.14065909 -3.15925193
 -3.17205358 -3.17967367]
(True, 3, ('Starting Unsteady Computations', 'Computing', 'Computations Completed'), True)
[-0.17952719 -1.21859038 -2.31678486 -3.07817531 -3.21289706]
下一阶段的初值 [4.11980629 4.16819429 4.18470573 4.1622448  4.10535955 4.03691483
 3.90655255 3.77599192 3.63960958 3.46690226 3.33285594 3.16371942
 3.04457331 2.96875238 2.80029082 2.71621513 2.78231573 2.89051008
 2.96707892 3.0200851  3.05400014]
下一阶段初值 [-0.17952719 -0.37764719 -0.58186322 -0.79217517 -1.00157285 -1.21859038
 -1.43591285 -1.65506399 -1.87756801 -2.09519529 -2.31678486 -2.52557302
 -2.72308326 -2.89438081 -3.00502324 -3.07817531 -3.13181996 -3.16900563
 -3.19125605 -3.20405769]
INFO:root:	Iter: 068/299,	J: 4.58e-04,	t: 16320.00 s,	u1: 4.31,	u2: -0.05,	u3: 3.05,\目标处水位: -321.290, 误差百分比: 0.40%, IAQ累计: 4.03	OCP-solving-time: 5.14e+00 s
i 68  t [16320]
X0 [-0.17952719 -1.21859038 -2.31678486 -3.07817531 -3.21289706]
计算初值self.q_0 [4.11980629 4.16819429 4.18470573 4.1622448  4.10535955 4.03691483
 3.90655255 3.77599192 3.63960958 3.46690226 3.33285594 3.16371942
 3.04457331 2.96875238 2.80029082 2.71621513 2.78231573 2.89051008
 2.96707892 3.0200851  3.05400014]
计算初值self.z_0 [-0.17952719 -0.37764719 -0.58186322 -0.79217517 -1.00157285 -1.21859038
 -1.43591285 -1.65506399 -1.87756801 -2.09519529 -2.31678486 -2.52557302
 -2.72308326 -2.89438081 -3.00502324 -3.07817531 -3.13181996 -3.16900563
 -3.19125605 -3.20405769]
(True, 3, ('Starting Unsteady Computations', 'Computing', 'Computations Completed'), True)
[-0.1956816  -1.20030236 -2.27441764 -3.08518553 -3.19521832]
下一阶段的初值 [3.93981934 4.0109396  4.05544806 4.09217215 4.10132742 4.06734085
 4.03514194 3.9589839  3.85318375 3.75150943 3.60464954 3.4755702
 3.32425594 3.16421509 3.1300168  3.10384631 2.98525262 2.86200905
 2.7964561  2.74437857 2.70199943]
下一阶段初值 [-0.1956816  -0.39197281 -0.58887362 -0.78851759 -0.99425763 -1.20030236
 -1.41152883 -1.62580323 -1.8397727  -2.05892396 -2.27441764 -2.48960638
 -2.6880312  -2.85201383 -2.99008822 -3.08518553 -3.13578248 -3.16169047
 -3.1787591  -3.18942714]
i 69  t INFO:root:	Iter: 069/299,	J: 5.93e-04,	t: 16560.00 s,	u1: 4.12,	u2: -0.05,	u3: 2.70,\目标处水位: -319.522, 误差百分比: 0.15%, IAQ累计: 4.38	OCP-solving-time: 5.57e+00 s
[16560]
X0 [-0.1956816  -1.20030236 -2.27441764 -3.08518553 -3.19521832]
计算初值self.q_0 [3.93981934 4.0109396  4.05544806 4.09217215 4.10132742 4.06734085
 4.03514194 3.9589839  3.85318375 3.75150943 3.60464954 3.4755702
 3.32425594 3.16421509 3.1300168  3.10384631 2.98525262 2.86200905
 2.7964561  2.74437857 2.70199943]
计算初值self.z_0 [-0.1956816  -0.39197281 -0.58887362 -0.78851759 -0.99425763 -1.20030236
 -1.41152883 -1.62580323 -1.8397727  -2.05892396 -2.27441764 -2.48960638
 -2.6880312  -2.85201383 -2.99008822 -3.08518553 -3.13578248 -3.16169047
 -3.1787591  -3.18942714]
(True, 3, ('Starting Unsteady Computations', 'Computing', 'Computations Completed'), True)
[-0.22128481 -1.19908321 -2.24515676 -3.05043864 -3.21564007]
下一阶段的初值 [3.74980998 3.83172226 3.91752815 3.96285176 4.00198317 4.04262638
 4.01859093 4.00679398 3.97263288 3.88110423 3.82038999 3.69258189
 3.58245754 3.50004697 3.30984855 3.18146276 3.20843744 3.27301407
 3.27407312 3.2585299  3.22200108]
下一阶段初值 [-0.22128481 -0.40934643 -0.60319918 -0.79979521 -0.9957816  -1.19908321
 -1.40207994 -1.60903919 -1.82057047 -2.02935839 -2.24515676 -2.45150661
 -2.65115047 -2.83159208 -2.96052241 -3.05043864 -3.11749434 -3.16412878
 -3.19095111 -3.2061913 ]
INFO:root:	Iter: 070/299,	J: 2.36e-04,	t: 16800.00 s,	u1: 3.94,	u2: -0.05,	u3: 3.22,\目标处水位: -321.564, 误差百分比: 0.49%, IAQ累计: 4.90	OCP-solving-time: 5.35e+00 s
i 70  t [16800]
X0 [-0.22128481 -1.19908321 -2.24515676 -3.05043864 -3.21564007]
计算初值self.q_0 [3.74980998 3.83172226 3.91752815 3.96285176 4.00198317 4.04262638
 4.01859093 4.00679398 3.97263288 3.88110423 3.82038999 3.69258189
 3.58245754 3.50004697 3.30984855 3.18146276 3.20843744 3.27301407
 3.27407312 3.2585299  3.22200108]
计算初值self.z_0 [-0.22128481 -0.40934643 -0.60319918 -0.79979521 -0.9957816  -1.19908321
 -1.40207994 -1.60903919 -1.82057047 -2.02935839 -2.24515676 -2.45150661
 -2.65115047 -2.83159208 -2.96052241 -3.05043864 -3.11749434 -3.16412878
 -3.19095111 -3.2061913 ]
(True, 3, ('Starting Unsteady Computations', 'Computing', 'Computations Completed'), True)
[-0.24384001 -1.20548403 -2.22412562 -3.04678082 -3.20801997]
下一阶段的初值 [3.56981993 3.66136265 3.74244475 3.81616211 3.88130522 3.92826295
 3.95881391 3.97838068 3.97272873 3.94356799 3.90997887 3.8404355
 3.74578905 3.66713357 3.6007843  3.54782891 3.50270057 3.45873857
 3.40622783 3.33824468 3.2609992 ]
下一阶段初值 [-0.24384001 -0.432816   -0.62301117 -0.81473047 -1.00919282 -1.20548403
 -1.40421355 -1.60629606 -1.81020725 -2.01533771 -2.22412562 -2.42895126
 -2.62188959 -2.79532075 -2.94071031 -3.04678082 -3.11627531 -3.15894723
 -3.18455052 -3.19918084]
INFO:root:	Iter: 071/299,	J: 5.03e-04,	t: 17040.00 s,	u1: 3.75,	u2: -0.05,	u3: 3.26,\目标处水位: -320.802, 误差百分比: 0.25%, IAQ累计: 4.94	OCP-solving-time: 5.14e+00 s
i 71  t [17040]
X0 [-0.24384001 -1.20548403 -2.22412562 -3.04678082 -3.20801997]
计算初值self.q_0 [3.56981993 3.66136265 3.74244475 3.81616211 3.88130522 3.92826295
 3.95881391 3.97838068 3.97272873 3.94356799 3.90997887 3.8404355
 3.74578905 3.66713357 3.6007843  3.54782891 3.50270057 3.45873857
 3.40622783 3.33824468 3.2609992 ]
计算初值self.z_0 [-0.24384001 -0.432816   -0.62301117 -0.81473047 -1.00919282 -1.20548403
 -1.40421355 -1.60629606 -1.81020725 -2.01533771 -2.22412562 -2.42895126
 -2.62188959 -2.79532075 -2.94071031 -3.04678082 -3.11627531 -3.15894723
 -3.18455052 -3.19918084]
(True, 3, ('Starting Unsteady Computations', 'Computing', 'Computations Completed'), True)
[-0.26456639 -1.21980953 -2.21437192 -3.03123593 -3.21106791]
下一阶段的初值 [3.44987822 3.52032208 3.59756184 3.66265368 3.73280907 3.80333495
 3.8454361  3.89326596 3.92588425 3.91870618 3.92544818 3.89320683
 3.84528613 3.82395196 3.74263191 3.66392803 3.65690827 3.66117001
 3.62387395 3.57243633 3.52200127]
下一阶段初值 [-0.26456639 -0.45323759 -0.64373761 -0.83454239 -1.02565205 -1.21980953
 -1.41396725 -1.6111728  -1.8117311  -2.01107049 -2.21437192 -2.41340661
 -2.60451603 -2.7822144  -2.92608023 -3.03123593 -3.10530233 -3.15437531
 -3.18333125 -3.20040011]
INFO:root:	Iter: 072/299,	J: 2.14e-04,	t: 17280.00 s,	u1: 3.57,	u2: -0.03,	u3: 3.52,\目标处水位: -321.107, 误差百分比: 0.35%, IAQ累计: 5.20	OCP-solving-time: 4.63e+00 s
i 72  t [17280]
X0 [-0.26456639 -1.21980953 -2.21437192 -3.03123593 -3.21106791]
计算初值self.q_0 [3.44987822 3.52032208 3.59756184 3.66265368 3.73280907 3.80333495
 3.8454361  3.89326596 3.92588425 3.91870618 3.92544818 3.89320683
 3.84528613 3.82395196 3.74263191 3.66392803 3.65690827 3.66117001
 3.62387395 3.57243633 3.52200127]
计算初值self.z_0 [-0.26456639 -0.45323759 -0.64373761 -0.83454239 -1.02565205 -1.21980953
 -1.41396725 -1.6111728  -1.8117311  -2.01107049 -2.21437192 -2.41340661
 -2.60451603 -2.7822144  -2.92608023 -3.03123593 -3.10530233 -3.15437531
 -3.18333125 -3.20040011]
(True, 3, ('Starting Unsteady Computations', 'Computing', 'Computations Completed'), True)
[-0.26852879 -1.23596394 -2.21406722 -3.02514005 -3.20771527]
下一阶段的初值 [3.4800272  3.49119234 3.51727509 3.55412102 3.60673928 3.66788411
 3.72241926 3.78274536 3.82972026 3.85245872 3.88357067 3.88523841
 3.86894464 3.86370611 3.83171654 3.79953742 3.7895472  3.77875566
 3.74489164 3.69464898 3.63900065]
下一阶段初值 [-0.26852879 -0.46421042 -0.65867281 -0.8516112  -1.04333043 -1.23596394
 -1.42859757 -1.62305999 -1.81904638 -2.01503277 -2.21406722 -2.40913916
 -2.59689617 -2.77032709 -2.91602182 -3.02514005 -3.10073066 -3.14949846
 -3.17906404 -3.1967423 ]
INFO:root:	Iter: 073/299,	J: 2.15e-04,	t: 17520.00 s,	u1: 3.45,	u2: 0.01,	u3: 3.64,\目标处水位: -320.772, 误差百分比: 0.24%, IAQ累计: 5.32	OCP-solving-time: 4.64e+00 s
i 73  t [17520]
X0 [-0.26852879 -1.23596394 -2.21406722 -3.02514005 -3.20771527]
计算初值self.q_0 [3.4800272  3.49119234 3.51727509 3.55412102 3.60673928 3.66788411
 3.72241926 3.78274536 3.82972026 3.85245872 3.88357067 3.88523841
 3.86894464 3.86370611 3.83171654 3.79953742 3.7895472  3.77875566
 3.74489164 3.69464898 3.63900065]
计算初值self.z_0 [-0.26852879 -0.46421042 -0.65867281 -0.8516112  -1.04333043 -1.23596394
 -1.42859757 -1.62305999 -1.81904638 -2.01503277 -2.21406722 -2.40913916
 -2.59689617 -2.77032709 -2.91602182 -3.02514005 -3.10073066 -3.14949846
 -3.17906404 -3.1967423 ]
(True, 3, ('Starting Unsteady Computations', 'Computing', 'Computations Completed'), True)
[-0.26700479 -1.24937522 -2.22016311 -3.02117753 -3.20649624]
下一阶段的初值 [3.52003884 3.51302195 3.51645398 3.52748322 3.55267692 3.58952832
 3.62540007 3.67516422 3.72397113 3.75936985 3.80536795 3.82872105
 3.84031677 3.86115766 3.85069752 3.83418584 3.83828068 3.84176636
 3.82363796 3.79288602 3.75999856]
下一阶段初值 [-0.26700479 -0.46573439 -0.6635496  -0.86014563 -1.05460799 -1.24937522
 -1.44261837 -1.63647115 -1.83123839 -2.02478647 -2.22016311 -2.4118824
 -2.59689617 -2.76819348 -2.91236424 -3.02117753 -3.0967679  -3.14614558
 -3.17632079 -3.19491386]
i 74  t INFO:root:	Iter: 074/299,	J: 9.06e-05,	t: 17760.00 s,	u1: 3.48,	u2: 0.01,	u3: 3.76,\目标处水位: -320.650, 误差百分比: 0.20%, IAQ累计: 5.44	OCP-solving-time: 4.62e+00 s
[17760]
X0 [-0.26700479 -1.24937522 -2.22016311 -3.02117753 -3.20649624]
计算初值self.q_0 [3.52003884 3.51302195 3.51645398 3.52748322 3.55267692 3.58952832
 3.62540007 3.67516422 3.72397113 3.75936985 3.80536795 3.82872105
 3.84031677 3.86115766 3.85069752 3.83418584 3.83828068 3.84176636
 3.82363796 3.79288602 3.75999856]
计算初值self.z_0 [-0.26700479 -0.46573439 -0.6635496  -0.86014563 -1.05460799 -1.24937522
 -1.44261837 -1.63647115 -1.83123839 -2.02478647 -2.22016311 -2.4118824
 -2.59689617 -2.76819348 -2.91236424 -3.02117753 -3.0967679  -3.14614558
 -3.17632079 -3.19491386]
(True, 3, ('Starting Unsteady Computations', 'Computing', 'Computations Completed'), True)
[-0.26395682 -1.2566905  -2.22930717 -3.02239704 -3.20283866]
下一阶段的初值 [3.55003214 3.53981805 3.53416038 3.53440666 3.54239202 3.55722737
 3.57859516 3.60930777 3.64377213 3.67899847 3.71935534 3.75338078
 3.78027916 3.80608726 3.82374001 3.83326006 3.83600116 3.83119297
 3.81754994 3.79816413 3.7779994 ]
下一阶段初值 [-0.26395682 -0.46451521 -0.66415918 -0.86258399 -1.06009436 -1.2566905
 -1.45206726 -1.64744413 -1.84221125 -2.03575921 -2.22930717 -2.4198072
 -2.60299206 -2.77063203 -2.91358328 -3.02239704 -3.09646344 -3.14340234
 -3.17296791 -3.19125605]
INFO:root:	Iter: 075/299,	J: 5.34e-05,	t: 18000.00 s,	u1: 3.52,	u2: 0.01,	u3: 3.78,\目标处水位: -320.284, 误差百分比: 0.09%, IAQ累计: 5.46	OCP-solving-time: 4.80e+00 s
i 75  t [18000]
X0 [-0.26395682 -1.2566905  -2.22930717 -3.02239704 -3.20283866]
计算初值self.q_0 [3.55003214 3.53981805 3.53416038 3.53440666 3.54239202 3.55722737
 3.57859516 3.60930777 3.64377213 3.67899847 3.71935534 3.75338078
 3.78027916 3.80608726 3.82374001 3.83326006 3.83600116 3.83119297
 3.81754994 3.79816413 3.7779994 ]
计算初值self.z_0 [-0.26395682 -0.46451521 -0.66415918 -0.86258399 -1.06009436 -1.2566905
 -1.45206726 -1.64744413 -1.84221125 -2.03575921 -2.22930717 -2.4198072
 -2.60299206 -2.77063203 -2.91358328 -3.02239704 -3.09646344 -3.14340234
 -3.17296791 -3.19125605]
(True, 3, ('Starting Unsteady Computations', 'Computing', 'Computations Completed'), True)
[-0.26060402 -1.26004314 -2.23845124 -3.02422571 -3.20314312]
下一阶段的初值 [3.58003092 3.56701064 3.55694127 3.5500803  3.54837823 3.55249286
 3.56029677 3.57680273 3.59895778 3.62312627 3.65499973 3.68497038
 3.71437716 3.7456305  3.76480675 3.77825999 3.7925601  3.80312228
 3.80787706 3.80987024 3.8119998 ]
下一阶段初值 [-0.26060402 -0.46177199 -0.66233045 -0.86227924 -1.06131363 -1.26004314
 -1.45724881 -1.65414965 -1.85013604 -2.04490328 -2.23845124 -2.42834163
 -2.61061192 -2.77703285 -2.91785049 -3.02422571 -3.0967679  -3.14340234
 -3.17266345 -3.19125605]
INFO:root:	Iter: 076/299,	J: 1.06e-05,	t: 18240.00 s,	u1: 3.55,	u2: 0.01,	u3: 3.81,\目标处水位: -320.314, 误差百分比: 0.10%, IAQ累计: 5.49	OCP-solving-time: 4.86e+00 s
i 76  t [18240]
X0 [-0.26060402 -1.26004314 -2.23845124 -3.02422571 -3.20314312]
计算初值self.q_0 [3.58003092 3.56701064 3.55694127 3.5500803  3.54837823 3.55249286
 3.56029677 3.57680273 3.59895778 3.62312627 3.65499973 3.68497038
 3.71437716 3.7456305  3.76480675 3.77825999 3.7925601  3.80312228
 3.80787706 3.80987024 3.8119998 ]
计算初值self.z_0 [-0.26060402 -0.46177199 -0.66233045 -0.86227924 -1.06131363 -1.26004314
 -1.45724881 -1.65414965 -1.85013604 -2.04490328 -2.23845124 -2.42834163
 -2.61061192 -2.77703285 -2.91785049 -3.02422571 -3.0967679  -3.14340234
 -3.17266345 -3.19125605]
(True, 3, ('Starting Unsteady Computations', 'Computing', 'Computations Completed'), True)
[-0.25633681 -1.26034808 -2.2454617  -3.02879763 -3.20222878]
下一阶段的初值 [3.61002684 3.59610629 3.5828228  3.57268834 3.56550717 3.5606904
 3.56270671 3.56751776 3.57684255 3.59392881 3.61166096 3.63635302
 3.66208172 3.68245292 3.71064234 3.73368096 3.74118495 3.74422622
 3.75052953 3.76000977 3.77199912]
下一阶段初值 [-0.25633681 -0.4584192  -0.6595872  -0.86045039 -1.06070399 -1.26034808
 -1.45938241 -1.65750253 -1.85470808 -2.0513041  -2.2454617  -2.43596172
 -2.61853671 -2.7825191  -2.92303205 -3.02879763 -3.09951115 -3.14401197
 -3.17235851 -3.19064665]
INFO:root:	Iter: 077/299,	J: 1.23e-05,	t: 18480.00 s,	u1: 3.58,	u2: 0.01,	u3: 3.77,\目标处水位: -320.223, 误差百分比: 0.07%, IAQ累计: 5.53	OCP-solving-time: 5.75e+00 s
i 77  t [18480]
X0 [-0.25633681 -1.26034808 -2.2454617  -3.02879763 -3.20222878]
计算初值self.q_0 [3.61002684 3.59610629 3.5828228  3.57268834 3.56550717 3.5606904
 3.56270671 3.56751776 3.57684255 3.59392881 3.61166096 3.63635302
 3.66208172 3.68245292 3.71064234 3.73368096 3.74118495 3.74422622
 3.75052953 3.76000977 3.77199912]
计算初值self.z_0 [-0.25633681 -0.4584192  -0.6595872  -0.86045039 -1.06070399 -1.26034808
 -1.45938241 -1.65750253 -1.85470808 -2.0513041  -2.2454617  -2.43596172
 -2.61853671 -2.7825191  -2.92303205 -3.02879763 -3.09951115 -3.14401197
 -3.17235851 -3.19064665]
(True, 3, ('Starting Unsteady Computations', 'Computing', 'Computations Completed'), True)
[-0.25328881 -1.25912881 -2.25003362 -3.03215051 -3.20314312]
下一阶段的初值 [3.63001871 3.61880779 3.60744429 3.59738064 3.58737612 3.57868886
 3.57446098 3.57154989 3.5732801  3.58172131 3.59014559 3.60577369
 3.62521601 3.6405952  3.6606009  3.678684   3.6883738  3.69648695
 3.70877361 3.72462797 3.74300003]
下一阶段初值 [-0.25328881 -0.45506641 -0.6565392  -0.8577072  -1.05857038 -1.25912881
 -1.45907772 -1.65872157 -1.85714638 -2.05465698 -2.25003362 -2.44144821
 -2.6243279  -2.78861523 -2.9279089  -3.03215051 -3.10164475 -3.14584088
 -3.17357755 -3.19156075]
INFO:root:	Iter: 078/299,	J: 7.94e-06,	t: 18720.00 s,	u1: 3.61,	u2: 0.01,	u3: 3.74,\目标处水位: -320.314, 误差百分比: 0.10%, IAQ累计: 5.56	OCP-solving-time: 4.95e+00 s
i 78  t [18720]
X0 [-0.25328881 -1.25912881 -2.25003362 -3.03215051 -3.20314312]
计算初值self.q_0 [3.63001871 3.61880779 3.60744429 3.59738064 3.58737612 3.57868886
 3.57446098 3.57154989 3.5732801  3.58172131 3.59014559 3.60577369
 3.62521601 3.6405952  3.6606009  3.678684   3.6883738  3.69648695
 3.70877361 3.72462797 3.74300003]
计算初值self.z_0 [-0.25328881 -0.45506641 -0.6565392  -0.8577072  -1.05857038 -1.25912881
 -1.45907772 -1.65872157 -1.85714638 -2.05465698 -2.25003362 -2.44144821
 -2.6243279  -2.78861523 -2.9279089  -3.03215051 -3.10164475 -3.14584088
 -3.17357755 -3.19156075]
(True, 3, ('Starting Unsteady Computations', 'Computing', 'Computations Completed'), True)
[-0.2542032  -1.2569952  -2.25216722 -3.03550315 -3.20344806]
下一阶段的初值 [3.60997868 3.61431956 3.61481524 3.61278486 3.60719538 3.5983603
 3.59229779 3.58468628 3.57997131 3.58346009 3.58325911 3.59173131
 3.60379434 3.60995603 3.62841296 3.64424491 3.64742208 3.64980364
 3.65922737 3.67443347 3.69099903]
下一阶段初值 [-0.2542032  -0.45445684 -0.65471041 -0.85526884 -1.05613196 -1.2569952
 -1.45755363 -1.65811205 -1.85714638 -2.05618072 -2.25216722 -2.44480085
 -2.62859511 -2.79227281 -2.93156648 -3.03550315 -3.1040833  -3.14705992
 -3.17449212 -3.19217038]
INFO:root:	Iter: 079/299,	J: 1.62e-05,	t: 18960.00 s,	u1: 3.63,	u2: -0.01,	u3: 3.69,\目标处水位: -320.345, 误差百分比: 0.11%, IAQ累计: 5.61	OCP-solving-time: 4.48e+00 s
i 79  t [18960]
X0 [-0.2542032  -1.2569952  -2.25216722 -3.03550315 -3.20344806]
计算初值self.q_0 [3.60997868 3.61431956 3.61481524 3.61278486 3.60719538 3.5983603
 3.59229779 3.58468628 3.57997131 3.58346009 3.58325911 3.59173131
 3.60379434 3.60995603 3.62841296 3.64424491 3.64742208 3.64980364
 3.65922737 3.67443347 3.69099903]
计算初值self.z_0 [-0.2542032  -0.45445684 -0.65471041 -0.85526884 -1.05613196 -1.2569952
 -1.45755363 -1.65811205 -1.85714638 -2.05618072 -2.25216722 -2.44480085
 -2.62859511 -2.79227281 -2.93156648 -3.03550315 -3.1040833  -3.14705992
 -3.17449212 -3.19217038]
(True, 3, ('Starting Unsteady Computations', 'Computing', 'Computations Completed'), True)
[-0.2572512  -1.25547123 -2.25277686 -3.03733206 -3.20405769]
下一阶段的初值 [3.57997131 3.59107447 3.59936285 3.60545659 3.60711312 3.60529518
 3.60370088 3.59837747 3.59352112 3.59261489 3.5880785  3.59001541
 3.59592509 3.59764957 3.60698581 3.61708903 3.6198895  3.62249756
 3.63140035 3.64400172 3.65699911]
下一阶段初值 [-0.2572512  -0.4562856  -0.65562481 -0.85526884 -1.05521762 -1.25547123
 -1.45602965 -1.65658796 -1.85623205 -2.05587602 -2.25277686 -2.44632483
 -2.63042402 -2.79501605 -2.93400502 -3.03733206 -3.10560727 -3.14858413
 -3.17571115 -3.19308472]
INFO:root:	Iter: 080/299,	J: 2.33e-05,	t: 19200.00 s,	u1: 3.61,	u2: -0.01,	u3: 3.66,\目标处水位: -320.406, 误差百分比: 0.13%, IAQ累计: 5.65	OCP-solving-time: 4.70e+00 s
i 80  t [19200]
X0 [-0.2572512  -1.25547123 -2.25277686 -3.03733206 -3.20405769]
计算初值self.q_0 [3.57997131 3.59107447 3.59936285 3.60545659 3.60711312 3.60529518
 3.60370088 3.59837747 3.59352112 3.59261489 3.5880785  3.59001541
 3.59592509 3.59764957 3.60698581 3.61708903 3.6198895  3.62249756
 3.63140035 3.64400172 3.65699911]
计算初值self.z_0 [-0.2572512  -0.4562856  -0.65562481 -0.85526884 -1.05521762 -1.25547123
 -1.45602965 -1.65658796 -1.85623205 -2.05587602 -2.25277686 -2.44632483
 -2.63042402 -2.79501605 -2.93400502 -3.03733206 -3.10560727 -3.14858413
 -3.17571115 -3.19308472]
(True, 3, ('Starting Unsteady Computations', 'Computing', 'Computations Completed'), True)
[-0.26090881 -1.25577593 -2.25247192 -3.03855109 -3.20527673]
下一阶段的初值 [3.54996681 3.56389594 3.57557678 3.5854733  3.59285569 3.59765244
 3.60146666 3.60152888 3.60024357 3.59984708 3.59615445 3.5954268
 3.59645462 3.59552312 3.59978747 3.60457015 3.60600877 3.60920572
 3.61691928 3.62676764 3.63700151]
下一阶段初值 [-0.26090881 -0.4593336  -0.65806317 -0.85709763 -1.0564369  -1.25577593
 -1.45572484 -1.65567362 -1.85562241 -2.05496168 -2.25247192 -2.44632483
 -2.63103366 -2.79623508 -2.93522406 -3.03855109 -3.10652184 -3.14980316
 -3.17693043 -3.19399929]
INFO:root:	Iter: 081/299,	J: 3.24e-05,	t: 19440.00 s,	u1: 3.58,	u2: -0.01,	u3: 3.64,\目标处水位: -320.528, 误差百分比: 0.16%, IAQ累计: 5.67	OCP-solving-time: 4.56e+00 s
i 81  t [19440]
X0 [-0.26090881 -1.25577593 -2.25247192 -3.03855109 -3.20527673]
计算初值self.q_0 [3.54996681 3.56389594 3.57557678 3.5854733  3.59285569 3.59765244
 3.60146666 3.60152888 3.60024357 3.59984708 3.59615445 3.5954268
 3.59645462 3.59552312 3.59978747 3.60457015 3.60600877 3.60920572
 3.61691928 3.62676764 3.63700151]
计算初值self.z_0 [-0.26090881 -0.4593336  -0.65806317 -0.85709763 -1.0564369  -1.25577593
 -1.45572484 -1.65567362 -1.85562241 -2.05496168 -2.25247192 -2.44632483
 -2.63103366 -2.79623508 -2.93522406 -3.03855109 -3.10652184 -3.14980316
 -3.17693043 -3.19399929]
(True, 3, ('Starting Unsteady Computations', 'Computing', 'Computations Completed'), True)
[-0.26487121 -1.25760484 -2.25216722 -3.03946567 -3.20466733]
下一阶段的初值 [3.51997089 3.53459644 3.54833865 3.56143522 3.57206821 3.58029127
 3.58888555 3.59328032 3.59583187 3.59970832 3.59820747 3.59929204
 3.6003058  3.59638381 3.60065675 3.60443711 3.60057473 3.59687662
 3.59764385 3.6009655  3.60400105]
下一阶段初值 [-0.26487121 -0.46299121 -0.66141605 -0.85984087 -1.05857038 -1.25760484
 -1.45694411 -1.65628326 -1.85562241 -2.05496168 -2.25216722 -2.44601989
 -2.63103366 -2.79623508 -2.93583369 -3.03946567 -3.10713124 -3.1501081
 -3.17693043 -3.19369435]
INFO:root:	Iter: 082/299,	J: 5.02e-05,	t: 19680.00 s,	u1: 3.55,	u2: -0.01,	u3: 3.60,\目标处水位: -320.467, 误差百分比: 0.15%, IAQ累计: 5.70	OCP-solving-time: 4.62e+00 s
i 82  t [19680]
X0 [-0.26487121 -1.25760484 -2.25216722 -3.03946567 -3.20466733]
计算初值self.q_0 [3.51997089 3.53459644 3.54833865 3.56143522 3.57206821 3.58029127
 3.58888555 3.59328032 3.59583187 3.59970832 3.59820747 3.59929204
 3.6003058  3.59638381 3.60065675 3.60443711 3.60057473 3.59687662
 3.59764385 3.6009655  3.60400105]
计算初值self.z_0 [-0.26487121 -0.46299121 -0.66141605 -0.85984087 -1.05857038 -1.25760484
 -1.45694411 -1.65628326 -1.85562241 -2.05496168 -2.25216722 -2.44601989
 -2.63103366 -2.79623508 -2.93583369 -3.03946567 -3.10713124 -3.1501081
 -3.17693043 -3.19369435]
(True, 3, ('Starting Unsteady Computations', 'Computing', 'Computations Completed'), True)
[-0.268224   -1.26004314 -2.25277686 -3.03885603 -3.20558167]
下一阶段的初值 [3.49997926 3.51161456 3.52390122 3.53595853 3.54744959 3.55888391
 3.56887126 3.57729554 3.5846324  3.58963871 3.59356356 3.59635854
 3.59838295 3.5999999  3.59889579 3.59777713 3.59971094 3.6033895
 3.60638261 3.60884881 3.6120007 ]
下一阶段初值 [-0.268224   -0.466344   -0.66476882 -0.86319363 -1.06161845 -1.26004314
 -1.45907772 -1.65780723 -1.85684168 -2.05557132 -2.25277686 -2.44632483
 -2.63103366 -2.79654002 -2.93583369 -3.03885603 -3.10713124 -3.15041304
 -3.17754006 -3.19460893]
INFO:root:	Iter: 083/299,	J: 4.18e-05,	t: 19920.00 s,	u1: 3.52,	u2: -0.01,	u3: 3.61,\目标处水位: -320.558, 误差百分比: 0.17%, IAQ累计: 5.71	OCP-solving-time: 4.62e+00 s
i 83  t [19920]
X0 [-0.268224   -1.26004314 -2.25277686 -3.03885603 -3.20558167]
计算初值self.q_0 [3.49997926 3.51161456 3.52390122 3.53595853 3.54744959 3.55888391
 3.56887126 3.57729554 3.5846324  3.58963871 3.59356356 3.59635854
 3.59838295 3.5999999  3.59889579 3.59777713 3.59971094 3.6033895
 3.60638261 3.60884881 3.6120007 ]
计算初值self.z_0 [-0.268224   -0.466344   -0.66476882 -0.86319363 -1.06161845 -1.26004314
 -1.45907772 -1.65780723 -1.85684168 -2.05557132 -2.25277686 -2.44632483
 -2.63103366 -2.79654002 -2.93583369 -3.03885603 -3.10713124 -3.15041304
 -3.17754006 -3.19460893]
(True, 3, ('Starting Unsteady Computations', 'Computing', 'Computations Completed'), True)
[-0.27188161 -1.26309121 -2.25399613 -3.03946567 -3.20497203]
下一阶段的初值 [3.46996617 3.4854753  3.49964499 3.51319742 3.52555203 3.53678823
 3.54800725 3.55766058 3.56673336 3.57550025 3.58170438 3.58761716
 3.59206271 3.59354377 3.59763551 3.60146117 3.60060024 3.59835482
 3.59762979 3.59751368 3.59700131]
下一阶段初值 [-0.27188161 -0.47000161 -0.66812158 -0.86624163 -1.06466639 -1.26309121
 -1.46151602 -1.66024566 -1.85897517 -2.05709529 -2.25399613 -2.4472394
 -2.6316433  -2.79684472 -2.93613863 -3.03946567 -3.10743594 -3.15041304
 -3.17723513 -3.19430399]
INFO:root:	Iter: 084/299,	J: 5.11e-05,	t: 20160.00 s,	u1: 3.50,	u2: -0.01,	u3: 3.60,\目标处水位: -320.497, 误差百分比: 0.16%, IAQ累计: 5.72	OCP-solving-time: 4.52e+00 s
i 84  t [20160]
X0 [-0.27188161 -1.26309121 -2.25399613 -3.03946567 -3.20497203]
计算初值self.q_0 [3.46996617 3.4854753  3.49964499 3.51319742 3.52555203 3.53678823
 3.54800725 3.55766058 3.56673336 3.57550025 3.58170438 3.58761716
 3.59206271 3.59354377 3.59763551 3.60146117 3.60060024 3.59835482
 3.59762979 3.59751368 3.59700131]
计算初值self.z_0 [-0.27188161 -0.47000161 -0.66812158 -0.86624163 -1.06466639 -1.26309121
 -1.46151602 -1.66024566 -1.85897517 -2.05709529 -2.25399613 -2.4472394
 -2.6316433  -2.79684472 -2.93613863 -3.03946567 -3.10743594 -3.15041304
 -3.17723513 -3.19430399]
(True, 3, ('Starting Unsteady Computations', 'Computing', 'Computations Completed'), True)
[-0.2761488  -1.26613915 -2.2558248  -3.03946567 -3.20497203]
下一阶段的初值 [3.43997288 3.45564914 3.47120929 3.48637009 3.50043511 3.51350331
 3.52586079 3.53718185 3.54767036 3.5575304  3.56582451 3.57358599
 3.58050656 3.58545089 3.5892539  3.59223843 3.5943222  3.59497929
 3.59502745 3.59542108 3.59599876]
下一阶段初值 [-0.2761488  -0.47426879 -0.67208397 -0.86989921 -1.06801915 -1.26613915
 -1.46456397 -1.66298878 -1.8614136  -2.0592289  -2.2558248  -2.44876337
 -2.63286233 -2.79775929 -2.93674803 -3.03946567 -3.10743594 -3.15041304
 -3.17723513 -3.19399929]
INFO:root:	Iter: 085/299,	J: 4.21e-05,	t: 20400.00 s,	u1: 3.47,	u2: -0.01,	u3: 3.60,\目标处水位: -320.497, 误差百分比: 0.16%, IAQ累计: 5.72	OCP-solving-time: 4.51e+00 s
i 85  t [20400]
X0 [-0.2761488  -1.26613915 -2.2558248  -3.03946567 -3.20497203]
计算初值self.q_0 [3.43997288 3.45564914 3.47120929 3.48637009 3.50043511 3.51350331
 3.52586079 3.53718185 3.54767036 3.5575304  3.56582451 3.57358599
 3.58050656 3.58545089 3.5892539  3.59223843 3.5943222  3.59497929
 3.59502745 3.59542108 3.59599876]
计算初值self.z_0 [-0.2761488  -0.47426879 -0.67208397 -0.86989921 -1.06801915 -1.26613915
 -1.46456397 -1.66298878 -1.8614136  -2.0592289  -2.2558248  -2.44876337
 -2.63286233 -2.79775929 -2.93674803 -3.03946567 -3.10743594 -3.15041304
 -3.17723513 -3.19399929]
(True, 3, ('Starting Unsteady Computations', 'Computing', 'Computations Completed'), True)
[-0.28041601 -1.26979673 -2.25826311 -3.04038024 -3.20466733]
下一阶段的初值 [3.40997124 3.42566729 3.44160128 3.45737076 3.47238708 3.4866221
 3.50058794 3.51359677 3.52575326 3.5375104  3.54745793 3.55692434
 3.56550145 3.57200289 3.57846212 3.58329868 3.58580756 3.58710432
 3.58818054 3.58973241 3.5910008 ]
下一阶段初值 [-0.28041601 -0.47853601 -0.67604637 -0.87386167 -1.07198155 -1.26979673
 -1.46791685 -1.66634166 -1.86415684 -2.0619719  -2.25826311 -2.45089698
 -2.63469124 -2.79928327 -2.93766236 -3.04038024 -3.10774088 -3.15041304
 -3.17723513 -3.19399929]
INFO:root:	Iter: 086/299,	J: 4.11e-05,	t: 20640.00 s,	u1: 3.44,	u2: -0.01,	u3: 3.59,\目标处水位: -320.467, 误差百分比: 0.15%, IAQ累计: 5.73	OCP-solving-time: 4.56e+00 s
i 86  t [20640]
X0 [-0.28041601 -1.26979673 -2.25826311 -3.04038024 -3.20466733]
计算初值self.q_0 [3.40997124 3.42566729 3.44160128 3.45737076 3.47238708 3.4866221
 3.50058794 3.51359677 3.52575326 3.5375104  3.54745793 3.55692434
 3.56550145 3.57200289 3.57846212 3.58329868 3.58580756 3.58710432
 3.58818054 3.58973241 3.5910008 ]
计算初值self.z_0 [-0.28041601 -0.47853601 -0.67604637 -0.87386167 -1.07198155 -1.26979673
 -1.46791685 -1.66634166 -1.86415684 -2.0619719  -2.25826311 -2.45089698
 -2.63469124 -2.79928327 -2.93766236 -3.04038024 -3.10774088 -3.15041304
 -3.17723513 -3.19399929]
(True, 3, ('Starting Unsteady Computations', 'Computing', 'Computations Completed'), True)
[-0.28498802 -1.27375913 -2.26100659 -3.04129434 -3.20466733]
下一阶段的初值 [3.3799665  3.39670753 3.41220546 3.4280684  3.44339657 3.45861673
 3.47372103 3.48731017 3.50073504 3.51390266 3.52540755 3.53680253
 3.54722571 3.554914   3.56308603 3.56959319 3.57251573 3.57391739
 3.57567286 3.57881904 3.58199883]
下一阶段初值 [-0.28498802 -0.4828032  -0.68031365 -0.87812883 -1.07594395 -1.27375913
 -1.47157443 -1.66969442 -1.8675096  -2.06502008 -2.26100659 -2.45363998
 -2.63682485 -2.80111194 -2.93918633 -3.04129434 -3.10835052 -3.1507175
 -3.17723513 -3.19399929]
INFO:root:	Iter: 087/299,	J: 3.88e-05,	t: 20880.00 s,	u1: 3.41,	u2: -0.01,	u3: 3.58,\目标处水位: -320.467, 误差百分比: 0.15%, IAQ累计: 5.74	OCP-solving-time: 4.53e+00 s
i 87  t [20880]
X0 [-0.28498802 -1.27375913 -2.26100659 -3.04129434 -3.20466733]
计算初值self.q_0 [3.3799665  3.39670753 3.41220546 3.4280684  3.44339657 3.45861673
 3.47372103 3.48731017 3.50073504 3.51390266 3.52540755 3.53680253
 3.54722571 3.554914   3.56308603 3.56959319 3.57251573 3.57391739
 3.57567286 3.57881904 3.58199883]
计算初值self.z_0 [-0.28498802 -0.4828032  -0.68031365 -0.87812883 -1.07594395 -1.27375913
 -1.47157443 -1.66969442 -1.8675096  -2.06502008 -2.26100659 -2.45363998
 -2.63682485 -2.80111194 -2.93918633 -3.04129434 -3.10835052 -3.1507175
 -3.17723513 -3.19399929]
(True, 3, ('Starting Unsteady Computations', 'Computing', 'Computations Completed'), True)
[-0.28834081 -1.27772164 -2.26435924 -3.04251385 -3.20436239]
下一阶段的初值 [3.35998082 3.3723495  3.38540339 3.3995223  3.41422439 3.42914176
 3.44521737 3.46009207 3.47436643 3.48904324 3.50134969 3.51460481
 3.52669597 3.53476095 3.54481602 3.55304503 3.55606079 3.55726409
 3.55928326 3.56285381 3.56699944]
下一阶段初值 [-0.28834081 -0.4864608  -0.6845808  -0.88239598 -1.08021116 -1.27772164
 -1.47553682 -1.67365682 -1.87116718 -2.06867766 -2.26435924 -2.45638323
 -2.63956809 -2.80324554 -2.94101524 -3.04251385 -3.10926485 -3.15102243
 -3.17723513 -3.19369435]
INFO:root:	Iter: 088/299,	J: 4.00e-05,	t: 21120.00 s,	u1: 3.38,	u2: -0.01,	u3: 3.57,\目标处水位: -320.436, 误差百分比: 0.14%, IAQ累计: 5.75	OCP-solving-time: 4.64e+00 s
i 88  t [21120]
X0 [-0.28834081 -1.27772164 -2.26435924 -3.04251385 -3.20436239]
计算初值self.q_0 [3.35998082 3.3723495  3.38540339 3.3995223  3.41422439 3.42914176
 3.44521737 3.46009207 3.47436643 3.48904324 3.50134969 3.51460481
 3.52669597 3.53476095 3.54481602 3.55304503 3.55606079 3.55726409
 3.55928326 3.56285381 3.56699944]
计算初值self.z_0 [-0.28834081 -0.4864608  -0.6845808  -0.88239598 -1.08021116 -1.27772164
 -1.47553682 -1.67365682 -1.87116718 -2.06867766 -2.26435924 -2.45638323
 -2.63956809 -2.80324554 -2.94101524 -3.04251385 -3.10926485 -3.15102243
 -3.17723513 -3.19369435]
(True, 3, ('Starting Unsteady Computations', 'Computing', 'Computations Completed'), True)
[-0.2923032  -1.28168404 -2.26801682 -3.04403782 -3.20436239]
下一阶段的初值 [3.3299706  3.34523892 3.36015058 3.37507343 3.38918686 3.40282416
 3.41747808 3.43167615 3.44604135 3.46173716 3.47515655 3.48917627
 3.50283623 3.51248097 3.52359271 3.53244162 3.53607464 3.53894043
 3.5426414  3.54765058 3.55399919]
下一阶段初值 [-0.2923032  -0.4904232  -0.68823838 -0.88605362 -1.08386886 -1.28168404
 -1.47980404 -1.67761922 -1.87512958 -2.07233524 -2.26801682 -2.46004081
 -2.64261603 -2.80568409 -2.94314885 -3.04403782 -3.10987449 -3.15163207
 -3.17754006 -3.19399929]
INFO:root:	Iter: 089/299,	J: 3.71e-05,	t: 21360.00 s,	u1: 3.36,	u2: -0.01,	u3: 3.55,\目标处水位: -320.436, 误差百分比: 0.14%, IAQ累计: 5.77	OCP-solving-time: 4.56e+00 s
i 89  t [21360]
X0 [-0.2923032  -1.28168404 -2.26801682 -3.04403782 -3.20436239]
计算初值self.q_0 [3.3299706  3.34523892 3.36015058 3.37507343 3.38918686 3.40282416
 3.41747808 3.43167615 3.44604135 3.46173716 3.47515655 3.48917627
 3.50283623 3.51248097 3.52359271 3.53244162 3.53607464 3.53894043
 3.5426414  3.54765058 3.55399919]
计算初值self.z_0 [-0.2923032  -0.4904232  -0.68823838 -0.88605362 -1.08386886 -1.28168404
 -1.47980404 -1.67761922 -1.87512958 -2.07233524 -2.26801682 -2.46004081
 -2.64261603 -2.80568409 -2.94314885 -3.04403782 -3.10987449 -3.15163207
 -3.17754006 -3.19399929]
(True, 3, ('Starting Unsteady Computations', 'Computing', 'Computations Completed'), True)
[-0.29291281 -1.28564644 -2.27167439 -3.04586649 -3.20405769]
下一阶段的初值 [3.3400116  3.34002566 3.34400988 3.35207748 3.36283493 3.37538791
 3.39116597 3.40565014 3.41996431 3.43528104 3.44735813 3.46285295
 3.47721243 3.48659945 3.50061631 3.51104259 3.51364207 3.51474357
 3.51727247 3.52206349 3.52799869]
下一阶段初值 [-0.29291281 -0.49225202 -0.69128639 -0.8897112  -1.08783126 -1.28564644
 -1.48346162 -1.6812768  -1.87909198 -2.07629752 -2.27167439 -2.46369839
 -2.64627361 -2.8084271  -2.94528246 -3.04586649 -3.11109352 -3.15193677
 -3.17754006 -3.19369435]
INFO:root:	Iter: 090/299,	J: 3.85e-05,	t: 21600.00 s,	u1: 3.33,	u2: 0.00,	u3: 3.53,\目标处水位: -320.406, 误差百分比: 0.13%, IAQ累计: 5.79	OCP-solving-time: 4.40e+00 s
i 90  t [21600]
X0 [-0.29291281 -1.28564644 -2.27167439 -3.04586649 -3.20405769]
计算初值self.q_0 [3.3400116  3.34002566 3.34400988 3.35207748 3.36283493 3.37538791
 3.39116597 3.40565014 3.41996431 3.43528104 3.44735813 3.46285295
 3.47721243 3.48659945 3.50061631 3.51104259 3.51364207 3.51474357
 3.51727247 3.52206349 3.52799869]
计算初值self.z_0 [-0.29291281 -0.49225202 -0.69128639 -0.8897112  -1.08783126 -1.28564644
 -1.48346162 -1.6812768  -1.87909198 -2.07629752 -2.27167439 -2.46369839
 -2.64627361 -2.8084271  -2.94528246 -3.04586649 -3.11109352 -3.15193677
 -3.17754006 -3.19369435]
(True, 3, ('Starting Unsteady Computations', 'Computing', 'Computations Completed'), True)
[-0.28559759 -1.2886945  -2.27563691 -3.04739046 -3.20436239]
下一阶段的初值 [3.42008042 3.39034748 3.36914682 3.35710359 3.35366893 3.35781169
 3.3683908  3.38055301 3.39397788 3.40833163 3.42149901 3.43675876
 3.45139313 3.46216202 3.47384548 3.48423219 3.48958111 3.49364471
 3.4998405  3.50724816 3.5150013 ]
下一阶段初值 [-0.28559759 -0.48859441 -0.69006717 -0.8906256  -1.08996475 -1.2886945
 -1.48711932 -1.6852392  -1.88274968 -2.0799551  -2.27563691 -2.4673562
 -2.64962649 -2.81178021 -2.94772077 -3.04739046 -3.11200809 -3.1528511
 -3.1781497  -3.19399929]
INFO:root:	Iter: 091/299,	J: 3.53e-05,	t: 21840.00 s,	u1: 3.34,	u2: 0.02,	u3: 3.51,\目标处水位: -320.436, 误差百分比: 0.14%, IAQ累计: 5.80	OCP-solving-time: 4.59e+00 s
i 91  t [21840]
X0 [-0.28559759 -1.2886945  -2.27563691 -3.04739046 -3.20436239]
计算初值self.q_0 [3.42008042 3.39034748 3.36914682 3.35710359 3.35366893 3.35781169
 3.3683908  3.38055301 3.39397788 3.40833163 3.42149901 3.43675876
 3.45139313 3.46216202 3.47384548 3.48423219 3.48958111 3.49364471
 3.4998405  3.50724816 3.5150013 ]
计算初值self.z_0 [-0.28559759 -0.48859441 -0.69006717 -0.8906256  -1.08996475 -1.2886945
 -1.48711932 -1.6852392  -1.88274968 -2.0799551  -2.27563691 -2.4673562
 -2.64962649 -2.81178021 -2.94772077 -3.04739046 -3.11200809 -3.1528511
 -3.1781497  -3.19399929]
(True, 3, ('Starting Unsteady Computations', 'Computing', 'Computations Completed'), True)
[-0.27492961 -1.2886945  -2.27929449 -3.04952407 -3.20405769]
下一阶段的初值 [3.5100913  3.46920156 3.43425584 3.40677142 3.38627839 3.37291861
 3.36892295 3.36935639 3.37477064 3.38630986 3.39637923 3.41120028
 3.42578626 3.43500328 3.45052958 3.46170616 3.46381307 3.4653306
 3.46964908 3.47651005 3.48399997]
下一阶段初值 [-0.27492961 -0.47975519 -0.68366641 -0.88605362 -1.08783126 -1.2886945
 -1.48833835 -1.68767762 -1.88579762 -2.08361292 -2.27929449 -2.47101378
 -2.65328407 -2.81452322 -2.95046425 -3.04952407 -3.11353207 -3.15346074
 -3.1781497  -3.19399929]
INFO:root:	Iter: 092/299,	J: 3.92e-05,	t: 22080.00 s,	u1: 3.42,	u2: 0.02,	u3: 3.48,\目标处水位: -320.406, 误差百分比: 0.13%, IAQ累计: 5.84	OCP-solving-time: 4.50e+00 s
i 92  t [22080]
X0 [-0.27492961 -1.2886945  -2.27929449 -3.04952407 -3.20405769]
计算初值self.q_0 [3.5100913  3.46920156 3.43425584 3.40677142 3.38627839 3.37291861
 3.36892295 3.36935639 3.37477064 3.38630986 3.39637923 3.41120028
 3.42578626 3.43500328 3.45052958 3.46170616 3.46381307 3.4653306
 3.46964908 3.47651005 3.48399997]
计算初值self.z_0 [-0.27492961 -0.47975519 -0.68366641 -0.88605362 -1.08783126 -1.2886945
 -1.48833835 -1.68767762 -1.88579762 -2.08361292 -2.27929449 -2.47101378
 -2.65328407 -2.81452322 -2.95046425 -3.04952407 -3.11353207 -3.15346074
 -3.1781497  -3.19399929]
(True, 3, ('Starting Unsteady Computations', 'Computing', 'Computations Completed'), True)
[-0.26395682 -1.28412235 -2.28203773 -3.05135274 -3.20375276]
下一阶段的初值 [3.59007788 3.5495677  3.5110538  3.47659516 3.44564772 3.41948867
 3.40106559 3.387182   3.38039446 3.38154387 3.38325429 3.391891
 3.40401053 3.41242051 3.42517734 3.43556404 3.4376452  3.43833613
 3.44306231 3.44939113 3.45500064]
下一阶段初值 [-0.26395682 -0.469392   -0.67421758 -0.87812883 -1.08173525 -1.28412235
 -1.48590004 -1.68676317 -1.88671207 -2.08544159 -2.28203773 -2.47436643
 -2.65663671 -2.8178761  -2.95320725 -3.05135274 -3.11444664 -3.15376568
 -3.17845464 -3.19399929]
INFO:root:	Iter: 093/299,	J: 4.03e-05,	t: 22320.00 s,	u1: 3.51,	u2: 0.02,	u3: 3.45,\目标处水位: -320.375, 误差百分比: 0.12%, IAQ累计: 5.86	OCP-solving-time: 4.52e+00 s
i 93  t [22320]
X0 [-0.26395682 -1.28412235 -2.28203773 -3.05135274 -3.20375276]
计算初值self.q_0 [3.59007788 3.5495677  3.5110538  3.47659516 3.44564772 3.41948867
 3.40106559 3.387182   3.38039446 3.38154387 3.38325429 3.391891
 3.40401053 3.41242051 3.42517734 3.43556404 3.4376452  3.43833613
 3.44306231 3.44939113 3.45500064]
计算初值self.z_0 [-0.26395682 -0.469392   -0.67421758 -0.87812883 -1.08173525 -1.28412235
 -1.48590004 -1.68676317 -1.88671207 -2.08544159 -2.28203773 -2.47436643
 -2.65663671 -2.8178761  -2.95320725 -3.05135274 -3.11444664 -3.15376568
 -3.17845464 -3.19399929]
(True, 3, ('Starting Unsteady Computations', 'Computing', 'Computations Completed'), True)
[-0.25206962 -1.27711201 -2.28234243 -3.05257225 -3.20436239]
下一阶段的初值 [3.68008852 3.63512969 3.59179091 3.55152988 3.5145452  3.48171186
 3.45433235 3.43033934 3.41229033 3.40038037 3.39174652 3.3907187
 3.39352202 3.39715791 3.40424562 3.41074157 3.41515899 3.41855693
 3.42381525 3.43188    3.44100094]
下一阶段初值 [-0.25206962 -0.45811442 -0.6635496  -0.86868    -1.07320082 -1.27711201
 -1.48010886 -1.68249607 -1.88396895 -2.08422232 -2.28234243 -2.47558546
 -2.65877032 -2.82061911 -2.95534086 -3.05257225 -3.11536074 -3.15468025
 -3.17906404 -3.19460893]
INFO:root:	Iter: 094/299,	J: 4.28e-05,	t: 22560.00 s,	u1: 3.59,	u2: 0.02,	u3: 3.44,\目标处水位: -320.436, 误差百分比: 0.14%, IAQ累计: 5.88	OCP-solving-time: 4.67e+00 s
i 94  t [22560]
X0 [-0.25206962 -1.27711201 -2.28234243 -3.05257225 -3.20436239]
计算初值self.q_0 [3.68008852 3.63512969 3.59179091 3.55152988 3.5145452  3.48171186
 3.45433235 3.43033934 3.41229033 3.40038037 3.39174652 3.3907187
 3.39352202 3.39715791 3.40424562 3.41074157 3.41515899 3.41855693
 3.42381525 3.43188    3.44100094]
计算初值self.z_0 [-0.25206962 -0.45811442 -0.6635496  -0.86868    -1.07320082 -1.27711201
 -1.48010886 -1.68249607 -1.88396895 -2.08422232 -2.28234243 -2.47558546
 -2.65877032 -2.82061911 -2.95534086 -3.05257225 -3.11536074 -3.15468025
 -3.17906404 -3.19460893]
(True, 3, ('Starting Unsteady Computations', 'Computing', 'Computations Completed'), True)
[-0.24048719 -1.26796794 -2.27959919 -3.05348635 -3.20466733]
下一阶段的初值 [3.76007795 3.71723461 3.67464614 3.63332319 3.59295201 3.55429363
 3.52001882 3.48822212 3.46108031 3.44009185 3.42175388 3.41080666
 3.40392852 3.39825368 3.39937496 3.40187263 3.40241623 3.40326881
 3.40656185 3.41296148 3.42200041]
下一阶段初值 [-0.24048719 -0.44653201 -0.65227205 -0.85801202 -1.06314242 -1.26796794
 -1.47218394 -1.67579043 -1.87848246 -2.08026004 -2.27959919 -2.47436643
 -2.65877032 -2.82122874 -2.95625544 -3.05348635 -3.11627531 -3.15559435
 -3.17967367 -3.19491386]
i 95  t INFO:root:	Iter: 095/299,	J: 5.63e-05,	t: 22800.00 s,	u1: 3.68,	u2: 0.02,	u3: 3.42,\目标处水位: -320.467, 误差百分比: 0.15%, IAQ累计: 5.90	OCP-solving-time: 4.52e+00 s
[22800]
X0 [-0.24048719 -1.26796794 -2.27959919 -3.05348635 -3.20466733]
计算初值self.q_0 [3.76007795 3.71723461 3.67464614 3.63332319 3.59295201 3.55429363
 3.52001882 3.48822212 3.46108031 3.44009185 3.42175388 3.41080666
 3.40392852 3.39825368 3.39937496 3.40187263 3.40241623 3.40326881
 3.40656185 3.41296148 3.42200041]
计算初值self.z_0 [-0.24048719 -0.44653201 -0.65227205 -0.85801202 -1.06314242 -1.26796794
 -1.47218394 -1.67579043 -1.87848246 -2.08026004 -2.27959919 -2.47436643
 -2.65877032 -2.82122874 -2.95625544 -3.05348635 -3.11627531 -3.15559435
 -3.17967367 -3.19491386]
(True, 3, ('Starting Unsteady Computations', 'Computing', 'Computations Completed'), True)
[-0.23073362 -1.25760484 -2.27441764 -3.05318165 -3.20527673]
下一阶段的初值 [3.82005858 3.78477311 3.74819875 3.71017218 3.67095351 3.6314714
 3.5934701  3.55693007 3.52364922 3.49489069 3.46887016 3.44821596
 3.431849   3.41865587 3.41116047 3.40617681 3.40301657 3.40318656
 3.40544891 3.408952   3.41400075]
下一阶段初值 [-0.23073362 -0.43616879 -0.64160401 -0.84703922 -1.05247438 -1.25760484
 -1.46273518 -1.667256   -1.87116718 -2.07385921 -2.27441764 -2.47070885
 -2.65602708 -2.81970501 -2.95534086 -3.05318165 -3.11627531 -3.15589929
 -3.18028331 -3.19552326]
INFO:root:	Iter: 096/299,	J: 6.84e-05,	t: 23040.00 s,	u1: 3.76,	u2: 0.02,	u3: 3.41,\目标处水位: -320.528, 误差百分比: 0.16%, IAQ累计: 5.91	OCP-solving-time: 4.58e+00 s
i 96  t [23040]
X0 [-0.23073362 -1.25760484 -2.27441764 -3.05318165 -3.20527673]
计算初值self.q_0 [3.82005858 3.78477311 3.74819875 3.71017218 3.67095351 3.6314714
 3.5934701  3.55693007 3.52364922 3.49489069 3.46887016 3.44821596
 3.431849   3.41865587 3.41116047 3.40617681 3.40301657 3.40318656
 3.40544891 3.408952   3.41400075]
计算初值self.z_0 [-0.23073362 -0.43616879 -0.64160401 -0.84703922 -1.05247438 -1.25760484
 -1.46273518 -1.667256   -1.87116718 -2.07385921 -2.27441764 -2.47070885
 -2.65602708 -2.81970501 -2.95534086 -3.05318165 -3.11627531 -3.15589929
 -3.18028331 -3.19552326]
(True, 3, ('Starting Unsteady Computations', 'Computing', 'Computations Completed'), True)
[-0.231648   -1.24724162 -2.26740718 -3.05165768 -3.20527673]
下一阶段的初值 [3.76995182 3.77739358 3.77473474 3.76151633 3.73760557 3.7053895
 3.6681416  3.62929106 3.59260058 3.55958915 3.52813745 3.49960256
 3.47482824 3.45457602 3.44023347 3.42939115 3.42231178 3.41763663
 3.41459823 3.41303229 3.40999937]
下一阶段初值 [-0.231648   -0.432816   -0.63489836 -0.83820003 -1.0424161  -1.24724162
 -1.45237195 -1.65750253 -1.86202323 -2.06562972 -2.26740718 -2.46461296
 -2.65115047 -2.81574249 -2.95290232 -3.05165768 -3.11566567 -3.15559435
 -3.18028331 -3.19552326]
INFO:root:	Iter: 097/299,	J: 8.57e-05,	t: 23280.00 s,	u1: 3.82,	u2: -0.01,	u3: 3.41,\目标处水位: -320.528, 误差百分比: 0.16%, IAQ累计: 5.91	OCP-solving-time: 4.53e+00 s
i 97  t [23280]
X0 [-0.231648   -1.24724162 -2.26740718 -3.05165768 -3.20527673]
计算初值self.q_0 [3.76995182 3.77739358 3.77473474 3.76151633 3.73760557 3.7053895
 3.6681416  3.62929106 3.59260058 3.55958915 3.52813745 3.49960256
 3.47482824 3.45457602 3.44023347 3.42939115 3.42231178 3.41763663
 3.41459823 3.41303229 3.40999937]
计算初值self.z_0 [-0.231648   -0.432816   -0.63489836 -0.83820003 -1.0424161  -1.24724162
 -1.45237195 -1.65750253 -1.86202323 -2.06562972 -2.26740718 -2.46461296
 -2.65115047 -2.81574249 -2.95290232 -3.05165768 -3.11566567 -3.15559435
 -3.18028331 -3.19552326]
(True, 3, ('Starting Unsteady Computations', 'Computing', 'Computations Completed'), True)
[-0.23561041 -1.24053609 -2.25887275 -3.0486095  -3.2061913 ]
下一阶段的初值 [3.72995734 3.74353242 3.75232172 3.7538538  3.74884176 3.73737049
 3.71708155 3.69221115 3.6626482  3.62807345 3.59552312 3.56149483
 3.52985907 3.50656557 3.48238587 3.46342778 3.45688963 3.45436358
 3.45001674 3.44464803 3.4369998 ]
下一阶段初值 [-0.23561041 -0.43464482 -0.63489836 -0.83576167 -1.03784406 -1.24053609
 -1.44414234 -1.64835846 -1.85257447 -2.05618072 -2.25887275 -2.45668817
 -2.64414001 -2.8105607  -2.9486351  -3.0486095  -3.11383677 -3.15498471
 -3.18028331 -3.1961329 ]
INFO:root:	Iter: 098/299,	J: 9.22e-05,	t: 23520.00 s,	u1: 3.77,	u2: -0.01,	u3: 3.44,\目标处水位: -320.619, 误差百分比: 0.19%, IAQ累计: 5.94	OCP-solving-time: 4.39e+00 s
i 98  t [23520]
X0 [-0.23561041 -1.24053609 -2.25887275 -3.0486095  -3.2061913 ]
计算初值self.q_0 [3.72995734 3.74353242 3.75232172 3.7538538  3.74884176 3.73737049
 3.71708155 3.69221115 3.6626482  3.62807345 3.59552312 3.56149483
 3.52985907 3.50656557 3.48238587 3.46342778 3.45688963 3.45436358
 3.45001674 3.44464803 3.4369998 ]
计算初值self.z_0 [-0.23561041 -0.43464482 -0.63489836 -0.83576167 -1.03784406 -1.24053609
 -1.44414234 -1.64835846 -1.85257447 -2.05618072 -2.25887275 -2.45668817
 -2.64414001 -2.8105607  -2.9486351  -3.0486095  -3.11383677 -3.15498471
 -3.18028331 -3.1961329 ]
(True, 3, ('Starting Unsteady Computations', 'Computing', 'Computations Completed'), True)
[-0.24109681 -1.23809755 -2.25033832 -3.04495192 -3.2068007 ]
下一阶段的初值 [3.67995262 3.70086432 3.71818304 3.72994852 3.73645878 3.73773599
 3.72985816 3.71891117 3.70219564 3.67717457 3.65380764 3.6225996
 3.59132075 3.56792259 3.53819847 3.51611137 3.50939155 3.5065968
 3.50079465 3.49205327 3.48100114]
下一阶段初值 [-0.24109681 -0.43891203 -0.63764161 -0.83698082 -1.03692961 -1.23809755
 -1.43987525 -1.64256716 -1.84556401 -2.04825592 -2.25033832 -2.4481535
 -2.63591027 -2.80385542 -2.94314885 -3.04495192 -3.11200809 -3.15437531
 -3.18058825 -3.1967423 ]
INFO:root:	Iter: 099/299,	J: 1.03e-04,	t: 23760.00 s,	u1: 3.73,	u2: -0.01,	u3: 3.48,\目标处水位: -320.680, 误差百分比: 0.21%, IAQ累计: 5.98	OCP-solving-time: 4.56e+00 s
i 99  t [23760]
X0 [-0.24109681 -1.23809755 -2.25033832 -3.04495192 -3.2068007 ]
计算初值self.q_0 [3.67995262 3.70086432 3.71818304 3.72994852 3.73645878 3.73773599
 3.72985816 3.71891117 3.70219564 3.67717457 3.65380764 3.6225996
 3.59132075 3.56792259 3.53819847 3.51611137 3.50939155 3.5065968
 3.50079465 3.49205327 3.48100114]
计算初值self.z_0 [-0.24109681 -0.43891203 -0.63764161 -0.83698082 -1.03692961 -1.23809755
 -1.43987525 -1.64256716 -1.84556401 -2.04825592 -2.25033832 -2.4481535
 -2.63591027 -2.80385542 -2.94314885 -3.04495192 -3.11200809 -3.15437531
 -3.18058825 -3.1967423 ]
(True, 3, ('Starting Unsteady Computations', 'Computing', 'Computations Completed'), True)
[-0.24658321 -1.239012   -2.24393773 -3.04129434 -3.20710564]
下一阶段的初值 [3.6399579  3.66011643 3.67872071 3.69446492 3.70792413 3.71826243
 3.72145081 3.72207093 3.71709585 3.70286107 3.6893537  3.66706276
 3.64149261 3.62274384 3.59667563 3.57497072 3.56637359 3.56070185
 3.55111098 3.53767729 3.52200127]
下一阶段初值 [-0.24658321 -0.44409361 -0.64190876 -0.84033358 -1.03906322 -1.239012
 -1.43896091 -1.64012885 -1.84190655 -2.04307437 -2.24393773 -2.44114327
 -2.62859511 -2.79714966 -2.9379673  -3.04129434 -3.10956955 -3.15315604
 -3.17997837 -3.19643784]
INFO:root:	Iter: 100/299,	J: 1.08e-04,	t: 24000.00 s,	u1: 3.68,	u2: -0.01,	u3: 3.52,\目标处水位: -320.711, 误差百分比: 0.22%, IAQ累计: 6.02	OCP-solving-time: 4.49e+00 s
i 100  t [24000]
X0 [-0.24658321 -1.239012   -2.24393773 -3.04129434 -3.20710564]
计算初值self.q_0 [3.6399579  3.66011643 3.67872071 3.69446492 3.70792413 3.71826243
 3.72145081 3.72207093 3.71709585 3.70286107 3.6893537  3.66706276
 3.64149261 3.62274384 3.59667563 3.57497072 3.56637359 3.56070185
 3.55111098 3.53767729 3.52200127]
计算初值self.z_0 [-0.24658321 -0.44409361 -0.64190876 -0.84033358 -1.03906322 -1.239012
 -1.43896091 -1.64012885 -1.84190655 -2.04307437 -2.24393773 -2.44114327
 -2.62859511 -2.79714966 -2.9379673  -3.04129434 -3.10956955 -3.15315604
 -3.17997837 -3.19643784]
(True, 3, ('Starting Unsteady Computations', 'Computing', 'Computations Completed'), True)
[-0.25298399 -1.24145043 -2.24027991 -3.03763676 -3.2061913 ]
下一阶段的初值 [3.5899446  3.61469913 3.63775206 3.6569593  3.67476201 3.69039297
 3.69948268 3.70730662 3.71094513 3.70644307 3.70285797 3.69062233
 3.67407107 3.66230845 3.64166808 3.6233952  3.61656833 3.60982013
 3.59708047 3.58090591 3.56199884]
下一阶段初值 [-0.25298399 -0.4498848  -0.64709038 -0.84490561 -1.04272079 -1.24145043
 -1.4407897  -1.64043367 -1.84068727 -2.04063606 -2.24027991 -2.43626642
 -2.62310886 -2.79196787 -2.93339515 -3.03763676 -3.10713124 -3.15163207
 -3.1787591  -3.19552326]
INFO:root:	Iter: 101/299,	J: 1.04e-04,	t: 24240.00 s,	u1: 3.64,	u2: -0.01,	u3: 3.56,\目标处水位: -320.619, 误差百分比: 0.19%, IAQ累计: 6.06	OCP-solving-time: 4.55e+00 s
i 101  t [24240]
X0 [-0.25298399 -1.24145043 -2.24027991 -3.03763676 -3.2061913 ]
计算初值self.q_0 [3.5899446  3.61469913 3.63775206 3.6569593  3.67476201 3.69039297
 3.69948268 3.70730662 3.71094513 3.70644307 3.70285797 3.69062233
 3.67407107 3.66230845 3.64166808 3.6233952  3.61656833 3.60982013
 3.59708047 3.58090591 3.56199884]
计算初值self.z_0 [-0.25298399 -0.4498848  -0.64709038 -0.84490561 -1.04272079 -1.24145043
 -1.4407897  -1.64043367 -1.84068727 -2.04063606 -2.24027991 -2.43626642
 -2.62310886 -2.79196787 -2.93339515 -3.03763676 -3.10713124 -3.15163207
 -3.1787591  -3.19552326]
(True, 3, ('Starting Unsteady Computations', 'Computing', 'Computations Completed'), True)
[-0.25999439 -1.24571753 -2.23906088 -3.03458905 -3.20649624]
下一阶段的初值 [3.5399456  3.56599975 3.59128404 3.613204   3.63461995 3.65500546
 3.66861176 3.68284917 3.69331813 3.6951189  3.70091844 3.6966083
 3.68783021 3.68575764 3.67025089 3.65501118 3.65409946 3.65519524
 3.64735126 3.63415575 3.62000012]
下一阶段初值 [-0.25999439 -0.4562856  -0.65318638 -0.85039198 -1.04759765 -1.24571753
 -1.44383764 -1.64256716 -1.84190655 -2.04063606 -2.23906088 -2.43382812
 -2.62006068 -2.78861523 -2.93004251 -3.03458905 -3.10499763 -3.15041304
 -3.1781497  -3.19552326]
INFO:root:	Iter: 102/299,	J: 7.56e-05,	t: 24480.00 s,	u1: 3.59,	u2: -0.01,	u3: 3.62,\目标处水位: -320.650, 误差百分比: 0.20%, IAQ累计: 6.12	OCP-solving-time: 4.50e+00 s
i 102  t [24480]
X0 [-0.25999439 -1.24571753 -2.23906088 -3.03458905 -3.20649624]
计算初值self.q_0 [3.5399456  3.56599975 3.59128404 3.613204   3.63461995 3.65500546
 3.66861176 3.68284917 3.69331813 3.6951189  3.70091844 3.6966083
 3.68783021 3.68575764 3.67025089 3.65501118 3.65409946 3.65519524
 3.64735126 3.63415575 3.62000012]
计算初值self.z_0 [-0.25999439 -0.4562856  -0.65318638 -0.85039198 -1.04759765 -1.24571753
 -1.44383764 -1.64256716 -1.84190655 -2.04063606 -2.23906088 -2.43382812
 -2.62006068 -2.78861523 -2.93004251 -3.03458905 -3.10499763 -3.15041304
 -3.1781497  -3.19552326]
(True, 3, ('Starting Unsteady Computations', 'Computing', 'Computations Completed'), True)
[-0.26243281 -1.2508992  -2.23997521 -3.03367448 -3.20527673]
下一阶段的初值 [3.53999949 3.54748058 3.55923772 3.57388616 3.59219861 3.6122582
 3.63103533 3.64985466 3.66497302 3.67422962 3.68435836 3.68858337
 3.68810201 3.6890142  3.68466735 3.67981076 3.6771946  3.6732924
 3.66492772 3.65297508 3.64100003]
下一阶段初值 [-0.26243281 -0.46055281 -0.65867281 -0.85618323 -1.05338883 -1.2508992
 -1.44840956 -1.64622486 -1.84464967 -2.04246497 -2.23997521 -2.43382812
 -2.61914659 -2.78678632 -2.92821383 -3.03367448 -3.1040833  -3.14919353
 -3.17693043 -3.19430399]
INFO:root:	Iter: 103/299,	J: 7.19e-05,	t: 24720.00 s,	u1: 3.54,	u2: 0.00,	u3: 3.64,\目标处水位: -320.528, 误差百分比: 0.16%, IAQ累计: 6.14	OCP-solving-time: 4.49e+00 s
i 103  t [24720]
X0 [-0.26243281 -1.2508992  -2.23997521 -3.03367448 -3.20527673]
计算初值self.q_0 [3.53999949 3.54748058 3.55923772 3.57388616 3.59219861 3.6122582
 3.63103533 3.64985466 3.66497302 3.67422962 3.68435836 3.68858337
 3.68810201 3.6890142  3.68466735 3.67981076 3.6771946  3.6732924
 3.66492772 3.65297508 3.64100003]
计算初值self.z_0 [-0.26243281 -0.46055281 -0.65867281 -0.85618323 -1.05338883 -1.2508992
 -1.44840956 -1.64622486 -1.84464967 -2.04246497 -2.23997521 -2.43382812
 -2.61914659 -2.78678632 -2.92821383 -3.03367448 -3.1040833  -3.14919353
 -3.17693043 -3.19430399]
(True, 3, ('Starting Unsteady Computations', 'Computing', 'Computations Completed'), True)
[-0.26151839 -1.25547123 -2.24241352 -3.0327599  -3.20558167]
下一阶段的初值 [3.56001949 3.55592752 3.55638075 3.56021476 3.56910062 3.58229899
 3.59586573 3.613204   3.63038111 3.6432879  3.65898108 3.66864586
 3.67464304 3.68307614 3.68169117 3.67875481 3.68265939 3.68698931
 3.6856699  3.68069744 3.6759994 ]
下一阶段初值 [-0.26151839 -0.46146724 -0.66080642 -0.85953599 -1.05735123 -1.25547123
 -1.45328641 -1.65079677 -1.84891677 -2.04581761 -2.24241352 -2.43535185
 -2.61975622 -2.78709126 -2.9279089  -3.0327599  -3.10347366 -3.14858413
 -3.17693043 -3.19430399]
INFO:root:	Iter: 104/299,	J: 4.71e-05,	t: 24960.00 s,	u1: 3.54,	u2: 0.01,	u3: 3.68,\目标处水位: -320.558, 误差百分比: 0.17%, IAQ累计: 6.18	OCP-solving-time: 4.59e+00 s
i 104  t [24960]
X0 [-0.26151839 -1.25547123 -2.24241352 -3.0327599  -3.20558167]
计算初值self.q_0 [3.56001949 3.55592752 3.55638075 3.56021476 3.56910062 3.58229899
 3.59586573 3.613204   3.63038111 3.6432879  3.65898108 3.66864586
 3.67464304 3.68307614 3.68169117 3.67875481 3.68265939 3.68698931
 3.6856699  3.68069744 3.6759994 ]
计算初值self.z_0 [-0.26151839 -0.46146724 -0.66080642 -0.85953599 -1.05735123 -1.25547123
 -1.45328641 -1.65079677 -1.84891677 -2.04581761 -2.24241352 -2.43535185
 -2.61975622 -2.78709126 -2.9279089  -3.0327599  -3.10347366 -3.14858413
 -3.17693043 -3.19430399]
(True, 3, ('Starting Unsteady Computations', 'Computing', 'Computations Completed'), True)
[-0.2596896  -1.25821435 -2.2457664  -3.03397942 -3.20436239]
下一阶段的初值 [3.58001947 3.5724957  3.56711268 3.56514478 3.56640196 3.57029843
 3.57823563 3.5887382  3.60112143 3.61495972 3.62851191 3.64201927
 3.6527741  3.66134548 3.67117691 3.67717171 3.67710686 3.67443919
 3.6711514  3.66751289 3.66399884]
下一阶段初值 [-0.2596896  -0.46024799 -0.6605016  -0.86014563 -1.05948484 -1.25821435
 -1.45663917 -1.65475917 -1.85257447 -2.04977989 -2.2457664  -2.43840003
 -2.62219429 -2.78800583 -2.92882323 -3.03397942 -3.10377836 -3.14797449
 -3.17571115 -3.19308472]
INFO:root:	Iter: 105/299,	J: 5.09e-05,	t: 25200.00 s,	u1: 3.56,	u2: 0.01,	u3: 3.66,\目标处水位: -320.436, 误差百分比: 0.14%, IAQ累计: 6.19	OCP-solving-time: 4.45e+00 s
i 105  t [25200]
X0 [-0.2596896  -1.25821435 -2.2457664  -3.03397942 -3.20436239]
计算初值self.q_0 [3.58001947 3.5724957  3.56711268 3.56514478 3.56640196 3.57029843
 3.57823563 3.5887382  3.60112143 3.61495972 3.62851191 3.64201927
 3.6527741  3.66134548 3.67117691 3.67717171 3.67710686 3.67443919
 3.6711514  3.66751289 3.66399884]
计算初值self.z_0 [-0.2596896  -0.46024799 -0.6605016  -0.86014563 -1.05948484 -1.25821435
 -1.45663917 -1.65475917 -1.85257447 -2.04977989 -2.2457664  -2.43840003
 -2.62219429 -2.78800583 -2.92882323 -3.03397942 -3.10377836 -3.14797449
 -3.17571115 -3.19308472]
(True, 3, ('Starting Unsteady Computations', 'Computing', 'Computations Completed'), True)
[-0.2572512  -1.25912881 -2.24911928 -3.03458905 -3.20436239]
下一阶段的初值 [3.60001969 3.59092999 3.58334112 3.57720208 3.57334805 3.57225513
 3.57355475 3.57804012 3.58540535 3.59437919 3.60534906 3.61714578
 3.62913251 3.64023256 3.64797163 3.65391803 3.65928125 3.66287446
 3.66498995 3.66700912 3.66899967]
下一阶段初值 [-0.2572512  -0.45811442 -0.65897757 -0.85923123 -1.05948484 -1.25912881
 -1.45816314 -1.65719759 -1.85562241 -2.05313277 -2.24911928 -2.44144821
 -2.62524247 -2.79074883 -2.9306519  -3.03458905 -3.1040833  -3.14797449
 -3.17571115 -3.19308472]
INFO:root:	Iter: 106/299,	J: 3.84e-05,	t: 25440.00 s,	u1: 3.58,	u2: 0.01,	u3: 3.67,\目标处水位: -320.436, 误差百分比: 0.14%, IAQ累计: 6.19	OCP-solving-time: 4.43e+00 s
i 106  t [25440]
X0 [-0.2572512  -1.25912881 -2.24911928 -3.03458905 -3.20436239]
计算初值self.q_0 [3.60001969 3.59092999 3.58334112 3.57720208 3.57334805 3.57225513
 3.57355475 3.57804012 3.58540535 3.59437919 3.60534906 3.61714578
 3.62913251 3.64023256 3.64797163 3.65391803 3.65928125 3.66287446
 3.66498995 3.66700912 3.66899967]
计算初值self.z_0 [-0.2572512  -0.45811442 -0.65897757 -0.85923123 -1.05948484 -1.25912881
 -1.45816314 -1.65719759 -1.85562241 -2.05313277 -2.24911928 -2.44144821
 -2.62524247 -2.79074883 -2.9306519  -3.03458905 -3.1040833  -3.14797449
 -3.17571115 -3.19308472]
(True, 3, ('Starting Unsteady Computations', 'Computing', 'Computations Completed'), True)
[-0.25450799 -1.25851929 -2.25155759 -3.03611302 -3.20436239]
下一阶段的初值 [3.62001991 3.6103158  3.60124874 3.59344745 3.58696842 3.58176398
 3.57943916 3.57859516 3.58005357 3.584975   3.5906949  3.59951019
 3.60916042 3.61689091 3.626966   3.63578963 3.63973403 3.64145017
 3.64460754 3.64991689 3.65599918]
下一阶段初值 [-0.25450799 -0.45598081 -0.65684402 -0.8577072  -1.05826557 -1.25851929
 -1.45846796 -1.65811205 -1.85714638 -2.05526638 -2.25155759 -2.44449615
 -2.62829041 -2.79318714 -2.93248081 -3.03611302 -3.10499763 -3.14858413
 -3.17571115 -3.19308472]
INFO:root:	Iter: 107/299,	J: 4.13e-05,	t: 25680.00 s,	u1: 3.60,	u2: 0.01,	u3: 3.66,\目标处水位: -320.436, 误差百分比: 0.14%, IAQ累计: 6.21	OCP-solving-time: 4.53e+00 s
i 107  t [25680]
X0 [-0.25450799 -1.25851929 -2.25155759 -3.03611302 -3.20436239]
计算初值self.q_0 [3.62001991 3.6103158  3.60124874 3.59344745 3.58696842 3.58176398
 3.57943916 3.57859516 3.58005357 3.584975   3.5906949  3.59951019
 3.60916042 3.61689091 3.626966   3.63578963 3.63973403 3.64145017
 3.64460754 3.64991689 3.65599918]
计算初值self.z_0 [-0.25450799 -0.45598081 -0.65684402 -0.8577072  -1.05826557 -1.25851929
 -1.45846796 -1.65811205 -1.85714638 -2.05526638 -2.25155759 -2.44449615
 -2.62829041 -2.79318714 -2.93248081 -3.03611302 -3.10499763 -3.14858413
 -3.17571115 -3.19308472]
(True, 3, ('Starting Unsteady Computations', 'Computing', 'Computations Completed'), True)
[-0.2471928  -1.25730002 -2.2530818  -3.03763676 -3.20436239]
下一阶段的初值 [3.69007015 3.66039395 3.63632178 3.61763287 3.60391617 3.59418368
 3.5893414  3.58598042 3.58378005 3.58467484 3.58528924 3.58997297
 3.59670401 3.60083246 3.60891962 3.61664438 3.6189692  3.6210959
 3.6260488  3.6321764  3.63900065]
下一阶段初值 [-0.2471928  -0.45049441 -0.65318638 -0.85496402 -1.0564369  -1.25730002
 -1.45755363 -1.65780723 -1.85714638 -2.05618072 -2.2530818  -2.44632483
 -2.63042402 -2.79532075 -2.93430948 -3.03763676 -3.10591197 -3.14919353
 -3.17632079 -3.19338965]
INFO:root:	Iter: 108/299,	J: 5.81e-05,	t: 25920.00 s,	u1: 3.62,	u2: 0.02,	u3: 3.64,\目标处水位: -320.436, 误差百分比: 0.14%, IAQ累计: 6.22	OCP-solving-time: 4.61e+00 s
i 108  t [25920]
X0 [-0.2471928  -1.25730002 -2.2530818  -3.03763676 -3.20436239]
计算初值self.q_0 [3.69007015 3.66039395 3.63632178 3.61763287 3.60391617 3.59418368
 3.5893414  3.58598042 3.58378005 3.58467484 3.58528924 3.58997297
 3.59670401 3.60083246 3.60891962 3.61664438 3.6189692  3.6210959
 3.6260488  3.6321764  3.63900065]
计算初值self.z_0 [-0.2471928  -0.45049441 -0.65318638 -0.85496402 -1.0564369  -1.25730002
 -1.45755363 -1.65780723 -1.85714638 -2.05618072 -2.2530818  -2.44632483
 -2.63042402 -2.79532075 -2.93430948 -3.03763676 -3.10591197 -3.14919353
 -3.17632079 -3.19338965]
(True, 3, ('Starting Unsteady Computations', 'Computing', 'Computations Completed'), True)
[-0.23652481 -1.25394714 -2.2533865  -3.03885603 -3.20497203]
下一阶段的初值 [3.78008938 3.73880053 3.70238233 3.67169237 3.64611411 3.62574577
 3.61163259 3.6007731  3.59340215 3.59024191 3.58770204 3.58889961
 3.59160399 3.59301138 3.59801769 3.60247755 3.6041851  3.60721803
 3.61254144 3.61888433 3.6260004 ]
下一阶段初值 [-0.23652481 -0.44165522 -0.64587122 -0.84917283 -1.05186486 -1.25394714
 -1.45542002 -1.65628326 -1.85653687 -2.05587602 -2.2533865  -2.44693446
 -2.6316433  -2.79654002 -2.93583369 -3.03885603 -3.10682631 -3.14980316
 -3.17693043 -3.19399929]
INFO:root:	Iter: 109/299,	J: 7.40e-05,	t: 26160.00 s,	u1: 3.69,	u2: 0.02,	u3: 3.63,\目标处水位: -320.497, 误差百分比: 0.16%, IAQ累计: 6.24	OCP-solving-time: 4.50e+00 s
i 109  t [26160]
X0 [-0.23652481 -1.25394714 -2.2533865  -3.03885603 -3.20497203]
计算初值self.q_0 [3.78008938 3.73880053 3.70238233 3.67169237 3.64611411 3.62574577
 3.61163259 3.6007731  3.59340215 3.59024191 3.58770204 3.58889961
 3.59160399 3.59301138 3.59801769 3.60247755 3.6041851  3.60721803
 3.61254144 3.61888433 3.6260004 ]
计算初值self.z_0 [-0.23652481 -0.44165522 -0.64587122 -0.84917283 -1.05186486 -1.25394714
 -1.45542002 -1.65628326 -1.85653687 -2.05587602 -2.2533865  -2.44693446
 -2.6316433  -2.79654002 -2.93583369 -3.03885603 -3.10682631 -3.14980316
 -3.17693043 -3.19399929]
(True, 3, ('Starting Unsteady Computations', 'Computing', 'Computations Completed'), True)
[-0.2246376  -1.24785113 -2.25247192 -3.03977036 -3.20405769]
下一阶段的初值 [3.87008882 3.82564545 3.78312778 3.74479222 3.71006775 3.67933249
 3.65565658 3.63456321 3.61841154 3.60901332 3.59892106 3.59552312
 3.59460831 3.59051085 3.59482932 3.59887028 3.59469318 3.5889082
 3.58752346 3.5891459  3.5910008 ]
下一阶段初值 [-0.2246376  -0.43037757 -0.63581282 -0.84033358 -1.04454958 -1.24785113
 -1.45054317 -1.65293038 -1.85409844 -2.05435205 -2.25247192 -2.44693446
 -2.63194799 -2.79684472 -2.93644309 -3.03977036 -3.10743594 -3.14980316
 -3.17632079 -3.19308472]
INFO:root:	Iter: 110/299,	J: 1.05e-04,	t: 26400.00 s,	u1: 3.78,	u2: 0.02,	u3: 3.59,\目标处水位: -320.406, 误差百分比: 0.13%, IAQ累计: 6.27	OCP-solving-time: 4.58e+00 s
i 110  t [26400]
X0 [-0.2246376  -1.24785113 -2.25247192 -3.03977036 -3.20405769]
计算初值self.q_0 [3.87008882 3.82564545 3.78312778 3.74479222 3.71006775 3.67933249
 3.65565658 3.63456321 3.61841154 3.60901332 3.59892106 3.59552312
 3.59460831 3.59051085 3.59482932 3.59887028 3.59469318 3.5889082
 3.58752346 3.5891459  3.5910008 ]
计算初值self.z_0 [-0.2246376  -0.43037757 -0.63581282 -0.84033358 -1.04454958 -1.24785113
 -1.45054317 -1.65293038 -1.85409844 -2.05435205 -2.25247192 -2.44693446
 -2.63194799 -2.79684472 -2.93644309 -3.03977036 -3.10743594 -3.14980316
 -3.17632079 -3.19308472]
(True, 3, ('Starting Unsteady Computations', 'Computing', 'Computations Completed'), True)
[-0.2121408  -1.23931682 -2.25003362 -3.03885603 -3.20375276]
下一阶段的初值 [3.96008825 3.91412735 3.86965537 3.82670188 3.78668737 3.75005364
 3.71692872 3.6875217  3.66287184 3.64309525 3.62617326 3.6141386
 3.60666299 3.60033679 3.59547758 3.59250164 3.59042311 3.58868456
 3.58851743 3.58903003 3.58799934]
下一阶段初值 [-0.2121408  -0.41849041 -0.6245352  -0.82997042 -1.034796   -1.23931682
 -1.44353282 -1.64683437 -1.84922159 -2.05069447 -2.25003362 -2.44510579
 -2.63072872 -2.79684472 -2.93613863 -3.03885603 -3.10682631 -3.14949846
 -3.17632079 -3.19308472]
INFO:root:	Iter: 111/299,	J: 1.64e-04,	t: 26640.00 s,	u1: 3.87,	u2: 0.02,	u3: 3.59,\目标处水位: -320.375, 误差百分比: 0.12%, IAQ累计: 6.27	OCP-solving-time: 4.48e+00 s
i 111  t [26640]
X0 [-0.2121408  -1.23931682 -2.25003362 -3.03885603 -3.20375276]
计算初值self.q_0 [3.96008825 3.91412735 3.86965537 3.82670188 3.78668737 3.75005364
 3.71692872 3.6875217  3.66287184 3.64309525 3.62617326 3.6141386
 3.60666299 3.60033679 3.59547758 3.59250164 3.59042311 3.58868456
 3.58851743 3.58903003 3.58799934]
计算初值self.z_0 [-0.2121408  -0.41849041 -0.6245352  -0.82997042 -1.034796   -1.23931682
 -1.44353282 -1.64683437 -1.84922159 -2.05069447 -2.25003362 -2.44510579
 -2.63072872 -2.79684472 -2.93613863 -3.03885603 -3.10682631 -3.14949846
 -3.17632079 -3.19308472]
(True, 3, ('Starting Unsteady Computations', 'Computing', 'Computations Completed'), True)
[-0.1987296  -1.22925842 -2.24515676 -3.03794169 -3.20344806]
下一阶段的初值 [4.06009769 4.00932312 3.96025801 3.91375351 3.86954522 3.82777524
 3.78951311 3.75419903 3.72217584 3.69423842 3.6696651  3.64940143
 3.63313913 3.62017274 3.6111002  3.60438609 3.59857559 3.59420061
 3.5909667  3.58749533 3.58400106]
下一阶段初值 [-0.1987296  -0.40568879 -0.61234325 -0.81838799 -1.02412796 -1.22925842
 -1.43438876 -1.63860476 -1.84221125 -2.04459858 -2.24515676 -2.44144821
 -2.62798548 -2.79471111 -2.93491912 -3.03794169 -3.10621691 -3.14919353
 -3.17571115 -3.19247532]
INFO:root:	Iter: 112/299,	J: 4.82e-04,	t: 26880.00 s,	u1: 3.96,	u2: 0.02,	u3: 3.58,\目标处水位: -320.345, 误差百分比: 0.11%, IAQ累计: 6.28	OCP-solving-time: 4.34e+00 s
i 112  t [26880]
X0 [-0.1987296  -1.22925842 -2.24515676 -3.03794169 -3.20344806]
计算初值self.q_0 [4.06009769 4.00932312 3.96025801 3.91375351 3.86954522 3.82777524
 3.78951311 3.75419903 3.72217584 3.69423842 3.6696651  3.64940143
 3.63313913 3.62017274 3.6111002  3.60438609 3.59857559 3.59420061
 3.5909667  3.58749533 3.58400106]
计算初值self.z_0 [-0.1987296  -0.40568879 -0.61234325 -0.81838799 -1.02412796 -1.22925842
 -1.43438876 -1.63860476 -1.84221125 -2.04459858 -2.24515676 -2.44144821
 -2.62798548 -2.79471111 -2.93491912 -3.03794169 -3.10621691 -3.14919353
 -3.17571115 -3.19247532]
(True, 3, ('Starting Unsteady Computations', 'Computing', 'Computations Completed'), True)
[-0.185928   -1.21798086 -2.23814631 -3.03611302 -3.20192409]
下一阶段的初值 [4.15008879 4.10184526 4.05392742 4.0058794  3.95923018 3.91390347
 3.87059307 3.8298676  3.79185486 3.75812411 3.72685909 3.69919658
 3.67605352 3.65598798 3.64015317 3.62734842 3.61602163 3.60615039
 3.59755063 3.58885741 3.579     ]
下一阶段初值 [-0.185928   -0.39258239 -0.59923679 -0.80589122 -1.01224089 -1.21798086
 -1.42372084 -1.62885118 -1.833372   -2.03667378 -2.23814631 -2.43535185
 -2.62310886 -2.79105353 -2.93217611 -3.03611302 -3.1046927  -3.14797449
 -3.17449212 -3.19125605]
i 113  t INFO:root:	Iter: 113/299,	J: 8.51e-04,	t: 27120.00 s,	u1: 4.06,	u2: 0.02,	u3: 3.58,\目标处水位: -320.192, 误差百分比: 0.06%, IAQ累计: 6.28	OCP-solving-time: 4.53e+00 s
[27120]
X0 [-0.185928   -1.21798086 -2.23814631 -3.03611302 -3.20192409]
计算初值self.q_0 [4.15008879 4.10184526 4.05392742 4.0058794  3.95923018 3.91390347
 3.87059307 3.8298676  3.79185486 3.75812411 3.72685909 3.69919658
 3.67605352 3.65598798 3.64015317 3.62734842 3.61602163 3.60615039
 3.59755063 3.58885741 3.579     ]
计算初值self.z_0 [-0.185928   -0.39258239 -0.59923679 -0.80589122 -1.01224089 -1.21798086
 -1.42372084 -1.62885118 -1.833372   -2.03667378 -2.23814631 -2.43535185
 -2.62310886 -2.79105353 -2.93217611 -3.03611302 -3.1046927  -3.14797449
 -3.17449212 -3.19125605]
(True, 3, ('Starting Unsteady Computations', 'Computing', 'Computations Completed'), True)
[-0.1755648  -1.20609367 -2.22961211 -3.03215051 -3.20192409]
下一阶段的初值 [4.21005821 4.17281008 4.13415194 4.09157467 4.04766655 4.0037303
 3.95711207 3.91346765 3.87196064 3.83078241 3.7962327  3.76153326
 3.73080969 3.7081306  3.6817224  3.65977955 3.65005851 3.64429593
 3.63562226 3.62496686 3.6120007 ]
下一阶段初值 [-0.1755648  -0.38130483 -0.58734959 -0.79339439 -0.999744   -1.20609367
 -1.41183364 -1.61787844 -1.82300878 -2.02722478 -2.22961211 -2.42773199
 -2.6164031  -2.78617668 -2.92760396 -3.03215051 -3.10194969 -3.14645052
 -3.17388248 -3.19125605]
INFO:root:	Iter: 114/299,	J: 1.16e-03,	t: 27360.00 s,	u1: 4.15,	u2: 0.01,	u3: 3.61,\目标处水位: -320.192, 误差百分比: 0.06%, IAQ累计: 6.32	OCP-solving-time: 4.36e+00 s
i 114  t [27360]
X0 [-0.1755648  -1.20609367 -2.22961211 -3.03215051 -3.20192409]
计算初值self.q_0 [4.21005821 4.17281008 4.13415194 4.09157467 4.04766655 4.0037303
 3.95711207 3.91346765 3.87196064 3.83078241 3.7962327  3.76153326
 3.73080969 3.7081306  3.6817224  3.65977955 3.65005851 3.64429593
 3.63562226 3.62496686 3.6120007 ]
计算初值self.z_0 [-0.1755648  -0.38130483 -0.58734959 -0.79339439 -0.999744   -1.20609367
 -1.41183364 -1.61787844 -1.82300878 -2.02722478 -2.22961211 -2.42773199
 -2.6164031  -2.78617668 -2.92760396 -3.03215051 -3.10194969 -3.14645052
 -3.17388248 -3.19125605]
(True, 3, ('Starting Unsteady Computations', 'Computing', 'Computations Completed'), True)
[-0.17861281 -1.19420636 -2.21955371 -3.02818823 -3.20070505]
下一阶段的初值 [4.12991858 4.14676714 4.15061808 4.14003038 4.11728668 4.0844841
 4.04206562 3.99813461 3.95445037 3.91167474 3.87370801 3.83357406
 3.79623032 3.76768947 3.738379   3.7138536  3.70066905 3.6890223
 3.67353868 3.65680075 3.63700151]
下一阶段初值 [-0.17861281 -0.3788664  -0.58094883 -0.78425038 -0.9887712  -1.19420636
 -1.39994645 -1.60629606 -1.81203604 -2.01625204 -2.21955371 -2.41828322
 -2.60817361 -2.77886152 -2.92211771 -3.02818823 -3.09920645 -3.14462185
 -3.17235851 -3.18973207]
i 115  t INFO:root:	Iter: 115/299,	J: 1.21e-03,	t: 27600.00 s,	u1: 4.21,	u2: -0.02,	u3: 3.64,\目标处水位: -320.071, 误差百分比: 0.02%, IAQ累计: 6.34	OCP-solving-time: 4.38e+00 s
[27600]
X0 [-0.17861281 -1.19420636 -2.21955371 -3.02818823 -3.20070505]
计算初值self.q_0 [4.12991858 4.14676714 4.15061808 4.14003038 4.11728668 4.0844841
 4.04206562 3.99813461 3.95445037 3.91167474 3.87370801 3.83357406
 3.79623032 3.76768947 3.738379   3.7138536  3.70066905 3.6890223
 3.67353868 3.65680075 3.63700151]
计算初值self.z_0 [-0.17861281 -0.3788664  -0.58094883 -0.78425038 -0.9887712  -1.19420636
 -1.39994645 -1.60629606 -1.81203604 -2.01625204 -2.21955371 -2.41828322
 -2.60817361 -2.77886152 -2.92211771 -3.02818823 -3.09920645 -3.14462185
 -3.17235851 -3.18973207]
(True, 3, ('Starting Unsteady Computations', 'Computing', 'Computations Completed'), True)
[-0.18562321 -1.18750083 -2.20888567 -3.02239704 -3.20192409]
下一阶段的初值 [4.05992794 4.08512115 4.10539055 4.11389685 4.11484289 4.10901213
 4.08783674 4.06332302 4.0322876  3.98987746 3.95484662 3.91123033
 3.86955094 3.84233546 3.80314231 3.77024102 3.76222968 3.76033854
 3.74909925 3.73479652 3.71699953]
下一阶段初值 [-0.18562321 -0.38343841 -0.58277756 -0.78333598 -0.98450404 -1.18750083
 -1.3911072  -1.59593284 -1.80106318 -2.00497437 -2.20888567 -2.40792012
 -2.59811521 -2.77124166 -2.91510725 -3.02239704 -3.09554887 -3.14309764
 -3.17235851 -3.19034171]
INFO:root:	Iter: 116/299,	J: 1.26e-03,	t: 27840.00 s,	u1: 4.13,	u2: -0.02,	u3: 3.72,\目标处水位: -320.192, 误差百分比: 0.06%, IAQ累计: 6.42	OCP-solving-time: 4.82e+00 s
i 116  t [27840]
X0 [-0.18562321 -1.18750083 -2.20888567 -3.02239704 -3.20192409]
计算初值self.q_0 [4.05992794 4.08512115 4.10539055 4.11389685 4.11484289 4.10901213
 4.08783674 4.06332302 4.0322876  3.98987746 3.95484662 3.91123033
 3.86955094 3.84233546 3.80314231 3.77024102 3.76222968 3.76033854
 3.74909925 3.73479652 3.71699953]
计算初值self.z_0 [-0.18562321 -0.38343841 -0.58277756 -0.78333598 -0.98450404 -1.18750083
 -1.3911072  -1.59593284 -1.80106318 -2.00497437 -2.20888567 -2.40792012
 -2.59811521 -2.77124166 -2.91510725 -3.02239704 -3.09554887 -3.14309764
 -3.17235851 -3.19034171]
(True, 3, ('Starting Unsteady Computations', 'Computing', 'Computations Completed'), True)
[-0.19476721 -1.18658638 -2.19913197 -3.01721525 -3.20405769]
下一阶段的初值 [3.97991848 4.01448488 4.04543543 4.06648588 4.08253288 4.09340096
 4.08872032 4.08259821 4.06879663 4.04004955 4.01815462 3.98181581
 3.94252062 3.91757321 3.87903666 3.84573078 3.840101   3.84318233
 3.83519697 3.82360387 3.80900073]
下一阶段初值 [-0.19476721 -0.39105842 -0.58826399 -0.78668886 -0.9857232  -1.18658638
 -1.38775444 -1.59044635 -1.79374814 -1.99613512 -2.19913197 -2.39786172
 -2.5880568  -2.7624023  -2.90779209 -3.01721525 -3.09280562 -3.1421833
 -3.17296791 -3.19217038]
i 117  t INFO:root:	Iter: 117/299,	J: 1.54e-03,	t: 28080.00 s,	u1: 4.06,	u2: -0.02,	u3: 3.81,\目标处水位: -320.406, 误差百分比: 0.13%, IAQ累计: 6.51	OCP-solving-time: 5.15e+00 s
[28080]
X0 [-0.19476721 -1.18658638 -2.19913197 -3.01721525 -3.20405769]
计算初值self.q_0 [3.97991848 4.01448488 4.04543543 4.06648588 4.08253288 4.09340096
 4.08872032 4.08259821 4.06879663 4.04004955 4.01815462 3.98181581
 3.94252062 3.91757321 3.87903666 3.84573078 3.840101   3.84318233
 3.83519697 3.82360387 3.80900073]
计算初值self.z_0 [-0.19476721 -0.39105842 -0.58826399 -0.78668886 -0.9857232  -1.18658638
 -1.38775444 -1.59044635 -1.79374814 -1.99613512 -2.19913197 -2.39786172
 -2.5880568  -2.7624023  -2.90779209 -3.01721525 -3.09280562 -3.1421833
 -3.17296791 -3.19217038]
(True, 3, ('Starting Unsteady Computations', 'Computing', 'Computations Completed'), True)
[-0.204216   -1.18932962 -2.19242644 -3.01294804 -3.20558167]
下一阶段的初值 [3.90992785 3.94517922 3.9783299  4.00556231 4.03063107 4.05231333
 4.0620203  4.07029486 4.07098579 4.05777884 4.04851055 4.02547741
 3.99720049 3.97873759 3.94903898 3.92286873 3.91673231 3.91598749
 3.90659499 3.89418077 3.87899995]
下一阶段初值 [-0.204216   -0.39989761 -0.59618878 -0.79308963 -0.99059999 -1.18932962
 -1.38866889 -1.58922732 -1.79039526 -1.99125838 -2.19242644 -2.38993692
 -2.57982707 -2.7544775  -2.90108633 -3.01294804 -3.09067225 -3.14126873
 -3.17296791 -3.19308472]
INFO:root:	Iter: 118/299,	J: 1.78e-03,	t: 28320.00 s,	u1: 3.98,	u2: -0.02,	u3: 3.88,\目标处水位: -320.558, 误差百分比: 0.17%, IAQ累计: 6.58	OCP-solving-time: 5.23e+00 s
i 118  t [28320]
X0 [-0.204216   -1.18932962 -2.19242644 -3.01294804 -3.20558167]
计算初值self.q_0 [3.90992785 3.94517922 3.9783299  4.00556231 4.03063107 4.05231333
 4.0620203  4.07029486 4.07098579 4.05777884 4.04851055 4.02547741
 3.99720049 3.97873759 3.94903898 3.92286873 3.91673231 3.91598749
 3.90659499 3.89418077 3.87899995]
计算初值self.z_0 [-0.204216   -0.39989761 -0.59618878 -0.79308963 -0.99059999 -1.18932962
 -1.38866889 -1.58922732 -1.79039526 -1.99125838 -2.19242644 -2.38993692
 -2.57982707 -2.7544775  -2.90108633 -3.01294804 -3.09067225 -3.14126873
 -3.17296791 -3.19308472]
(True, 3, ('Starting Unsteady Computations', 'Computing', 'Computations Completed'), True)
[-0.214884   -1.19481599 -2.1893785  -3.00929046 -3.20710564]
下一阶段的初值 [3.82991862 3.86980844 3.90816641 3.94094872 3.97182822 4.00024462
 4.01814365 4.03632259 4.04828405 4.04841137 4.05247498 4.04219866
 4.02721882 4.01944304 3.99798465 3.9787631  3.97736716 3.98026991
 3.97362924 3.96312404 3.94999909]
下一阶段初值 [-0.214884   -0.40965119 -0.60502803 -0.80101442 -0.99730563 -1.19481599
 -1.39263117 -1.59136093 -1.79100478 -1.99003911 -2.1893785  -2.38536501
 -2.57464552 -2.74899125 -2.89620948 -3.00929046 -3.08853865 -3.14065909
 -3.17327285 -3.19399929]
INFO:root:	Iter: 119/299,	J: 1.89e-03,	t: 28560.00 s,	u1: 3.91,	u2: -0.02,	u3: 3.95,\目标处水位: -320.711, 误差百分比: 0.22%, IAQ累计: 6.65	OCP-solving-time: 4.93e+00 s
i 119  t [28560]
X0 [-0.214884   -1.19481599 -2.1893785  -3.00929046 -3.20710564]
计算初值self.q_0 [3.82991862 3.86980844 3.90816641 3.94094872 3.97182822 4.00024462
 4.01814365 4.03632259 4.04828405 4.04841137 4.05247498 4.04219866
 4.02721882 4.01944304 3.99798465 3.9787631  3.97736716 3.98026991
 3.97362924 3.96312404 3.94999909]
计算初值self.z_0 [-0.214884   -0.40965119 -0.60502803 -0.80101442 -0.99730563 -1.19481599
 -1.39263117 -1.59136093 -1.79100478 -1.99003911 -2.1893785  -2.38536501
 -2.57464552 -2.74899125 -2.89620948 -3.00929046 -3.08853865 -3.14065909
 -3.17327285 -3.19399929]
(True, 3, ('Starting Unsteady Computations', 'Computing', 'Computations Completed'), True)
[-0.2252472  -1.20213127 -2.1896832  -3.00776649 -3.20771527]
下一阶段的初值 [3.75993061 3.79758358 3.8355422  3.87077713 3.90518188 3.93801785
 3.96407533 3.98973584 4.00982428 4.02089024 4.03397274 4.03573942
 4.03250265 4.03324747 4.02432537 4.01573372 4.01681805 4.01968384
 4.01530886 4.00730371 3.99799895]
下一阶段初值 [-0.2252472  -0.42001441 -0.61478162 -0.81015843 -1.00583994 -1.20213127
 -1.3987273  -1.59623766 -1.79435766 -1.99186802 -2.1896832  -2.38414574
 -2.57220721 -2.74594307 -2.89346647 -3.00776649 -3.08762407 -3.1400497
 -3.17327285 -3.19430399]
INFO:root:	Iter: 120/299,	J: 1.91e-03,	t: 28800.00 s,	u1: 3.83,	u2: -0.02,	u3: 4.00,\目标处水位: -320.772, 误差百分比: 0.24%, IAQ累计: 6.70	OCP-solving-time: 4.81e+00 s
i 120  t [28800]
X0 [-0.2252472  -1.20213127 -2.1896832  -3.00776649 -3.20771527]
计算初值self.q_0 [3.75993061 3.79758358 3.8355422  3.87077713 3.90518188 3.93801785
 3.96407533 3.98973584 4.00982428 4.02089024 4.03397274 4.03573942
 4.03250265 4.03324747 4.02432537 4.01573372 4.01681805 4.01968384
 4.01530886 4.00730371 3.99799895]
计算初值self.z_0 [-0.2252472  -0.42001441 -0.61478162 -0.81015843 -1.00583994 -1.20213127
 -1.3987273  -1.59623766 -1.79435766 -1.99186802 -2.1896832  -2.38414574
 -2.57220721 -2.74594307 -2.89346647 -3.00776649 -3.08762407 -3.1400497
 -3.17327285 -3.19430399]
(True, 3, ('Starting Unsteady Computations', 'Computing', 'Computations Completed'), True)
[-0.23622    -1.21036077 -2.19242644 -3.00776649 -3.2061913 ]
下一阶段的初值 [3.67991829 3.722054   3.76204014 3.80058217 3.83743954 3.87173676
 3.90317965 3.93254423 3.95804667 3.97945404 3.99789143 4.01100779
 4.01957607 4.02541256 4.02904272 4.03075838 4.02978468 4.02546644
 4.01810932 4.0093708  4.00000095]
下一阶段初值 [-0.23622    -0.43068239 -0.62514484 -0.81991202 -1.01498401 -1.21036077
 -1.40634716 -1.60294318 -1.79984415 -1.99644005 -2.19242644 -2.38597441
 -2.57312179 -2.74533367 -2.89316154 -3.00776649 -3.08731914 -3.13913512
 -3.17205358 -3.19278026]
INFO:root:	Iter: 121/299,	J: 1.87e-03,	t: 29040.00 s,	u1: 3.76,	u2: -0.02,	u3: 4.00,\目标处水位: -320.619, 误差百分比: 0.19%, IAQ累计: 6.70	OCP-solving-time: 4.60e+00 s
i 121  t [29040]
X0 [-0.23622    -1.21036077 -2.19242644 -3.00776649 -3.2061913 ]
计算初值self.q_0 [3.67991829 3.722054   3.76204014 3.80058217 3.83743954 3.87173676
 3.90317965 3.93254423 3.95804667 3.97945404 3.99789143 4.01100779
 4.01957607 4.02541256 4.02904272 4.03075838 4.02978468 4.02546644
 4.01810932 4.0093708  4.00000095]
计算初值self.z_0 [-0.23622    -0.43068239 -0.62514484 -0.81991202 -1.01498401 -1.21036077
 -1.40634716 -1.60294318 -1.79984415 -1.99644005 -2.19242644 -2.38597441
 -2.57312179 -2.74533367 -2.89316154 -3.00776649 -3.08731914 -3.13913512
 -3.17205358 -3.19278026]
(True, 3, ('Starting Unsteady Computations', 'Computing', 'Computations Completed'), True)
[-0.28133041 -1.21920002 -2.1973033  -3.00807142 -3.20466733]
下一阶段的初值 [3.23955774 3.42131782 3.56635952 3.67630219 3.7547431  3.80788827
 3.84305167 3.87047386 3.89799523 3.92782116 3.95320988 3.97234941
 3.98762083 4.00178766 4.01197338 4.01546192 4.01891661 4.01747227
 4.01157427 4.0069809  4.00000095]
下一阶段初值 [-0.28133041 -0.4608576  -0.64526165 -0.833628   -1.02534723 -1.21920002
 -1.41488171 -1.61086798 -1.80685437 -2.00253606 -2.1973033  -2.38993692
 -2.57616949 -2.74746728 -2.89438081 -3.00807142 -3.08701444 -3.13822079
 -3.1708343  -3.19156075]
i 122  t INFO:root:	Iter: 122/299,	J: 1.82e-03,	t: 29280.00 s,	u1: 3.68,	u2: -0.11,	u3: 4.00,\目标处水位: -320.467, 误差百分比: 0.15%, IAQ累计: 6.70	OCP-solving-time: 4.52e+00 s
[29280]
X0 [-0.28133041 -1.21920002 -2.1973033  -3.00807142 -3.20466733]
计算初值self.q_0 [3.23955774 3.42131782 3.56635952 3.67630219 3.7547431  3.80788827
 3.84305167 3.87047386 3.89799523 3.92782116 3.95320988 3.97234941
 3.98762083 4.00178766 4.01197338 4.01546192 4.01891661 4.01747227
 4.01157427 4.0069809  4.00000095]
计算初值self.z_0 [-0.28133041 -0.4608576  -0.64526165 -0.833628   -1.02534723 -1.21920002
 -1.41488171 -1.61086798 -1.80685437 -2.00253606 -2.1973033  -2.38993692
 -2.57616949 -2.74746728 -2.89438081 -3.00807142 -3.08701444 -3.13822079
 -3.1708343  -3.19156075]
(True, 3, ('Starting Unsteady Computations', 'Computing', 'Computations Completed'), True)
[-0.33985201 -1.23840249 -2.20400882 -3.00929046 -3.20405769]
下一阶段的初值 [2.78954959 3.01130962 3.20676088 3.37479329 3.51416588 3.62655258
 3.71478772 3.78192997 3.83269644 3.87083936 3.90075612 3.9251368
 3.94578242 3.96394491 3.97874641 3.98979545 3.9960053  3.99799585
 3.99893308 3.99971223 4.00000095]
下一阶段初值 [-0.33985201 -0.5114544  -0.68701917 -0.86715603 -1.05125523 -1.23840249
 -1.42859757 -1.6212312  -1.81508398 -2.00985122 -2.20400882 -2.39572811
 -2.58104658 -2.75112486 -2.89681911 -3.00929046 -3.08731914 -3.13822079
 -3.17052984 -3.19095111]
INFO:root:	Iter: 123/299,	J: 1.78e-03,	t: 29520.00 s,	u1: 3.24,	u2: -0.11,	u3: 4.00,\目标处水位: -320.406, 误差百分比: 0.13%, IAQ累计: 6.70	OCP-solving-time: 4.82e+00 s
i 123  t [29520]
X0 [-0.33985201 -1.23840249 -2.20400882 -3.00929046 -3.20405769]
计算初值self.q_0 [2.78954959 3.01130962 3.20676088 3.37479329 3.51416588 3.62655258
 3.71478772 3.78192997 3.83269644 3.87083936 3.90075612 3.9251368
 3.94578242 3.96394491 3.97874641 3.98979545 3.9960053  3.99799585
 3.99893308 3.99971223 4.00000095]
计算初值self.z_0 [-0.33985201 -0.5114544  -0.68701917 -0.86715603 -1.05125523 -1.23840249
 -1.42859757 -1.6212312  -1.81508398 -2.00985122 -2.20400882 -2.39572811
 -2.58104658 -2.75112486 -2.89681911 -3.00929046 -3.08731914 -3.13822079
 -3.17052984 -3.19095111]
(True, 3, ('Starting Unsteady Computations', 'Computing', 'Computations Completed'), True)
[-0.40782243 -1.27162564 -2.21376252 -3.01172876 -3.20497203]
下一阶段的初值 [2.34955764 2.5799427  2.80730176 3.01158142 3.19009089 3.34577966
 3.48053408 3.59218431 3.6830163  3.75612497 3.81346083 3.85812783
 3.89206576 3.91751957 3.93798423 3.95230126 3.96262527 3.97262979
 3.98098612 3.98974156 4.00000095]
下一阶段初值 [-0.40782243 -0.57089043 -0.74035919 -0.91348559 -1.0908792  -1.27162564
 -1.45542002 -1.64256716 -1.83184814 -2.02265286 -2.21376252 -2.40365291
 -2.58714247 -2.75569701 -2.90047669 -3.01172876 -3.08884311 -3.13913512
 -3.17113924 -3.19156075]
INFO:root:	Iter: 124/299,	J: 1.86e-03,	t: 29760.00 s,	u1: 2.79,	u2: -0.11,	u3: 4.00,\目标处水位: -320.497, 误差百分比: 0.16%, IAQ累计: 6.70	OCP-solving-time: 4.68e+00 s
i 124  t [29760]
X0 [-0.40782243 -1.27162564 -2.21376252 -3.01172876 -3.20497203]
计算初值self.q_0 [2.34955764 2.5799427  2.80730176 3.01158142 3.19009089 3.34577966
 3.48053408 3.59218431 3.6830163  3.75612497 3.81346083 3.85812783
 3.89206576 3.91751957 3.93798423 3.95230126 3.96262527 3.97262979
 3.98098612 3.98974156 4.00000095]
计算初值self.z_0 [-0.40782243 -0.57089043 -0.74035919 -0.91348559 -1.0908792  -1.27162564
 -1.45542002 -1.64256716 -1.83184814 -2.02265286 -2.21376252 -2.40365291
 -2.58714247 -2.75569701 -2.90047669 -3.01172876 -3.08884311 -3.13913512
 -3.17113924 -3.19156075]
(True, 3, ('Starting Unsteady Computations', 'Computing', 'Computations Completed'), True)
[-0.4913376  -1.31521201 -2.23174572 -3.01599622 -3.20741034]
下一阶段的初值 [1.90955746 2.16598535 2.389189   2.60097766 2.81530428 3.00942945
 3.17965055 3.3281498  3.45703673 3.56560612 3.65613794 3.73254275
 3.79203081 3.83769131 3.8745687  3.90215778 3.9230752  3.94163966
 3.95942831 3.97883391 4.00000095]
下一阶段初值 [-0.4913376  -0.64373761 -0.80375761 -0.96987361 -1.1405617  -1.31521201
 -1.49321532 -1.67457116 -1.85867047 -2.04459858 -2.23174572 -2.41767359
 -2.59781027 -2.76362181 -2.90596342 -3.01599622 -3.09189129 -3.14157367
 -3.17357755 -3.19399929]
INFO:root:	Iter: 125/299,	J: 1.76e-03,	t: 30000.00 s,	u1: 2.35,	u2: -0.11,	u3: 4.00,\目标处水位: -320.741, 误差百分比: 0.23%, IAQ累计: 6.70	OCP-solving-time: 4.49e+00 s
i 125  t [30000]
X0 [-0.4913376  -1.31521201 -2.23174572 -3.01599622 -3.20741034]
计算初值self.q_0 [1.90955746 2.16598535 2.389189   2.60097766 2.81530428 3.00942945
 3.17965055 3.3281498  3.45703673 3.56560612 3.65613794 3.73254275
 3.79203081 3.83769131 3.8745687  3.90215778 3.9230752  3.94163966
 3.95942831 3.97883391 4.00000095]
计算初值self.z_0 [-0.4913376  -0.64373761 -0.80375761 -0.96987361 -1.1405617  -1.31521201
 -1.49321532 -1.67457116 -1.85867047 -2.04459858 -2.23174572 -2.41767359
 -2.59781027 -2.76362181 -2.90596342 -3.01599622 -3.09189129 -3.14157367
 -3.17357755 -3.19399929]
(True, 3, ('Starting Unsteady Computations', 'Computing', 'Computations Completed'), True)
[-0.58734959 -1.36794233 -2.25826311 -3.02361608 -3.21228719]
下一阶段的初值 [1.45954597 1.74880993 2.0011909  2.23055673 2.43379688 2.6274271
 2.82492471 3.00788903 3.17068553 3.31454349 3.43956804 3.54506803
 3.63412738 3.70646548 3.76612616 3.81477761 3.85370469 3.88883162
 3.92341232 3.95972562 4.00000095]
下一阶段初值 [-0.58734959 -0.72877681 -0.87812883 -1.03510082 -1.19908321 -1.36794233
 -1.54045916 -1.71632886 -1.89494157 -2.07568812 -2.25826311 -2.43961906
 -2.61548901 -2.77703285 -2.91632628 -3.02361608 -3.09768248 -3.14645052
 -3.1781497  -3.19857144]
INFO:root:	Iter: 126/299,	J: 1.54e-03,	t: 30240.00 s,	u1: 1.91,	u2: -0.11,	u3: 4.00,\目标处水位: -321.229, 误差百分比: 0.38%, IAQ累计: 6.70	OCP-solving-time: 4.52e+00 s
i 126  t [30240]
X0 [-0.58734959 -1.36794233 -2.25826311 -3.02361608 -3.21228719]
计算初值self.q_0 [1.45954597 1.74880993 2.0011909  2.23055673 2.43379688 2.6274271
 2.82492471 3.00788903 3.17068553 3.31454349 3.43956804 3.54506803
 3.63412738 3.70646548 3.76612616 3.81477761 3.85370469 3.88883162
 3.92341232 3.95972562 4.00000095]
计算初值self.z_0 [-0.58734959 -0.72877681 -0.87812883 -1.03510082 -1.19908321 -1.36794233
 -1.54045916 -1.71632886 -1.89494157 -2.07568812 -2.25826311 -2.43961906
 -2.61548901 -2.77703285 -2.91632628 -3.02361608 -3.09768248 -3.14645052
 -3.1781497  -3.19857144]
(True, 3, ('Starting Unsteady Computations', 'Computing', 'Computations Completed'), True)
[-0.62087756 -1.42798805 -2.29331517 -3.03611302 -3.22143126]
下一阶段的初值 [1.48001993 1.56294179 1.69873977 1.87693691 2.07545924 2.27852821
 2.47249818 2.6574204  2.84118509 3.00964189 3.16430569 3.30618715
 3.42226648 3.52025986 3.60890579 3.68211889 3.74127007 3.80049992
 3.86147475 3.92414546 4.00000095]
下一阶段初值 [-0.62087756 -0.79034638 -0.95158559 -1.10947204 -1.2670536  -1.42798805
 -1.59440875 -1.7654016  -1.9394424  -2.1159215  -2.29331517 -2.46979427
 -2.64078712 -2.79714966 -2.93217611 -3.03611302 -3.10804558 -3.15559435
 -3.18668413 -3.20710564]
INFO:root:	Iter: 127/299,	J: 1.05e-03,	t: 30480.00 s,	u1: 1.46,	u2: 0.01,	u3: 4.00,\目标处水位: -322.143, 误差百分比: 0.67%, IAQ累计: 6.70	OCP-solving-time: 4.58e+00 s
i 127  t [30480]
X0 [-0.62087756 -1.42798805 -2.29331517 -3.03611302 -3.22143126]
计算初值self.q_0 [1.48001993 1.56294179 1.69873977 1.87693691 2.07545924 2.27852821
 2.47249818 2.6574204  2.84118509 3.00964189 3.16430569 3.30618715
 3.42226648 3.52025986 3.60890579 3.68211889 3.74127007 3.80049992
 3.86147475 3.92414546 4.00000095]
计算初值self.z_0 [-0.62087756 -0.79034638 -0.95158559 -1.10947204 -1.2670536  -1.42798805
 -1.59440875 -1.7654016  -1.9394424  -2.1159215  -2.29331517 -2.46979427
 -2.64078712 -2.79714966 -2.93217611 -3.03611302 -3.10804558 -3.15559435
 -3.18668413 -3.20710564]
(True, 3, ('Starting Unsteady Computations', 'Computing', 'Computations Completed'), True)
[-0.62575442 -1.49047196 -2.33659673 -3.05958247 -3.21045852]
下一阶段的初值 [1.53004789 1.54722452 1.60608733 1.70988846 1.84665728 1.99917853
 2.17309594 2.33032894 2.4874537  2.67001319 2.82618594 3.00630045
 3.16806912 3.26371193 3.4219861  3.53733468 3.54660845 3.53729796
 3.54174376 3.58317113 3.62400126]
下一阶段初值 [-0.62575442 -0.81412083 -0.99090481 -1.16037357 -1.32831836 -1.49047196
 -1.65567362 -1.82270408 -1.99095368 -2.16590881 -2.33659673 -2.50850391
 -2.67614388 -2.82092404 -2.95534086 -3.05958247 -3.1220665  -3.15894723
 -3.18272185 -3.19948554]
INFO:root:	Iter: 128/299,	J: 1.17e-03,	t: 30720.00 s,	u1: 1.48,	u2: 0.01,	u3: 3.62,\目标处水位: -321.046, 误差百分比: 0.33%, IAQ累计: 7.08	OCP-solving-time: 4.90e+00 s
i 128  t [30720]
X0 [-0.62575442 -1.49047196 -2.33659673 -3.05958247 -3.21045852]
计算初值self.q_0 [1.53004789 1.54722452 1.60608733 1.70988846 1.84665728 1.99917853
 2.17309594 2.33032894 2.4874537  2.67001319 2.82618594 3.00630045
 3.16806912 3.26371193 3.4219861  3.53733468 3.54660845 3.53729796
 3.54174376 3.58317113 3.62400126]
计算初值self.z_0 [-0.62575442 -0.81412083 -0.99090481 -1.16037357 -1.32831836 -1.49047196
 -1.65567362 -1.82270408 -1.99095368 -2.16590881 -2.33659673 -2.50850391
 -2.67614388 -2.82092404 -2.95534086 -3.05958247 -3.1220665  -3.15894723
 -3.18272185 -3.19948554]
(True, 3, ('Starting Unsteady Computations', 'Computing', 'Computations Completed'), True)
[-0.6214872  -1.53710651 -2.38475513 -3.07695603 -3.19095111]
下一阶段的初值 [1.58004797 1.57090056 1.58841956 1.6380049  1.71353447 1.82003665
 1.96622944 2.09025073 2.23756933 2.39388466 2.50430202 2.6781199
 2.85657215 2.96649241 3.1379087  3.26297569 3.24767876 3.18502808
 3.15272975 3.17101097 3.17500091]
下一阶段初值 [-0.6214872  -0.81991202 -1.00888801 -1.1908536  -1.36855197 -1.53710651
 -1.70901358 -1.87695837 -2.04429364 -2.21711516 -2.38475513 -2.55513859
 -2.72034001 -2.86054802 -2.98551607 -3.07695603 -3.12663865 -3.15346074
 -3.17174888 -3.18363595]
i 129  t INFO:root:	Iter: 129/299,	J: 7.74e-04,	t: 30960.00 s,	u1: 1.53,	u2: 0.01,	u3: 3.18,\目标处水位: -319.095, 误差百分比: 0.28%, IAQ累计: 7.53	OCP-solving-time: 5.09e+00 s
[30960]
X0 [-0.6214872  -1.53710651 -2.38475513 -3.07695603 -3.19095111]
计算初值self.q_0 [1.58004797 1.57090056 1.58841956 1.6380049  1.71353447 1.82003665
 1.96622944 2.09025073 2.23756933 2.39388466 2.50430202 2.6781199
 2.85657215 2.96649241 3.1379087  3.26297569 3.24767876 3.18502808
 3.15272975 3.17101097 3.17500091]
计算初值self.z_0 [-0.6214872  -0.81991202 -1.00888801 -1.1908536  -1.36855197 -1.53710651
 -1.70901358 -1.87695837 -2.04429364 -2.21711516 -2.38475513 -2.55513859
 -2.72034001 -2.86054802 -2.98551607 -3.07695603 -3.12663865 -3.15346074
 -3.17174888 -3.18363595]
(True, 3, ('Starting Unsteady Computations', 'Computing', 'Computations Completed'), True)
[-0.61661041 -1.57124412 -2.4295609  -3.08549047 -3.1888175 ]
下一阶段的初值 [1.62003994 1.60483801 1.60072613 1.61783314 1.65433896 1.71899629
 1.81218612 1.91431904 2.04275775 2.17668319 2.29863048 2.43826437
 2.58052468 2.70277262 2.81730199 2.88940573 2.92229557 2.95150447
 2.97357178 3.00733399 3.05699897]
下一阶段初值 [-0.61661041 -0.81777841 -1.01376486 -1.20548403 -1.39171684 -1.57124412
 -1.74802804 -1.91993511 -2.09092808 -2.26192093 -2.4295609  -2.5984199
 -2.76118326 -2.90139127 -3.01142406 -3.08549047 -3.12907672 -3.15528965
 -3.17113924 -3.18150234]
INFO:root:	Iter: 130/299,	J: 9.37e-04,	t: 31200.00 s,	u1: 1.58,	u2: 0.01,	u3: 3.06,\目标处水位: -318.882, 误差百分比: 0.35%, IAQ累计: 7.65	OCP-solving-time: 5.10e+00 s
i 130  t [31200]
X0 [-0.61661041 -1.57124412 -2.4295609  -3.08549047 -3.1888175 ]
计算初值self.q_0 [1.62003994 1.60483801 1.60072613 1.61783314 1.65433896 1.71899629
 1.81218612 1.91431904 2.04275775 2.17668319 2.29863048 2.43826437
 2.58052468 2.70277262 2.81730199 2.88940573 2.92229557 2.95150447
 2.97357178 3.00733399 3.05699897]
计算初值self.z_0 [-0.61661041 -0.81777841 -1.01376486 -1.20548403 -1.39171684 -1.57124412
 -1.74802804 -1.91993511 -2.09092808 -2.26192093 -2.4295609  -2.5984199
 -2.76118326 -2.90139127 -3.01142406 -3.08549047 -3.12907672 -3.15528965
 -3.17113924 -3.18150234]
(True, 3, ('Starting Unsteady Computations', 'Computing', 'Computations Completed'), True)
[-0.6074664  -1.59014165 -2.47131848 -3.10286403 -3.18302631]
下一阶段的初值 [1.67005169 1.64423525 1.62859976 1.62523496 1.63682187 1.66480851
 1.72934806 1.79225254 1.89299214 2.0071876  2.10783339 2.24702501
 2.358356   2.4428463  2.57599545 2.65874004 2.65739751 2.65015697
 2.66755009 2.72101521 2.77399945]
下一阶段初值 [-0.6074664  -0.81229198 -1.01254559 -1.20944643 -1.40421355 -1.59014165
 -1.77576494 -1.9534632  -2.12902808 -2.30367851 -2.47131848 -2.63987303
 -2.79836869 -2.9306519  -3.03550315 -3.10286403 -3.13700151 -3.15589929
 -3.1687007  -3.17723513]
INFO:root:	Iter: 131/299,	J: 1.05e-03,	t: 31440.00 s,	u1: 1.62,	u2: 0.01,	u3: 2.77,\目标处水位: -318.303, 误差百分比: 0.53%, IAQ累计: 7.93	OCP-solving-time: 4.97e+00 s
i 131  t [31440]
X0 [-0.6074664  -1.59014165 -2.47131848 -3.10286403 -3.18302631]
计算初值self.q_0 [1.67005169 1.64423525 1.62859976 1.62523496 1.63682187 1.66480851
 1.72934806 1.79225254 1.89299214 2.0071876  2.10783339 2.24702501
 2.358356   2.4428463  2.57599545 2.65874004 2.65739751 2.65015697
 2.66755009 2.72101521 2.77399945]
计算初值self.z_0 [-0.6074664  -0.81229198 -1.01254559 -1.20944643 -1.40421355 -1.59014165
 -1.77576494 -1.9534632  -2.12902808 -2.30367851 -2.47131848 -2.63987303
 -2.79836869 -2.9306519  -3.03550315 -3.10286403 -3.13700151 -3.15589929
 -3.1687007  -3.17723513]
(True, 3, ('Starting Unsteady Computations', 'Computing', 'Computations Completed'), True)
[-0.59832245 -1.60020006 -2.50850391 -3.11170316 -3.18698883]
下一阶段的初值 [1.72004795 1.69231379 1.66857445 1.65278184 1.64606106 1.65294409
 1.68425941 1.72083294 1.79121065 1.8759371  1.9594537  2.0759778
 2.18015552 2.25499606 2.34027028 2.40058565 2.42739391 2.45967245
 2.50278783 2.56524348 2.63799906]
下一阶段初值 [-0.59832245 -0.80406243 -1.00705922 -1.20822716 -1.40695691 -1.60020006
 -1.79191923 -1.97662807 -2.15859365 -2.3375113  -2.50850391 -2.67675352
 -2.83220148 -2.96082711 -3.05440092 -3.11170316 -3.1427927  -3.16108084
 -3.17296791 -3.18119764]
INFO:root:	Iter: 132/299,	J: 1.31e-03,	t: 31680.00 s,	u1: 1.67,	u2: 0.01,	u3: 2.64,\目标处水位: -318.699, 误差百分比: 0.41%, IAQ累计: 8.07	OCP-solving-time: 5.11e+00 s
i 132  t [31680]
X0 [-0.59832245 -1.60020006 -2.50850391 -3.11170316 -3.18698883]
计算初值self.q_0 [1.72004795 1.69231379 1.66857445 1.65278184 1.64606106 1.65294409
 1.68425941 1.72083294 1.79121065 1.8759371  1.9594537  2.0759778
 2.18015552 2.25499606 2.34027028 2.40058565 2.42739391 2.45967245
 2.50278783 2.56524348 2.63799906]
计算初值self.z_0 [-0.59832245 -0.80406243 -1.00705922 -1.20822716 -1.40695691 -1.60020006
 -1.79191923 -1.97662807 -2.15859365 -2.3375113  -2.50850391 -2.67675352
 -2.83220148 -2.96082711 -3.05440092 -3.11170316 -3.1427927  -3.16108084
 -3.17296791 -3.18119764]
(True, 3, ('Starting Unsteady Computations', 'Computing', 'Computations Completed'), True)
[-0.56906158 -1.60233366 -2.53806949 -3.12572408 -3.18455052]
下一阶段的初值 [1.91019225 1.81699169 1.74582028 1.69785464 1.67112827 1.65951419
 1.67714202 1.68691468 1.72915745 1.78841329 1.8446523  1.94769251
 2.02522588 2.07760906 2.18336391 2.24485302 2.23451519 2.23310471
 2.2558856  2.31285357 2.37399983]
下一阶段初值 [-0.56906158 -0.78516477 -0.99547684 -1.20152164 -1.40573764 -1.60233366
 -1.79953921 -1.99034405 -2.17810082 -2.36311436 -2.53806949 -2.70967221
 -2.86268163 -2.98277283 -3.07238412 -3.12572408 -3.1507175  -3.16443372
 -3.17357755 -3.17997837]
INFO:root:	Iter: 133/299,	J: 1.14e-03,	t: 31920.00 s,	u1: 1.72,	u2: 0.05,	u3: 2.37,\目标处水位: -318.455, 误差百分比: 0.48%, IAQ累计: 8.33	OCP-solving-time: 5.04e+00 s
i 133  t [31920]
X0 [-0.56906158 -1.60233366 -2.53806949 -3.12572408 -3.18455052]
计算初值self.q_0 [1.91019225 1.81699169 1.74582028 1.69785464 1.67112827 1.65951419
 1.67714202 1.68691468 1.72915745 1.78841329 1.8446523  1.94769251
 2.02522588 2.07760906 2.18336391 2.24485302 2.23451519 2.23310471
 2.2558856  2.31285357 2.37399983]
计算初值self.z_0 [-0.56906158 -0.78516477 -0.99547684 -1.20152164 -1.40573764 -1.60233366
 -1.79953921 -1.99034405 -2.17810082 -2.36311436 -2.53806949 -2.70967221
 -2.86268163 -2.98277283 -3.07238412 -3.12572408 -3.1507175  -3.16443372
 -3.17357755 -3.17997837]
(True, 3, ('Starting Unsteady Computations', 'Computing', 'Computations Completed'), True)
[-0.51054001 -1.59806645 -2.5603199  -3.13181996 -3.18790317]
下一阶段的初值 [2.28036904 2.09778857 1.9450736  1.82997549 1.75188065 1.70641625
 1.6925112  1.68294489 1.70141459 1.73512757 1.77264726 1.84699869
 1.91122508 1.95398057 2.01811004 2.05847239 2.06680179 2.08855033
 2.12587357 2.18004537 2.23799944]
下一阶段初值 [-0.51054001 -0.74127358 -0.96499676 -1.18231916 -1.39385045 -1.59806645
 -1.80014884 -1.99644005 -2.1896832  -2.37987852 -2.5603199  -2.73466563
 -2.88798022 -3.00502324 -3.08518553 -3.13181996 -3.15528965 -3.16900563
 -3.17754006 -3.18363595]
INFO:root:	Iter: 134/299,	J: 1.18e-03,	t: 32160.00 s,	u1: 1.91,	u2: 0.09,	u3: 2.24,\目标处水位: -318.790, 误差百分比: 0.38%, IAQ累计: 8.47	OCP-solving-time: 5.21e+00 s
i 134  t [32160]
X0 [-0.51054001 -1.59806645 -2.5603199  -3.13181996 -3.18790317]
计算初值self.q_0 [2.28036904 2.09778857 1.9450736  1.82997549 1.75188065 1.70641625
 1.6925112  1.68294489 1.70141459 1.73512757 1.77264726 1.84699869
 1.91122508 1.95398057 2.01811004 2.05847239 2.06680179 2.08855033
 2.12587357 2.18004537 2.23799944]
计算初值self.z_0 [-0.51054001 -0.74127358 -0.96499676 -1.18231916 -1.39385045 -1.59806645
 -1.80014884 -1.99644005 -2.1896832  -2.37987852 -2.5603199  -2.73466563
 -2.88798022 -3.00502324 -3.08518553 -3.13181996 -3.15528965 -3.16900563
 -3.17754006 -3.18363595]
(True, 3, ('Starting Unsteady Computations', 'Computing', 'Computations Completed'), True)
[-0.44470319 -1.57764482 -2.57434082 -3.14157367 -3.18211198]
下一阶段的初值 [2.64036083 2.44257855 2.25931454 2.09552598 1.95636892 1.84182143
 1.77736604 1.72095716 1.70927453 1.72070003 1.72698843 1.78672731
 1.82220709 1.83947933 1.92621696 1.96086836 1.91530025 1.88848591
 1.89081657 1.92436838 1.95599961]
下一阶段初值 [-0.44470319 -0.68092322 -0.91257119 -1.13903761 -1.36337042 -1.57764482
 -1.78978574 -1.99369681 -2.19273114 -2.38932729 -2.57434082 -2.7538681
 -2.90626788 -3.01751995 -3.09737754 -3.14157367 -3.15894723 -3.16778636
 -3.17418718 -3.1787591 ]
INFO:root:	Iter: 135/299,	J: 9.76e-04,	t: 32400.00 s,	u1: 2.28,	u2: 0.09,	u3: 1.96,\目标处水位: -318.211, 误差百分比: 0.56%, IAQ累计: 8.75	OCP-solving-time: 4.69e+00 s
i 135  t [32400]
X0 [-0.44470319 -1.57764482 -2.57434082 -3.14157367 -3.18211198]
计算初值self.q_0 [2.64036083 2.44257855 2.25931454 2.09552598 1.95636892 1.84182143
 1.77736604 1.72095716 1.70927453 1.72070003 1.72698843 1.78672731
 1.82220709 1.83947933 1.92621696 1.96086836 1.91530025 1.88848591
 1.89081657 1.92436838 1.95599961]
计算初值self.z_0 [-0.44470319 -0.68092322 -0.91257119 -1.13903761 -1.36337042 -1.57764482
 -1.78978574 -1.99369681 -2.19273114 -2.38932729 -2.57434082 -2.7538681
 -2.90626788 -3.01751995 -3.09737754 -3.14157367 -3.15894723 -3.16778636
 -3.17418718 -3.1787591 ]
(True, 3, ('Starting Unsteady Computations', 'Computing', 'Computations Completed'), True)
[-0.37825683 -1.53893518 -2.58074164 -3.13883042 -3.18302631]
下一阶段的初值 [3.00035977 2.7977066  2.60066962 2.41535306 2.24141717 2.08732915
 1.96336925 1.85733557 1.79168952 1.75394857 1.7321732  1.75232685
 1.77727211 1.78287196 1.8032788  1.81382287 1.80580401 1.80932307
 1.82375336 1.8483063  1.8739996 ]
下一阶段初值 [-0.37825683 -0.61569601 -0.8506968  -1.08386886 -1.31399274 -1.53893518
 -1.76022005 -1.97449446 -2.18389201 -2.38749838 -2.58074164 -2.76362181
 -2.91937447 -3.0306263  -3.10042572 -3.13883042 -3.15803289 -3.16900563
 -3.17571115 -3.17997837]
INFO:root:	Iter: 136/299,	J: 1.06e-03,	t: 32640.00 s,	u1: 2.64,	u2: 0.09,	u3: 1.87,\目标处水位: -318.303, 误差百分比: 0.53%, IAQ累计: 8.83	OCP-solving-time: 4.78e+00 s
i 136  t [32640]
X0 [-0.37825683 -1.53893518 -2.58074164 -3.13883042 -3.18302631]
计算初值self.q_0 [3.00035977 2.7977066  2.60066962 2.41535306 2.24141717 2.08732915
 1.96336925 1.85733557 1.79168952 1.75394857 1.7321732  1.75232685
 1.77727211 1.78287196 1.8032788  1.81382287 1.80580401 1.80932307
 1.82375336 1.8483063  1.8739996 ]
计算初值self.z_0 [-0.37825683 -0.61569601 -0.8506968  -1.08386886 -1.31399274 -1.53893518
 -1.76022005 -1.97449446 -2.18389201 -2.38749838 -2.58074164 -2.76362181
 -2.91937447 -3.0306263  -3.10042572 -3.13883042 -3.15803289 -3.16900563
 -3.17571115 -3.17997837]
(True, 3, ('Starting Unsteady Computations', 'Computing', 'Computations Completed'), True)
[-0.32217363 -1.48620474 -2.57342649 -3.14126873 -3.17906404]
下一阶段的初值 [3.36036015 3.15440035 2.94210601 2.74981952 2.56444716 2.38687062
 2.23118663 2.08073997 1.96489835 1.87807691 1.80720997 1.78366852
 1.76269114 1.74598479 1.77558804 1.77804625 1.74362254 1.7235657
 1.71677363 1.72512913 1.73099947]
下一阶段初值 [-0.32217363 -0.55351681 -0.78699362 -1.02199435 -1.25638568 -1.48620474
 -1.71510959 -1.93852806 -2.15706968 -2.37042952 -2.57342649 -2.7642312
 -2.92150807 -3.03215051 -3.10347366 -3.14126873 -3.15803289 -3.16717672
 -3.17296791 -3.17662573]
INFO:root:	Iter: 137/299,	J: 8.87e-04,	t: 32880.00 s,	u1: 3.00,	u2: 0.09,	u3: 1.73,\目标处水位: -317.906, 误差百分比: 0.65%, IAQ累计: 8.97	OCP-solving-time: 4.81e+00 s
i 137  t [32880]
X0 [-0.32217363 -1.48620474 -2.57342649 -3.14126873 -3.17906404]
计算初值self.q_0 [3.36036015 3.15440035 2.94210601 2.74981952 2.56444716 2.38687062
 2.23118663 2.08073997 1.96489835 1.87807691 1.80720997 1.78366852
 1.76269114 1.74598479 1.77558804 1.77804625 1.74362254 1.7235657
 1.71677363 1.72512913 1.73099947]
计算初值self.z_0 [-0.32217363 -0.55351681 -0.78699362 -1.02199435 -1.25638568 -1.48620474
 -1.71510959 -1.93852806 -2.15706968 -2.37042952 -2.57342649 -2.7642312
 -2.92150807 -3.03215051 -3.10347366 -3.14126873 -3.15803289 -3.16717672
 -3.17296791 -3.17662573]
(True, 3, ('Starting Unsteady Computations', 'Computing', 'Computations Completed'), True)
[-0.27462482 -1.42920721 -2.55178547 -3.13334394 -3.19399929]
下一阶段的初值 [3.69033074 3.50657988 3.31914496 3.10613441 2.8937664  2.71489286
 2.5266161  2.36826944 2.21436906 2.07601476 1.9788909  1.88044405
 1.83521736 1.80618465 1.72696805 1.7191633  1.7925843  1.85937166
 1.90902185 1.93988883 1.9769994 ]
下一阶段初值 [-0.27462482 -0.49956721 -0.72847205 -0.96103448 -1.19329202 -1.42920721
 -1.65963602 -1.88976002 -2.1159215  -2.33568239 -2.55178547 -2.74655271
 -2.91327834 -3.03245544 -3.09554887 -3.13334394 -3.1601665  -3.17662573
 -3.18546486 -3.19064665]
INFO:root:	Iter: 138/299,	J: 8.81e-04,	t: 33120.00 s,	u1: 3.36,	u2: 0.08,	u3: 1.98,\目标处水位: -319.400, 误差百分比: 0.19%, IAQ累计: 9.22	OCP-solving-time: 5.08e+00 s
i 138  t [33120]
X0 [-0.27462482 -1.42920721 -2.55178547 -3.13334394 -3.19399929]
计算初值self.q_0 [3.69033074 3.50657988 3.31914496 3.10613441 2.8937664  2.71489286
 2.5266161  2.36826944 2.21436906 2.07601476 1.9788909  1.88044405
 1.83521736 1.80618465 1.72696805 1.7191633  1.7925843  1.85937166
 1.90902185 1.93988883 1.9769994 ]
计算初值self.z_0 [-0.27462482 -0.49956721 -0.72847205 -0.96103448 -1.19329202 -1.42920721
 -1.65963602 -1.88976002 -2.1159215  -2.33568239 -2.55178547 -2.74655271
 -2.91327834 -3.03245544 -3.09554887 -3.13334394 -3.1601665  -3.17662573
 -3.18546486 -3.19064665]
(True, 3, ('Starting Unsteady Computations', 'Computing', 'Computations Completed'), True)
[-0.2706624  -1.36550403 -2.51155186 -3.14309764 -3.19156075]
下一阶段的初值 [3.53984642 3.54452157 3.50653458 3.4157083  3.26956511 3.0705061
 2.8653419  2.67336869 2.5000031  2.34737992 2.20116711 2.07741261
 1.96774554 1.9022007  1.90587783 1.89616728 1.85769498 1.83077419
 1.82335687 1.83277524 1.84199929]
下一阶段初值 [-0.2706624  -0.4779264  -0.69098157 -0.90952319 -1.13507521 -1.36550403
 -1.60020006 -1.83398163 -2.06380081 -2.2911818  -2.51155186 -2.71790147
 -2.88828468 -3.01325274 -3.09737754 -3.14309764 -3.16504312 -3.17662573
 -3.18394089 -3.1888175 ]
INFO:root:	Iter: 139/299,	J: 4.84e-04,	t: 33360.00 s,	u1: 3.69,	u2: -0.04,	u3: 1.84,\目标处水位: -319.156, 误差百分比: 0.26%, IAQ累计: 9.35	OCP-solving-time: 5.08e+00 s
i 139  t [33360]
X0 [-0.2706624  -1.36550403 -2.51155186 -3.14309764 -3.19156075]
计算初值self.q_0 [3.53984642 3.54452157 3.50653458 3.4157083  3.26956511 3.0705061
 2.8653419  2.67336869 2.5000031  2.34737992 2.20116711 2.07741261
 1.96774554 1.9022007  1.90587783 1.89616728 1.85769498 1.83077419
 1.82335687 1.83277524 1.84199929]
计算初值self.z_0 [-0.2706624  -0.4779264  -0.69098157 -0.90952319 -1.13507521 -1.36550403
 -1.60020006 -1.83398163 -2.06380081 -2.2911818  -2.51155186 -2.71790147
 -2.88828468 -3.01325274 -3.09737754 -3.14309764 -3.16504312 -3.17662573
 -3.18394089 -3.1888175 ]
(True, 3, ('Starting Unsteady Computations', 'Computing', 'Computations Completed'), True)
[-0.28285441 -1.32283211 -2.46339345 -3.12938166 -3.20801997]
下一阶段的初值 [3.39985943 3.43954253 3.46381569 3.44141722 3.39612699 3.31514955
 3.16656542 3.00680733 2.82562184 2.64254689 2.48606753 2.31559491
 2.1999929  2.11850047 1.98647344 1.94070101 1.994856   2.05236101
 2.09087682 2.10929513 2.13199925]
下一阶段初值 [-0.28285441 -0.48006001 -0.68427598 -0.89184487 -1.10337603 -1.32283211
 -1.54411685 -1.77393603 -2.00649858 -2.2354033  -2.46339345 -2.67218161
 -2.85719514 -3.00014663 -3.08030891 -3.12938166 -3.16382408 -3.18546486
 -3.19735193 -3.20375276]
INFO:root:	Iter: 140/299,	J: 4.57e-04,	t: 33600.00 s,	u1: 3.54,	u2: -0.04,	u3: 2.13,\目标处水位: -320.802, 误差百分比: 0.25%, IAQ累计: 9.64	OCP-solving-time: 5.42e+00 s
i 140  t [33600]
X0 [-0.28285441 -1.32283211 -2.46339345 -3.12938166 -3.20801997]
计算初值self.q_0 [3.39985943 3.43954253 3.46381569 3.44141722 3.39612699 3.31514955
 3.16656542 3.00680733 2.82562184 2.64254689 2.48606753 2.31559491
 2.1999929  2.11850047 1.98647344 1.94070101 1.994856   2.05236101
 2.09087682 2.10929513 2.13199925]
计算初值self.z_0 [-0.28285441 -0.48006001 -0.68427598 -0.89184487 -1.10337603 -1.32283211
 -1.54411685 -1.77393603 -2.00649858 -2.2354033  -2.46339345 -2.67218161
 -2.85719514 -3.00014663 -3.08030891 -3.12938166 -3.16382408 -3.18546486
 -3.19735193 -3.20375276]
(True, 3, ('Starting Unsteady Computations', 'Computing', 'Computations Completed'), True)
[-0.29718    -1.3027153  -2.40731025 -3.13121033 -3.20527673]
下一阶段的初值 [3.25985789 3.31864381 3.36127758 3.38720751 3.39326143 3.36489081
 3.31042051 3.22349358 3.08967376 2.93244147 2.77257419 2.60875392
 2.45320654 2.33913827 2.28179193 2.23715997 2.1870501  2.14990735
 2.12301707 2.09837127 2.07399917]
下一阶段初值 [-0.29718    -0.49255681 -0.68976241 -0.89001602 -1.0948416  -1.3027153
 -1.51546562 -1.73370254 -1.95468247 -2.18084407 -2.40731025 -2.62280393
 -2.81208467 -2.96418023 -3.06933594 -3.13121033 -3.16504312 -3.18394089
 -3.19491386 -3.20131445]
INFO:root:	Iter: 141/299,	J: 5.54e-04,	t: 33840.00 s,	u1: 3.40,	u2: -0.04,	u3: 2.07,\目标处水位: -320.528, 误差百分比: 0.16%, IAQ累计: 9.70	OCP-solving-time: 5.31e+00 s
i 141  t [33840]
X0 [-0.29718    -1.3027153  -2.40731025 -3.13121033 -3.20527673]
计算初值self.q_0 [3.25985789 3.31864381 3.36127758 3.38720751 3.39326143 3.36489081
 3.31042051 3.22349358 3.08967376 2.93244147 2.77257419 2.60875392
 2.45320654 2.33913827 2.28179193 2.23715997 2.1870501  2.14990735
 2.12301707 2.09837127 2.07399917]
计算初值self.z_0 [-0.29718    -0.49255681 -0.68976241 -0.89001602 -1.0948416  -1.3027153
 -1.51546562 -1.73370254 -1.95468247 -2.18084407 -2.40731025 -2.62280393
 -2.81208467 -2.96418023 -3.06933594 -3.13121033 -3.16504312 -3.18394089
 -3.19491386 -3.20131445]
(True, 3, ('Starting Unsteady Computations', 'Computing', 'Computations Completed'), True)
[-0.3172968  -1.29936242 -2.36037111 -3.11261749 -3.21289706]
下一阶段的初值 [3.10984969 3.1814146  3.24316812 3.28897071 3.32317424 3.34300184
 3.32479143 3.2994647  3.23916674 3.13684416 3.02603149 2.86842299
 2.73508286 2.62947297 2.48120952 2.39854527 2.39364815 2.4047699
 2.39952898 2.36165214 2.33299923]
下一阶段初值 [-0.3172968  -0.50810164 -0.70195442 -0.89855039 -1.09636557 -1.29936242
 -1.50357842 -1.71297598 -1.92633605 -2.14122009 -2.36037111 -2.57251191
 -2.7715466  -2.9385767  -3.04586649 -3.11261749 -3.15681386 -3.18485546
 -3.20009518 -3.20801997]
INFO:root:	Iter: 142/299,	J: 4.93e-04,	t: 34080.00 s,	u1: 3.26,	u2: -0.04,	u3: 2.33,\目标处水位: -321.290, 误差百分比: 0.40%, IAQ累计: 9.96	OCP-solving-time: 4.91e+00 s
i 142  t [34080]
X0 [-0.3172968  -1.29936242 -2.36037111 -3.11261749 -3.21289706]
计算初值self.q_0 [3.10984969 3.1814146  3.24316812 3.28897071 3.32317424 3.34300184
 3.32479143 3.2994647  3.23916674 3.13684416 3.02603149 2.86842299
 2.73508286 2.62947297 2.48120952 2.39854527 2.39364815 2.4047699
 2.39952898 2.36165214 2.33299923]
计算初值self.z_0 [-0.3172968  -0.50810164 -0.70195442 -0.89855039 -1.09636557 -1.29936242
 -1.50357842 -1.71297598 -1.92633605 -2.14122009 -2.36037111 -2.57251191
 -2.7715466  -2.9385767  -3.04586649 -3.11261749 -3.15681386 -3.18485546
 -3.20009518 -3.20801997]
(True, 3, ('Starting Unsteady Computations', 'Computing', 'Computations Completed'), True)
[-0.336804   -1.30423915 -2.33232951 -3.10194969 -3.2144208 ]
下一阶段的初值 [2.9698596  3.04352307 3.11063933 3.16985273 3.22192764 3.26378274
 3.28058863 3.29196072 3.27657342 3.22723985 3.17971563 3.08330536
 2.96625471 2.87401843 2.75885534 2.68106222 2.65993285 2.64694285
 2.62516475 2.5784471  2.51299953]
下一阶段初值 [-0.336804   -0.52669442 -0.71841365 -0.91196162 -1.10611916 -1.30423915
 -1.50357842 -1.70657516 -1.91292489 -2.11988401 -2.33232951 -2.54142261
 -2.7361896  -2.90474391 -3.02422571 -3.10194969 -3.15193677 -3.18241692
 -3.19948554 -3.20893431]
INFO:root:	Iter: 143/299,	J: 6.15e-04,	t: 34320.00 s,	u1: 3.11,	u2: -0.03,	u3: 2.51,\目标处水位: -321.442, 误差百分比: 0.45%, IAQ累计: 10.14	OCP-solving-time: 5.22e+00 s
i 143  t [34320]
X0 [-0.336804   -1.30423915 -2.33232951 -3.10194969 -3.2144208 ]
计算初值self.q_0 [2.9698596  3.04352307 3.11063933 3.16985273 3.22192764 3.26378274
 3.28058863 3.29196072 3.27657342 3.22723985 3.17971563 3.08330536
 2.96625471 2.87401843 2.75885534 2.68106222 2.65993285 2.64694285
 2.62516475 2.5784471  2.51299953]
计算初值self.z_0 [-0.336804   -0.52669442 -0.71841365 -0.91196162 -1.10611916 -1.30423915
 -1.50357842 -1.70657516 -1.91292489 -2.11988401 -2.33232951 -2.54142261
 -2.7361896  -2.90474391 -3.02422571 -3.10194969 -3.15193677 -3.18241692
 -3.19948554 -3.20893431]
(True, 3, ('Starting Unsteady Computations', 'Computing', 'Computations Completed'), True)
[-0.3578352  -1.31521201 -2.31830883 -3.08914804 -3.21289706]
下一阶段的初值 [2.81985044 2.89908719 2.97377563 3.04169631 3.1049931  3.16086507
 3.19669437 3.2329514  3.2487576  3.23827791 3.22914839 3.17870474
 3.11169291 3.05734992 2.97252703 2.90846586 2.88433123 2.86140585
 2.82162881 2.75849771 2.68499947]
下一阶段初值 [-0.3578352  -0.5465064  -0.73670161 -0.92811602 -1.12013996 -1.31521201
 -1.51089358 -1.7093184  -1.91079128 -2.11226392 -2.31830883 -2.52069616
 -2.71150088 -2.87975049 -3.00502324 -3.08914804 -3.14340234 -3.17693043
 -3.19582796 -3.20649624]
INFO:root:	Iter: 144/299,	J: 5.81e-04,	t: 34560.00 s,	u1: 2.97,	u2: -0.04,	u3: 2.68,\目标处水位: -321.290, 误差百分比: 0.40%, IAQ累计: 10.31	OCP-solving-time: 5.04e+00 s
i 144  t [34560]
X0 [-0.3578352  -1.31521201 -2.31830883 -3.08914804 -3.21289706]
计算初值self.q_0 [2.81985044 2.89908719 2.97377563 3.04169631 3.1049931  3.16086507
 3.19669437 3.2329514  3.2487576  3.23827791 3.22914839 3.17870474
 3.11169291 3.05734992 2.97252703 2.90846586 2.88433123 2.86140585
 2.82162881 2.75849771 2.68499947]
计算初值self.z_0 [-0.3578352  -0.5465064  -0.73670161 -0.92811602 -1.12013996 -1.31521201
 -1.51089358 -1.7093184  -1.91079128 -2.11226392 -2.31830883 -2.52069616
 -2.71150088 -2.87975049 -3.00502324 -3.08914804 -3.14340234 -3.17693043
 -3.19582796 -3.20649624]
(True, 3, ('Starting Unsteady Computations', 'Computing', 'Computations Completed'), True)
[-0.37856159 -1.32984245 -2.31434631 -3.07908964 -3.20832491]
下一阶段的初值 [2.67985868 2.75765157 2.83331561 2.90513849 2.97549176 3.04161143
 3.09189653 3.1446197  3.18033576 3.19534922 3.21481705 3.19929123
 3.17012763 3.1506598  3.09628558 3.05220771 3.03916788 3.02043343
 2.97881603 2.91334176 2.83999848]
下一阶段初值 [-0.37856159 -0.56692803 -0.75651366 -0.9467088  -1.136904   -1.32984245
 -1.52278078 -1.71815765 -1.91566801 -2.11317849 -2.31434631 -2.51155186
 -2.6980896  -2.86420584 -2.99161196 -3.07908964 -3.13578248 -3.1708343
 -3.19064665 -3.20161915]
INFO:root:	Iter: 145/299,	J: 3.98e-04,	t: 34800.00 s,	u1: 2.82,	u2: -0.03,	u3: 2.84,\目标处水位: -320.832, 误差百分比: 0.26%, IAQ累计: 10.47	OCP-solving-time: 4.91e+00 s
i 145  t [34800]
X0 [-0.37856159 -1.32984245 -2.31434631 -3.07908964 -3.20832491]
计算初值self.q_0 [2.67985868 2.75765157 2.83331561 2.90513849 2.97549176 3.04161143
 3.09189653 3.1446197  3.18033576 3.19534922 3.21481705 3.19929123
 3.17012763 3.1506598  3.09628558 3.05220771 3.03916788 3.02043343
 2.97881603 2.91334176 2.83999848]
计算初值self.z_0 [-0.37856159 -0.56692803 -0.75651366 -0.9467088  -1.136904   -1.32984245
 -1.52278078 -1.71815765 -1.91566801 -2.11317849 -2.31434631 -2.51155186
 -2.6980896  -2.86420584 -2.99161196 -3.07908964 -3.13578248 -3.1708343
 -3.19064665 -3.20161915]
(True, 3, ('Starting Unsteady Computations', 'Computing', 'Computations Completed'), True)
[-0.40446961 -1.34691131 -2.3173945  -3.07268906 -3.20527673]
下一阶段的初值 [2.52985096 2.61010647 2.68679261 2.76357269 2.8405931  2.91355991
 2.97213054 3.03613234 3.08672309 3.11952829 3.16007519 3.17052412
 3.16879654 3.1779089  3.14938831 3.12198615 3.12028718 3.11366653
 3.08660126 3.03784275 2.98500037]
下一阶段初值 [-0.40446961 -0.58978796 -0.77754486 -0.96652079 -1.15549684 -1.34691131
 -1.53802085 -1.73095918 -1.92603111 -2.12049365 -2.3173945  -2.51094246
 -2.69351768 -2.85719514 -2.9846015  -3.07268906 -3.13029623 -3.16565275
 -3.1860745  -3.19796157]
INFO:root:	Iter: 146/299,	J: 2.04e-04,	t: 35040.00 s,	u1: 2.68,	u2: -0.04,	u3: 2.99,\目标处水位: -320.528, 误差百分比: 0.16%, IAQ累计: 10.61	OCP-solving-time: 4.82e+00 s
i 146  t [35040]
X0 [-0.40446961 -1.34691131 -2.3173945  -3.07268906 -3.20527673]
计算初值self.q_0 [2.52985096 2.61010647 2.68679261 2.76357269 2.8405931  2.91355991
 2.97213054 3.03613234 3.08672309 3.11952829 3.16007519 3.17052412
 3.16879654 3.1779089  3.14938831 3.12198615 3.12028718 3.11366653
 3.08660126 3.03784275 2.98500037]
计算初值self.z_0 [-0.40446961 -0.58978796 -0.77754486 -0.96652079 -1.15549684 -1.34691131
 -1.53802085 -1.73095918 -1.92603111 -2.12049365 -2.3173945  -2.51094246
 -2.69351768 -2.85719514 -2.9846015  -3.07268906 -3.13029623 -3.16565275
 -3.1860745  -3.19796157]
(True, 3, ('Starting Unsteady Computations', 'Computing', 'Computations Completed'), True)
[-0.43220639 -1.36611354 -2.32592893 -3.07116485 -3.20192409]
下一阶段的初值 [2.38985848 2.47212362 2.55191731 2.62243438 2.69434643 2.77122927
 2.84230065 2.91357684 2.97453737 3.02420235 3.07508779 3.10600114
 3.12743688 3.15134215 3.15081263 3.1456759  3.14597607 3.13894224
 3.12064099 3.09048653 3.05699897]
下一阶段初值 [-0.43220639 -0.61569601 -0.80131918 -0.98846644 -1.17652798 -1.36611354
 -1.55569923 -1.74711359 -1.93974721 -2.13207603 -2.32592893 -2.51642871
 -2.69626069 -2.8559761  -2.98277283 -3.07116485 -3.12755275 -3.16169047
 -3.18211198 -3.19430399]
INFO:root:	Iter: 147/299,	J: 1.28e-04,	t: 35280.00 s,	u1: 2.53,	u2: -0.03,	u3: 3.06,\目标处水位: -320.192, 误差百分比: 0.06%, IAQ累计: 10.68	OCP-solving-time: 5.04e+00 s
i 147  t [35280]
X0 [-0.43220639 -1.36611354 -2.32592893 -3.07116485 -3.20192409]
计算初值self.q_0 [2.38985848 2.47212362 2.55191731 2.62243438 2.69434643 2.77122927
 2.84230065 2.91357684 2.97453737 3.02420235 3.07508779 3.10600114
 3.12743688 3.15134215 3.15081263 3.1456759  3.14597607 3.13894224
 3.12064099 3.09048653 3.05699897]
计算初值self.z_0 [-0.43220639 -0.61569601 -0.80131918 -0.98846644 -1.17652798 -1.36611354
 -1.55569923 -1.74711359 -1.93974721 -2.13207603 -2.32592893 -2.51642871
 -2.69626069 -2.8559761  -2.98277283 -3.07116485 -3.12755275 -3.16169047
 -3.18211198 -3.19430399]
(True, 3, ('Starting Unsteady Computations', 'Computing', 'Computations Completed'), True)
[-0.4623816  -1.38653517 -2.33842564 -3.07116485 -3.20222878]
下一阶段的初值 [2.23984694 2.33144355 2.41839099 2.49590492 2.57010984 2.63904572
 2.70253253 2.77677441 2.84701252 2.9072113  2.97029543 3.01729321
 3.05564833 3.09516716 3.10786438 3.11528635 3.13184881 3.14238834
 3.14434505 3.13805008 3.12999964]
下一阶段初值 [-0.4623816  -0.64404237 -0.82753199 -1.01224089 -1.19816875 -1.38653517
 -1.57551122 -1.76570654 -1.95651126 -2.14701128 -2.33842564 -2.52618241
 -2.70388103 -2.86115766 -2.98490644 -3.07116485 -3.12663865 -3.16108084
 -3.18150234 -3.19430399]
INFO:root:	Iter: 148/299,	J: 9.42e-05,	t: 35520.00 s,	u1: 2.39,	u2: -0.04,	u3: 3.13,\目标处水位: -320.223, 误差百分比: 0.07%, IAQ累计: 10.76	OCP-solving-time: 5.11e+00 s
i 148  t [35520]
X0 [-0.4623816  -1.38653517 -2.33842564 -3.07116485 -3.20222878]
计算初值self.q_0 [2.23984694 2.33144355 2.41839099 2.49590492 2.57010984 2.63904572
 2.70253253 2.77677441 2.84701252 2.9072113  2.97029543 3.01729321
 3.05564833 3.09516716 3.10786438 3.11528635 3.13184881 3.14238834
 3.14434505 3.13805008 3.12999964]
计算初值self.z_0 [-0.4623816  -0.64404237 -0.82753199 -1.01224089 -1.19816875 -1.38653517
 -1.57551122 -1.76570654 -1.95651126 -2.14701128 -2.33842564 -2.52618241
 -2.70388103 -2.86115766 -2.98490644 -3.07116485 -3.12663865 -3.16108084
 -3.18150234 -3.19430399]
(True, 3, ('Starting Unsteady Computations', 'Computing', 'Computations Completed'), True)
[-0.49225202 -1.4087857  -2.35397053 -3.07634664 -3.20131445]
下一阶段的初值 [2.099859   2.19034266 2.27759361 2.36190844 2.44363737 2.51745868
 2.58723998 2.65150309 2.71542096 2.78340244 2.84839725 2.90860724
 2.96139574 3.00654411 3.04568338 3.07262421 3.08523083 3.09266114
 3.09948826 3.10569263 3.1140008 ]
下一阶段初值 [-0.49225202 -0.67360801 -0.85587841 -1.0387584  -1.22316241 -1.4087857
 -1.59593284 -1.78490877 -1.97449446 -2.16468978 -2.35397053 -2.54020309
 -2.7157681  -2.86908245 -2.99130726 -3.07634664 -3.12938166 -3.16138554
 -3.18119764 -3.19338965]
i 149  t INFO:root:	Iter: 149/299,	J: 9.90e-05,	t: 35760.00 s,	u1: 2.24,	u2: -0.04,	u3: 3.11,\目标处水位: -320.131, 误差百分比: 0.04%, IAQ累计: 10.77	OCP-solving-time: 5.78e+00 s
[35760]
X0 [-0.49225202 -1.4087857  -2.35397053 -3.07634664 -3.20131445]
计算初值self.q_0 [2.099859   2.19034266 2.27759361 2.36190844 2.44363737 2.51745868
 2.58723998 2.65150309 2.71542096 2.78340244 2.84839725 2.90860724
 2.96139574 3.00654411 3.04568338 3.07262421 3.08523083 3.09266114
 3.09948826 3.10569263 3.1140008 ]
计算初值self.z_0 [-0.49225202 -0.67360801 -0.85587841 -1.0387584  -1.22316241 -1.4087857
 -1.59593284 -1.78490877 -1.97449446 -2.16468978 -2.35397053 -2.54020309
 -2.7157681  -2.86908245 -2.99130726 -3.07634664 -3.12938166 -3.16138554
 -3.18119764 -3.19338965]
(True, 3, ('Starting Unsteady Computations', 'Computing', 'Computations Completed'), True)
[-0.51724559 -1.43377924 -2.37103915 -3.08244252 -3.20100951]
下一阶段的初值 [1.99989903 2.07392383 2.15011597 2.23079467 2.31161976 2.38925791
 2.46818662 2.5374136  2.60121536 2.66414881 2.72356462 2.79106832
 2.85284853 2.90395761 2.95418906 2.98782921 3.00317979 3.01267171
 3.02550507 3.04342103 3.06299925]
下一阶段初值 [-0.51724559 -0.70073521 -0.8836152  -1.06619036 -1.24998474 -1.43377924
 -1.61940253 -1.80594003 -1.99339199 -2.18297768 -2.37103915 -2.55635762
 -2.73070312 -2.8815794  -3.00075603 -3.08244252 -3.1327343  -3.16290951
 -3.18150234 -3.19338965]
i 150  t [36000]
INFO:root:	Iter: 150/299,	J: 1.02e-04,	t: 36000.00 s,	u1: 2.10,	u2: -0.03,	u3: 3.06,\目标处水位: -320.101, 误差百分比: 0.03%, IAQ累计: 10.83	OCP-solving-time: 5.95e+00 s
X0 [-0.51724559 -1.43377924 -2.37103915 -3.08244252 -3.20100951]
计算初值self.q_0 [1.99989903 2.07392383 2.15011597 2.23079467 2.31161976 2.38925791
 2.46818662 2.5374136  2.60121536 2.66414881 2.72356462 2.79106832
 2.85284853 2.90395761 2.95418906 2.98782921 3.00317979 3.01267171
 3.02550507 3.04342103 3.06299925]
计算初值self.z_0 [-0.51724559 -0.70073521 -0.8836152  -1.06619036 -1.24998474 -1.43377924
 -1.61940253 -1.80594003 -1.99339199 -2.18297768 -2.37103915 -2.55635762
 -2.73070312 -2.8815794  -3.00075603 -3.08244252 -3.1327343  -3.16290951
 -3.18150234 -3.19338965]
(True, 3, ('Starting Unsteady Computations', 'Computing', 'Computations Completed'), True)
[-0.51450241 -1.45968723 -2.38871765 -3.09036732 -3.19826651]
下一阶段的初值 [2.09009194 2.07664227 2.08814859 2.13085747 2.19021153 2.26190352
 2.34631419 2.4177711  2.48764729 2.55814338 2.61032104 2.67639041
 2.74046946 2.78696609 2.85039639 2.891855   2.896029   2.89582777
 2.90515852 2.9235332  2.94599986]
下一阶段初值 [-0.51450241 -0.71201283 -0.90342718 -1.0908792  -1.27650249 -1.45968723
 -1.64439607 -1.8294096  -2.01503277 -2.20278978 -2.38871765 -2.57342649
 -2.74746728 -2.89529514 -3.01172876 -3.09036732 -3.13669705 -3.16351914
 -3.18058825 -3.19156075]
INFO:root:	Iter: 151/299,	J: 9.30e-05,	t: 36240.00 s,	u1: 2.00,	u2: 0.02,	u3: 2.95,\目标处水位: -319.827, 误差百分比: 0.05%, IAQ累计: 10.94	OCP-solving-time: 6.25e+00 s
i 151  t [36240]
X0 [-0.51450241 -1.45968723 -2.38871765 -3.09036732 -3.19826651]
计算初值self.q_0 [2.09009194 2.07664227 2.08814859 2.13085747 2.19021153 2.26190352
 2.34631419 2.4177711  2.48764729 2.55814338 2.61032104 2.67639041
 2.74046946 2.78696609 2.85039639 2.891855   2.896029   2.89582777
 2.90515852 2.9235332  2.94599986]
计算初值self.z_0 [-0.51450241 -0.71201283 -0.90342718 -1.0908792  -1.27650249 -1.45968723
 -1.64439607 -1.8294096  -2.01503277 -2.20278978 -2.38871765 -2.57342649
 -2.74746728 -2.89529514 -3.01172876 -3.09036732 -3.13669705 -3.16351914
 -3.18058825 -3.19156075]
(True, 3, ('Starting Unsteady Computations', 'Computing', 'Computations Completed'), True)
[-0.501396   -1.48071837 -2.40852952 -3.09646344 -3.19765687]
下一阶段的初值 [2.19009995 2.15097308 2.12711382 2.12783408 2.14612913 2.18341899
 2.2412312  2.30141377 2.37145925 2.44416809 2.50315022 2.56788683
 2.62791872 2.67495227 2.73087955 2.76815939 2.77938867 2.78760099
 2.80156231 2.82558656 2.85299873]
下一阶段初值 [-0.501396   -0.70591682 -0.90525603 -1.10063279 -1.2926569  -1.48071837
 -1.66786563 -1.8534888  -2.03880715 -2.22473526 -2.40852952 -2.59140968
 -2.7642312  -2.91084003 -3.0227015  -3.09646344 -3.13974476 -3.16504312
 -3.18089271 -3.19125605]
INFO:root:	Iter: 152/299,	J: 9.16e-05,	t: 36480.00 s,	u1: 2.09,	u2: 0.03,	u3: 2.85,\目标处水位: -319.766, 误差百分比: 0.07%, IAQ累计: 11.04	OCP-solving-time: 6.03e+00 s
i 152  t [36480]
X0 [-0.501396   -1.48071837 -2.40852952 -3.09646344 -3.19765687]
计算初值self.q_0 [2.19009995 2.15097308 2.12711382 2.12783408 2.14612913 2.18341899
 2.2412312  2.30141377 2.37145925 2.44416809 2.50315022 2.56788683
 2.62791872 2.67495227 2.73087955 2.76815939 2.77938867 2.78760099
 2.80156231 2.82558656 2.85299873]
计算初值self.z_0 [-0.501396   -0.70591682 -0.90525603 -1.10063279 -1.2926569  -1.48071837
 -1.66786563 -1.8534888  -2.03880715 -2.22473526 -2.40852952 -2.59140968
 -2.7642312  -2.91084003 -3.0227015  -3.09646344 -3.13974476 -3.16504312
 -3.18089271 -3.19125605]
(True, 3, ('Starting Unsteady Computations', 'Computing', 'Computations Completed'), True)
[-0.4843272  -1.49077678 -2.4295609  -3.10377836 -3.19430399]
下一阶段的初值 [2.29009962 2.24026537 2.19835925 2.17451024 2.16268659 2.16672421
 2.19688582 2.2291553  2.28082275 2.34463429 2.3953104  2.46117449
 2.51989579 2.56288266 2.62748265 2.66609859 2.66277122 2.65481138
 2.65940213 2.68079877 2.70499945]
下一阶段初值 [-0.4843272  -0.69281042 -0.89702642 -1.0984993  -1.29722881 -1.49077678
 -1.68341041 -1.87238646 -2.0595336  -2.24668074 -2.4295609  -2.61000228
 -2.78069043 -2.92425108 -3.03336954 -3.10377836 -3.14309764 -3.16534805
 -3.17936873 -3.18851304]
INFO:root:	Iter: 153/299,	J: 8.04e-05,	t: 36720.00 s,	u1: 2.19,	u2: 0.03,	u3: 2.71,\目标处水位: -319.430, 误差百分比: 0.18%, IAQ累计: 11.18	OCP-solving-time: 6.53e+00 s
i 153  t [36720]
X0 [-0.4843272  -1.49077678 -2.4295609  -3.10377836 -3.19430399]
计算初值self.q_0 [2.29009962 2.24026537 2.19835925 2.17451024 2.16268659 2.16672421
 2.19688582 2.2291553  2.28082275 2.34463429 2.3953104  2.46117449
 2.51989579 2.56288266 2.62748265 2.66609859 2.66277122 2.65481138
 2.65940213 2.68079877 2.70499945]
计算初值self.z_0 [-0.4843272  -0.69281042 -0.89702642 -1.0984993  -1.29722881 -1.49077678
 -1.68341041 -1.87238646 -2.0595336  -2.24668074 -2.4295609  -2.61000228
 -2.78069043 -2.92425108 -3.03336954 -3.10377836 -3.14309764 -3.16534805
 -3.17936873 -3.18851304]
(True, 3, ('Starting Unsteady Computations', 'Computing', 'Computations Completed'), True)
[-0.46756321 -1.49199605 -2.4481535  -3.10743594 -3.19643784]
下一阶段的初值 [2.38009214 2.32884979 2.28199339 2.24408197 2.21373725 2.1963799
 2.19616842 2.20587707 2.23312211 2.2731626  2.31491637 2.37086344
 2.42388725 2.46436572 2.50773621 2.53859258 2.5580914  2.57659626
 2.59715343 2.62562275 2.65699935]
下一阶段初值 [-0.46756321 -0.67665601 -0.88392001 -1.08935523 -1.29235196 -1.49199605
 -1.68920159 -1.88305438 -2.07446885 -2.2637496  -2.4481535  -2.62829041
 -2.79714966 -2.93949127 -3.04281831 -3.10743594 -3.14553595 -3.1680913
 -3.18180728 -3.19064665]
INFO:root:	Iter: 154/299,	J: 1.20e-04,	t: 36960.00 s,	u1: 2.29,	u2: 0.02,	u3: 2.66,\目标处水位: -319.644, 误差百分比: 0.11%, IAQ累计: 11.23	OCP-solving-time: 5.76e+00 s
i 154  t [36960]
X0 [-0.46756321 -1.49199605 -2.4481535  -3.10743594 -3.19643784]
计算初值self.q_0 [2.38009214 2.32884979 2.28199339 2.24408197 2.21373725 2.1963799
 2.19616842 2.20587707 2.23312211 2.2731626  2.31491637 2.37086344
 2.42388725 2.46436572 2.50773621 2.53859258 2.5580914  2.57659626
 2.59715343 2.62562275 2.65699935]
计算初值self.z_0 [-0.46756321 -0.67665601 -0.88392001 -1.08935523 -1.29235196 -1.49199605
 -1.68920159 -1.88305438 -2.07446885 -2.2637496  -2.4481535  -2.62829041
 -2.79714966 -2.93949127 -3.04281831 -3.10743594 -3.14553595 -3.1680913
 -3.18180728 -3.19064665]
(True, 3, ('Starting Unsteady Computations', 'Computing', 'Computations Completed'), True)
[-0.4483608  -1.48559523 -2.46186948 -3.11536074 -3.19582796]
下一阶段的初值 [2.48010015 2.42335296 2.36914253 2.32351637 2.28228688 2.2482295
 2.23272109 2.21895218 2.22367144 2.24430656 2.2641356  2.30716491
 2.34382582 2.37172627 2.42531633 2.45963573 2.46458602 2.46702123
 2.48017979 2.51049256 2.54199934]
下一阶段初值 [-0.4483608  -0.65928245 -0.86837518 -1.07594395 -1.2825985  -1.48559523
 -1.6873728  -1.88579762 -2.08147931 -2.27472234 -2.46186948 -2.64383507
 -2.81086564 -2.95015931 -3.05226731 -3.11536074 -3.15041304 -3.17022491
 -3.18241692 -3.19064665]
INFO:root:	Iter: 155/299,	J: 9.41e-05,	t: 37200.00 s,	u1: 2.38,	u2: 0.03,	u3: 2.54,\目标处水位: -319.583, 误差百分比: 0.13%, IAQ累计: 11.35	OCP-solving-time: 5.29e+00 s
i 155  t [37200]
X0 [-0.4483608  -1.48559523 -2.46186948 -3.11536074 -3.19582796]
计算初值self.q_0 [2.48010015 2.42335296 2.36914253 2.32351637 2.28228688 2.2482295
 2.23272109 2.21895218 2.22367144 2.24430656 2.2641356  2.30716491
 2.34382582 2.37172627 2.42531633 2.45963573 2.46458602 2.46702123
 2.48017979 2.51049256 2.54199934]
计算初值self.z_0 [-0.4483608  -0.65928245 -0.86837518 -1.07594395 -1.2825985  -1.48559523
 -1.6873728  -1.88579762 -2.08147931 -2.27472234 -2.46186948 -2.64383507
 -2.81086564 -2.95015931 -3.05226731 -3.11536074 -3.15041304 -3.17022491
 -3.18241692 -3.19064665]
(True, 3, ('Starting Unsteady Computations', 'Computing', 'Computations Completed'), True)
[-0.4288536  -1.47492731 -2.46979427 -3.11932325 -3.19948554]
下一阶段的初值 [2.58009958 2.52140045 2.46429586 2.41234541 2.36280012 2.32024622
 2.28778791 2.26035523 2.24709654 2.24564719 2.24966931 2.27173972
 2.29854989 2.31759596 2.34369493 2.36613083 2.38106704 2.40061617
 2.42783523 2.4629612  2.50099945]
下一阶段初值 [-0.4288536  -0.64038485 -0.8506968  -1.06009436 -1.26857769 -1.47492731
 -1.67975283 -1.8818351  -2.08178401 -2.27868485 -2.46979427 -2.65358901
 -2.82214308 -2.96143675 -3.05927753 -3.11932325 -3.15376568 -3.17388248
 -3.18637943 -3.19430399]
INFO:root:	Iter: 156/299,	J: 9.78e-05,	t: 37440.00 s,	u1: 2.48,	u2: 0.03,	u3: 2.50,\目标处水位: -319.949, 误差百分比: 0.02%, IAQ累计: 11.39	OCP-solving-time: 5.83e+00 s
i 156  t [37440]
X0 [-0.4288536  -1.47492731 -2.46979427 -3.11932325 -3.19948554]
计算初值self.q_0 [2.58009958 2.52140045 2.46429586 2.41234541 2.36280012 2.32024622
 2.28778791 2.26035523 2.24709654 2.24564719 2.24966931 2.27173972
 2.29854989 2.31759596 2.34369493 2.36613083 2.38106704 2.40061617
 2.42783523 2.4629612  2.50099945]
计算初值self.z_0 [-0.4288536  -0.64038485 -0.8506968  -1.06009436 -1.26857769 -1.47492731
 -1.67975283 -1.8818351  -2.08178401 -2.27868485 -2.46979427 -2.65358901
 -2.82214308 -2.96143675 -3.05927753 -3.11932325 -3.15376568 -3.17388248
 -3.18637943 -3.19430399]
(True, 3, ('Starting Unsteady Computations', 'Computing', 'Computations Completed'), True)
[-0.40995601 -1.46029675 -2.47101378 -3.12511444 -3.19918084]
下一阶段的初值 [2.67009187 2.61493325 2.55707788 2.50637555 2.45269823 2.4007442
 2.36241102 2.32051754 2.29291749 2.27782536 2.26126647 2.26957107
 2.27640557 2.27678394 2.31091213 2.33133149 2.32215476 2.31892943
 2.32998133 2.35469007 2.38199902]
下一阶段初值 [-0.40995601 -0.62179202 -0.83240879 -1.0424161  -1.25242329 -1.46029675
 -1.66817045 -1.87299597 -2.07599282 -2.27685595 -2.47101378 -2.65877032
 -2.8285439  -2.96631384 -3.06537366 -3.12511444 -3.15742326 -3.17571115
 -3.18698883 -3.19430399]
INFO:root:	Iter: 157/299,	J: 7.42e-05,	t: 37680.00 s,	u1: 2.58,	u2: 0.02,	u3: 2.38,\目标处水位: -319.918, 误差百分比: 0.03%, IAQ累计: 11.51	OCP-solving-time: 6.41e+00 s
i 157  t [37680]
X0 [-0.40995601 -1.46029675 -2.47101378 -3.12511444 -3.19918084]
计算初值self.q_0 [2.67009187 2.61493325 2.55707788 2.50637555 2.45269823 2.4007442
 2.36241102 2.32051754 2.29291749 2.27782536 2.26126647 2.26957107
 2.27640557 2.27678394 2.31091213 2.33133149 2.32215476 2.31892943
 2.32998133 2.35469007 2.38199902]
计算初值self.z_0 [-0.40995601 -0.62179202 -0.83240879 -1.0424161  -1.25242329 -1.46029675
 -1.66817045 -1.87299597 -2.07599282 -2.27685595 -2.47101378 -2.65877032
 -2.8285439  -2.96631384 -3.06537366 -3.12511444 -3.15742326 -3.17571115
 -3.18698883 -3.19430399]
(True, 3, ('Starting Unsteady Computations', 'Computing', 'Computations Completed'), True)
[-0.3907536  -1.44444716 -2.4673562  -3.12511444 -3.20222878]
下一阶段的初值 [2.7700994  2.71046066 2.65241385 2.59663582 2.54122972 2.48960471
 2.44210958 2.39626694 2.3585062  2.32783294 2.30127668 2.2892046
 2.28456593 2.27832031 2.27924943 2.28340268 2.28916264 2.30043411
 2.31708169 2.33874369 2.36199951]
下一阶段初值 [-0.3907536  -0.60258961 -0.81381601 -1.0247376  -1.23504961 -1.44444716
 -1.6532352  -1.86049926 -2.06623912 -2.26954079 -2.4673562  -2.65724659
 -2.82976341 -2.97027612 -3.06689763 -3.12511444 -3.15864253 -3.17845464
 -3.19003677 -3.19735193]
INFO:root:	Iter: 158/299,	J: 7.38e-05,	t: 37920.00 s,	u1: 2.67,	u2: 0.03,	u3: 2.36,\目标处水位: -320.223, 误差百分比: 0.07%, IAQ累计: 11.53	OCP-solving-time: 5.61e+00 s
i 158  t [37920]
X0 [-0.3907536  -1.44444716 -2.4673562  -3.12511444 -3.20222878]
计算初值self.q_0 [2.7700994  2.71046066 2.65241385 2.59663582 2.54122972 2.48960471
 2.44210958 2.39626694 2.3585062  2.32783294 2.30127668 2.2892046
 2.28456593 2.27832031 2.27924943 2.28340268 2.28916264 2.30043411
 2.31708169 2.33874369 2.36199951]
计算初值self.z_0 [-0.3907536  -0.60258961 -0.81381601 -1.0247376  -1.23504961 -1.44444716
 -1.6532352  -1.86049926 -2.06623912 -2.26954079 -2.4673562  -2.65724659
 -2.82976341 -2.97027612 -3.06689763 -3.12511444 -3.15864253 -3.17845464
 -3.19003677 -3.19735193]
(True, 3, ('Starting Unsteady Computations', 'Computing', 'Computations Completed'), True)
[-0.371856   -1.42707372 -2.45912647 -3.12694311 -3.20161915]
下一阶段的初值 [2.87009907 2.80768633 2.74817085 2.69267392 2.63527179 2.57840991
 2.52919269 2.4774096  2.43247747 2.39504027 2.35689449 2.33376384
 2.31251025 2.29309893 2.29827833 2.29899716 2.28541541 2.27736306
 2.27857637 2.28614473 2.29499912]
下一阶段初值 [-0.371856   -0.5833872  -0.79461366 -1.00583994 -1.21706641 -1.42707372
 -1.63708079 -1.84586895 -2.05313277 -2.25856805 -2.45912647 -2.65175986
 -2.82610583 -2.96783781 -3.06720233 -3.12694311 -3.15986156 -3.1787591
 -3.19003677 -3.19704723]
INFO:root:	Iter: 159/299,	J: 9.21e-05,	t: 38160.00 s,	u1: 2.77,	u2: 0.03,	u3: 2.29,\目标处水位: -320.162, 误差百分比: 0.05%, IAQ累计: 11.59	OCP-solving-time: 6.07e+00 s
i 159  t [38160]
X0 [-0.371856   -1.42707372 -2.45912647 -3.12694311 -3.20161915]
计算初值self.q_0 [2.87009907 2.80768633 2.74817085 2.69267392 2.63527179 2.57840991
 2.52919269 2.4774096  2.43247747 2.39504027 2.35689449 2.33376384
 2.31251025 2.29309893 2.29827833 2.29899716 2.28541541 2.27736306
 2.27857637 2.28614473 2.29499912]
计算初值self.z_0 [-0.371856   -0.5833872  -0.79461366 -1.00583994 -1.21706641 -1.42707372
 -1.63708079 -1.84586895 -2.05313277 -2.25856805 -2.45912647 -2.65175986
 -2.82610583 -2.96783781 -3.06720233 -3.12694311 -3.15986156 -3.1787591
 -3.19003677 -3.19704723]
(True, 3, ('Starting Unsteady Computations', 'Computing', 'Computations Completed'), True)
[-0.3563112  -1.40909052 -2.4478488  -3.12359047 -3.20375276]
下一阶段的初值 [2.97010016 2.90997791 2.84766936 2.78500628 2.72812867 2.6735394
 2.61748624 2.56547332 2.51604581 2.46875572 2.42734075 2.39050722
 2.36237693 2.34022784 2.31746745 2.30484366 2.30570507 2.30984068
 2.31346488 2.31669021 2.31999946]
下一阶段初值 [-0.3563112  -0.565404   -0.77602082 -0.98724723 -1.19816875 -1.40909052
 -1.61940253 -1.8294096  -2.03819752 -2.24485207 -2.4478488  -2.6420064
 -2.81909513 -2.96448469 -3.06384969 -3.12359047 -3.15894723 -3.17967367
 -3.19186568 -3.19918084]
INFO:root:	Iter: 160/299,	J: 9.56e-05,	t: 38400.00 s,	u1: 2.87,	u2: 0.03,	u3: 2.32,\目标处水位: -320.375, 误差百分比: 0.12%, IAQ累计: 11.62	OCP-solving-time: 5.81e+00 s
i 160  t [38400]
X0 [-0.3563112  -1.40909052 -2.4478488  -3.12359047 -3.20375276]
计算初值self.q_0 [2.97010016 2.90997791 2.84766936 2.78500628 2.72812867 2.6735394
 2.61748624 2.56547332 2.51604581 2.46875572 2.42734075 2.39050722
 2.36237693 2.34022784 2.31746745 2.30484366 2.30570507 2.30984068
 2.31346488 2.31669021 2.31999946]
计算初值self.z_0 [-0.3563112  -0.565404   -0.77602082 -0.98724723 -1.19816875 -1.40909052
 -1.61940253 -1.8294096  -2.03819752 -2.24485207 -2.4478488  -2.6420064
 -2.81909513 -2.96448469 -3.06384969 -3.12359047 -3.15894723 -3.17967367
 -3.19186568 -3.19918084]
(True, 3, ('Starting Unsteady Computations', 'Computing', 'Computations Completed'), True)
[-0.3422904  -1.39049757 -2.43382812 -3.1220665  -3.20405769]
下一阶段的初值 [3.0600884  3.00799394 2.95330811 2.89088368 2.82676888 2.76670313
 2.7095077  2.65518641 2.60293198 2.55203676 2.50555682 2.46096373
 2.42207837 2.39428473 2.37245965 2.3584199  2.35255122 2.34891057
 2.34428072 2.33871365 2.33299923]
下一阶段初值 [-0.3422904  -0.5504688  -0.75925678 -0.96865439 -1.17927122 -1.39049757
 -1.60141933 -1.81203604 -2.02143359 -2.22930717 -2.43382812 -2.62981462
 -2.8084271  -2.95686483 -3.05958247 -3.1220665  -3.15864253 -3.17967367
 -3.19217038 -3.19948554]
INFO:root:	Iter: 161/299,	J: 1.19e-04,	t: 38640.00 s,	u1: 2.97,	u2: 0.02,	u3: 2.33,\目标处水位: -320.406, 误差百分比: 0.13%, IAQ累计: 11.63	OCP-solving-time: 6.01e+00 s
i 161  t [38640]
X0 [-0.3422904  -1.39049757 -2.43382812 -3.1220665  -3.20405769]
计算初值self.q_0 [3.0600884  3.00799394 2.95330811 2.89088368 2.82676888 2.76670313
 2.7095077  2.65518641 2.60293198 2.55203676 2.50555682 2.46096373
 2.42207837 2.39428473 2.37245965 2.3584199  2.35255122 2.34891057
 2.34428072 2.33871365 2.33299923]
计算初值self.z_0 [-0.3422904  -0.5504688  -0.75925678 -0.96865439 -1.17927122 -1.39049757
 -1.60141933 -1.81203604 -2.02143359 -2.22930717 -2.43382812 -2.62981462
 -2.8084271  -2.95686483 -3.05958247 -3.1220665  -3.15864253 -3.17967367
 -3.19217038 -3.19948554]
(True, 3, ('Starting Unsteady Computations', 'Computing', 'Computations Completed'), True)
[-0.3282696  -1.37190485 -2.41797853 -3.11779928 -3.20588636]
下一阶段的初值 [3.16010046 3.10587668 3.05193591 2.99371076 2.93595552 2.87282634
 2.80553341 2.7496748  2.69379187 2.63804555 2.59020376 2.53772044
 2.49666548 2.46866083 2.43190742 2.41129065 2.41191959 2.41283226
 2.40917301 2.40167403 2.39199924]
下一阶段初值 [-0.3282696  -0.53583843 -0.74432158 -0.9528048  -1.16189766 -1.37190485
 -1.58252156 -1.79374814 -2.00406003 -2.21223831 -2.41797853 -2.61487937
 -2.79623508 -2.94894004 -3.05379128 -3.11779928 -3.15681386 -3.17967367
 -3.19308472 -3.20100951]
INFO:root:	Iter: 162/299,	J: 1.25e-04,	t: 38880.00 s,	u1: 3.06,	u2: 0.03,	u3: 2.39,\目标处水位: -320.589, 误差百分比: 0.18%, IAQ累计: 11.69	OCP-solving-time: 6.06e+00 s
i 162  t [38880]
X0 [-0.3282696  -1.37190485 -2.41797853 -3.11779928 -3.20588636]
计算初值self.q_0 [3.16010046 3.10587668 3.05193591 2.99371076 2.93595552 2.87282634
 2.80553341 2.7496748  2.69379187 2.63804555 2.59020376 2.53772044
 2.49666548 2.46866083 2.43190742 2.41129065 2.41191959 2.41283226
 2.40917301 2.40167403 2.39199924]
计算初值self.z_0 [-0.3282696  -0.53583843 -0.74432158 -0.9528048  -1.16189766 -1.37190485
 -1.58252156 -1.79374814 -2.00406003 -2.21223831 -2.41797853 -2.61487937
 -2.79623508 -2.94894004 -3.05379128 -3.11779928 -3.15681386 -3.17967367
 -3.19308472 -3.20100951]
(True, 3, ('Starting Unsteady Computations', 'Computing', 'Computations Completed'), True)
[-0.32247838 -1.35483611 -2.40090966 -3.1147511  -3.2061913 ]
下一阶段的初值 [3.17001152 3.1514101  3.12416363 3.08634925 3.04025531 2.98372078
 2.91858339 2.85317707 2.78766465 2.72927785 2.67899656 2.62435818
 2.57913017 2.54630828 2.50910783 2.48604059 2.47972322 2.47506118
 2.4667871  2.45348644 2.43999958]
下一阶段初值 [-0.32247838 -0.5263896  -0.73182482 -0.93847919 -1.14604807 -1.35483611
 -1.56423366 -1.77515519 -1.9854672  -2.19425511 -2.40090966 -2.59933448
 -2.78373861 -2.93888164 -3.04739046 -3.1147511  -3.15528965 -3.17936873
 -3.19308472 -3.20100951]
INFO:root:	Iter: 163/299,	J: 1.51e-04,	t: 39120.00 s,	u1: 3.16,	u2: 0.00,	u3: 2.44,\目标处水位: -320.619, 误差百分比: 0.19%, IAQ累计: 11.74	OCP-solving-time: 6.09e+00 s
i 163  t [39120]
X0 [-0.32247838 -1.35483611 -2.40090966 -3.1147511  -3.2061913 ]
计算初值self.q_0 [3.17001152 3.1514101  3.12416363 3.08634925 3.04025531 2.98372078
 2.91858339 2.85317707 2.78766465 2.72927785 2.67899656 2.62435818
 2.57913017 2.54630828 2.50910783 2.48604059 2.47972322 2.47506118
 2.4667871  2.45348644 2.43999958]
计算初值self.z_0 [-0.32247838 -0.5263896  -0.73182482 -0.93847919 -1.14604807 -1.35483611
 -1.56423366 -1.77515519 -1.9854672  -2.19425511 -2.40090966 -2.59933448
 -2.78373861 -2.93888164 -3.04739046 -3.1147511  -3.15528965 -3.17936873
 -3.19308472 -3.20100951]
(True, 3, ('Starting Unsteady Computations', 'Computing', 'Computations Completed'), True)
[-0.32400239 -1.34142482 -2.38262153 -3.10987449 -3.2068007 ]
下一阶段的初值 [3.12996006 3.13875818 3.13694859 3.12433076 3.10043406 3.06583643
 3.01743746 2.96473694 2.90372539 2.83396697 2.77382636 2.71845198
 2.67048931 2.63205528 2.5884552  2.5597136  2.55309033 2.54944372
 2.53997755 2.52370548 2.5049994 ]
下一阶段初值 [-0.32400239 -0.52456081 -0.7266432  -0.92994487 -1.13477039 -1.34142482
 -1.54868877 -1.75747681 -1.96687448 -2.17535758 -2.38262153 -2.58378959
 -2.77093673 -2.92882323 -3.0400753  -3.10987449 -3.15254664 -3.1781497
 -3.19278026 -3.20161915]
INFO:root:	Iter: 164/299,	J: 1.62e-04,	t: 39360.00 s,	u1: 3.17,	u2: -0.01,	u3: 2.51,\目标处水位: -320.680, 误差百分比: 0.21%, IAQ累计: 11.80	OCP-solving-time: 6.85e+00 s
i 164  t [39360]
X0 [-0.32400239 -1.34142482 -2.38262153 -3.10987449 -3.2068007 ]
计算初值self.q_0 [3.12996006 3.13875818 3.13694859 3.12433076 3.10043406 3.06583643
 3.01743746 2.96473694 2.90372539 2.83396697 2.77382636 2.71845198
 2.67048931 2.63205528 2.5884552  2.5597136  2.55309033 2.54944372
 2.53997755 2.52370548 2.5049994 ]
计算初值self.z_0 [-0.32400239 -0.52456081 -0.7266432  -0.92994487 -1.13477039 -1.34142482
 -1.54868877 -1.75747681 -1.96687448 -2.17535758 -2.38262153 -2.58378959
 -2.77093673 -2.92882323 -3.0400753  -3.10987449 -3.15254664 -3.1781497
 -3.19278026 -3.20161915]
(True, 3, ('Starting Unsteady Computations', 'Computing', 'Computations Completed'), True)
[-0.3282696  -1.33350003 -2.3658576  -3.1046927  -3.20771527]
下一阶段的初值 [3.08995986 3.10564709 3.11522126 3.1184237  3.11357331 3.10088706
 3.07379651 3.04203343 2.99835753 2.94306612 2.89189768 2.82910728
 2.76914763 2.72521067 2.67488956 2.64367843 2.63925457 2.63581514
 2.62487435 2.60557938 2.58599949]
下一阶段初值 [-0.3282696  -0.52699918 -0.72694802 -0.92781121 -1.12958884 -1.33350003
 -1.53802085 -1.74437046 -1.95163441 -2.15828872 -2.3658576  -2.56885457
 -2.75722075 -2.91724086 -3.03154087 -3.1046927  -3.1501081  -3.17723513
 -3.19278026 -3.20192409]
INFO:root:	Iter: 165/299,	J: 1.71e-04,	t: 39600.00 s,	u1: 3.13,	u2: -0.01,	u3: 2.59,\目标处水位: -320.772, 误差百分比: 0.24%, IAQ累计: 11.88	OCP-solving-time: 6.93e+00 s
i 165  t [39600]
X0 [-0.3282696  -1.33350003 -2.3658576  -3.1046927  -3.20771527]
计算初值self.q_0 [3.08995986 3.10564709 3.11522126 3.1184237  3.11357331 3.10088706
 3.07379651 3.04203343 2.99835753 2.94306612 2.89189768 2.82910728
 2.76914763 2.72521067 2.67488956 2.64367843 2.63925457 2.63581514
 2.62487435 2.60557938 2.58599949]
计算初值self.z_0 [-0.3282696  -0.52699918 -0.72694802 -0.92781121 -1.12958884 -1.33350003
 -1.53802085 -1.74437046 -1.95163441 -2.15828872 -2.3658576  -2.56885457
 -2.75722075 -2.91724086 -3.03154087 -3.1046927  -3.1501081  -3.17723513
 -3.19278026 -3.20192409]
(True, 3, ('Starting Unsteady Computations', 'Computing', 'Computations Completed'), True)
[-0.33436561 -1.3307569  -2.35214162 -3.09859705 -3.20832491]
下一阶段的初值 [3.03994656 3.06290293 3.08090115 3.0935843  3.1011703  3.10287786
 3.09196758 3.07848001 3.05388141 3.01714849 2.98180628 2.92985916
 2.87573719 2.83286548 2.78048348 2.74387527 2.73171067 2.72258067
 2.70841289 2.68689251 2.66399932]
下一阶段初值 [-0.33436561 -0.53157121 -0.72999603 -0.92933524 -1.12897921 -1.3307569
 -1.53283918 -1.73644567 -1.94127119 -2.14609671 -2.35214162 -2.55391908
 -2.74228549 -2.90382981 -3.02178717 -3.09859705 -3.14675546 -3.17540646
 -3.19217038 -3.20222878]
INFO:root:	Iter: 166/299,	J: 1.82e-04,	t: 39840.00 s,	u1: 3.09,	u2: -0.01,	u3: 2.66,\目标处水位: -320.832, 误差百分比: 0.26%, IAQ累计: 11.96	OCP-solving-time: 7.23e+00 s
i 166  t [39840]
X0 [-0.33436561 -1.3307569  -2.35214162 -3.09859705 -3.20832491]
计算初值self.q_0 [3.03994656 3.06290293 3.08090115 3.0935843  3.1011703  3.10287786
 3.09196758 3.07848001 3.05388141 3.01714849 2.98180628 2.92985916
 2.87573719 2.83286548 2.78048348 2.74387527 2.73171067 2.72258067
 2.70841289 2.68689251 2.66399932]
计算初值self.z_0 [-0.33436561 -0.53157121 -0.72999603 -0.92933524 -1.12897921 -1.3307569
 -1.53283918 -1.73644567 -1.94127119 -2.14609671 -2.35214162 -2.55391908
 -2.74228549 -2.90382981 -3.02178717 -3.09859705 -3.14675546 -3.17540646
 -3.19217038 -3.20222878]
(True, 3, ('Starting Unsteady Computations', 'Computing', 'Computations Completed'), True)
[-0.33985201 -1.33136642 -2.34238791 -3.09219623 -3.20771527]
下一阶段的初值 [2.99996018 3.02114701 3.04047036 3.05755401 3.07221079 3.08344412
 3.08485126 3.08566976 3.076056   3.05502796 3.03581786 2.99889565
 2.95749068 2.92354465 2.8765583  2.84378719 2.83300138 2.82302117
 2.80531549 2.77625084 2.74399924]
下一阶段初值 [-0.33985201 -0.53705758 -0.73487282 -0.93299282 -1.13141763 -1.33136642
 -1.53131533 -1.73309278 -1.93578482 -2.13847685 -2.34238791 -2.542032
 -2.72948408 -2.89133286 -3.0120337  -3.09219623 -3.1427927  -3.17327285
 -3.19095111 -3.20131445]
INFO:root:	Iter: 167/299,	J: 1.78e-04,	t: 40080.00 s,	u1: 3.04,	u2: -0.01,	u3: 2.74,\目标处水位: -320.772, 误差百分比: 0.24%, IAQ累计: 12.04	OCP-solving-time: 6.60e+00 s
i 167  t [40080]
X0 [-0.33985201 -1.33136642 -2.34238791 -3.09219623 -3.20771527]
计算初值self.q_0 [2.99996018 3.02114701 3.04047036 3.05755401 3.07221079 3.08344412
 3.08485126 3.08566976 3.076056   3.05502796 3.03581786 2.99889565
 2.95749068 2.92354465 2.8765583  2.84378719 2.83300138 2.82302117
 2.80531549 2.77625084 2.74399924]
计算初值self.z_0 [-0.33985201 -0.53705758 -0.73487282 -0.93299282 -1.13141763 -1.33136642
 -1.53131533 -1.73309278 -1.93578482 -2.13847685 -2.34238791 -2.542032
 -2.72948408 -2.89133286 -3.0120337  -3.09219623 -3.1427927  -3.17327285
 -3.19095111 -3.20131445]
(True, 3, ('Starting Unsteady Computations', 'Computing', 'Computations Completed'), True)
[-0.34472883 -1.33410954 -2.33659673 -3.08640504 -3.20741034]
下一阶段的初值 [2.96996713 2.98805308 3.0051055  3.02173042 3.03853917 3.05465436
 3.06233382 3.07270336 3.07467985 3.06575727 3.06110191 3.03772092
 3.00970697 2.9904573  2.9523766  2.92437124 2.91910148 2.91391945
 2.89868498 2.87060332 2.83899879]
下一阶段初值 [-0.34472883 -0.54193443 -0.73974961 -0.93756479 -1.13507521 -1.33410954
 -1.53283918 -1.73309278 -1.93395591 -2.13451433 -2.33659673 -2.53410721
 -2.71973062 -2.8818841  -3.00410891 -3.08640504 -3.13883042 -3.1708343
 -3.18973207 -3.20070505]
INFO:root:	Iter: 168/299,	J: 1.39e-04,	t: 40320.00 s,	u1: 3.00,	u2: -0.01,	u3: 2.84,\目标处水位: -320.741, 误差百分比: 0.23%, IAQ累计: 12.14	OCP-solving-time: 6.29e+00 s
i 168  t [40320]
X0 [-0.34472883 -1.33410954 -2.33659673 -3.08640504 -3.20741034]
计算初值self.q_0 [2.96996713 2.98805308 3.0051055  3.02173042 3.03853917 3.05465436
 3.06233382 3.07270336 3.07467985 3.06575727 3.06110191 3.03772092
 3.00970697 2.9904573  2.9523766  2.92437124 2.91910148 2.91391945
 2.89868498 2.87060332 2.83899879]
计算初值self.z_0 [-0.34472883 -0.54193443 -0.73974961 -0.93756479 -1.13507521 -1.33410954
 -1.53283918 -1.73309278 -1.93395591 -2.13451433 -2.33659673 -2.53410721
 -2.71973062 -2.8818841  -3.00410891 -3.08640504 -3.13883042 -3.1708343
 -3.18973207 -3.20070505]
(True, 3, ('Starting Unsteady Computations', 'Computing', 'Computations Completed'), True)
[-0.34442401 -1.33807194 -2.33385372 -3.08274722 -3.20588636]
下一阶段的初值 [2.99002099 2.98718667 2.98871303 2.99540973 3.00744176 3.02257419
 3.03472781 3.04991698 3.058429   3.05872345 3.06304741 3.05321598
 3.03744316 3.02830243 3.0054934  2.98694873 2.98210073 2.97593355
 2.96039319 2.93421125 2.90699887]
下一阶段初值 [-0.34442401 -0.54376322 -0.74310237 -0.94152719 -1.13964725 -1.33807194
 -1.53619206 -1.73492157 -1.93487048 -2.1339047  -2.33385372 -2.52983999
 -2.71393943 -2.87487364 -2.99862242 -3.08274722 -3.13608718 -3.1687007
 -3.18759847 -3.1988759 ]
INFO:root:	Iter: 169/299,	J: 1.09e-04,	t: 40560.00 s,	u1: 2.97,	u2: 0.01,	u3: 2.91,\目标处水位: -320.589, 误差百分比: 0.18%, IAQ累计: 12.21	OCP-solving-time: 7.35e+00 s
i 169  t [40560]
X0 [-0.34442401 -1.33807194 -2.33385372 -3.08274722 -3.20588636]
计算初值self.q_0 [2.99002099 2.98718667 2.98871303 2.99540973 3.00744176 3.02257419
 3.03472781 3.04991698 3.058429   3.05872345 3.06304741 3.05321598
 3.03744316 3.02830243 3.0054934  2.98694873 2.98210073 2.97593355
 2.96039319 2.93421125 2.90699887]
计算初值self.z_0 [-0.34442401 -0.54376322 -0.74310237 -0.94152719 -1.13964725 -1.33807194
 -1.53619206 -1.73492157 -1.93487048 -2.1339047  -2.33385372 -2.52983999
 -2.71393943 -2.87487364 -2.99862242 -3.08274722 -3.13608718 -3.1687007
 -3.18759847 -3.1988759 ]
(True, 3, ('Starting Unsteady Computations', 'Computing', 'Computations Completed'), True)
[-0.34137601 -1.34112    -2.33415842 -3.08000398 -3.20558167]
下一阶段的初值 [3.02002835 3.00914907 3.00135899 2.9972589  2.99871421 3.00504589
 3.01077461 3.02335835 3.03388119 3.03966355 3.05088806 3.0501349
 3.04550529 3.04657817 3.03160429 3.01871443 3.01895523 3.01837492
 3.01011205 2.99251866 2.97299981]
下一阶段初值 [-0.34137601 -0.54223925 -0.74279761 -0.9427464  -1.14178085 -1.34112
 -1.53954482 -1.73827446 -1.93730879 -2.13542891 -2.33415842 -2.52831602
 -2.71119618 -2.87152076 -2.99526954 -3.08000398 -3.13395357 -3.16687226
 -3.18637943 -3.19796157]
INFO:root:	Iter: 170/299,	J: 6.56e-05,	t: 40800.00 s,	u1: 2.99,	u2: 0.01,	u3: 2.97,\目标处水位: -320.558, 误差百分比: 0.17%, IAQ累计: 12.27	OCP-solving-time: 6.46e+00 s
i 170  t [40800]
X0 [-0.34137601 -1.34112    -2.33415842 -3.08000398 -3.20558167]
计算初值self.q_0 [3.02002835 3.00914907 3.00135899 2.9972589  2.99871421 3.00504589
 3.01077461 3.02335835 3.03388119 3.03966355 3.05088806 3.0501349
 3.04550529 3.04657817 3.03160429 3.01871443 3.01895523 3.01837492
 3.01011205 2.99251866 2.97299981]
计算初值self.z_0 [-0.34137601 -0.54223925 -0.74279761 -0.9427464  -1.14178085 -1.34112
 -1.53954482 -1.73827446 -1.93730879 -2.13542891 -2.33415842 -2.52831602
 -2.71119618 -2.87152076 -2.99526954 -3.08000398 -3.13395357 -3.16687226
 -3.18637943 -3.19796157]
(True, 3, ('Starting Unsteady Computations', 'Computing', 'Computations Completed'), True)
[-0.33741361 -1.34172964 -2.33568239 -3.07969928 -3.20283866]
下一阶段的初值 [3.05003023 3.03570461 3.02403808 3.0146625  3.00879788 3.00582457
 3.00578499 3.01027322 3.01562238 3.02205586 3.03093052 3.03630781
 3.03906298 3.04203343 3.04208732 3.03937149 3.03362346 3.02513981
 3.01384115 2.99875402 2.98199892]
下一阶段初值 [-0.33741361 -0.53919125 -0.74066401 -0.94122243 -1.14178085 -1.34172964
 -1.54106891 -1.74040806 -1.9394424  -2.13786721 -2.33568239 -2.52923059
 -2.71119618 -2.86969209 -2.99435544 -3.07969928 -3.1327343  -3.16473866
 -3.18394089 -3.19582796]
INFO:root:	Iter: 171/299,	J: 5.39e-05,	t: 41040.00 s,	u1: 3.02,	u2: 0.01,	u3: 2.98,\目标处水位: -320.284, 误差百分比: 0.09%, IAQ累计: 12.28	OCP-solving-time: 6.87e+00 s
i 171  t [41040]
X0 [-0.33741361 -1.34172964 -2.33568239 -3.07969928 -3.20283866]
计算初值self.q_0 [3.05003023 3.03570461 3.02403808 3.0146625  3.00879788 3.00582457
 3.00578499 3.01027322 3.01562238 3.02205586 3.03093052 3.03630781
 3.03906298 3.04203343 3.04208732 3.03937149 3.03362346 3.02513981
 3.01384115 2.99875402 2.98199892]
计算初值self.z_0 [-0.33741361 -0.53919125 -0.74066401 -0.94122243 -1.14178085 -1.34172964
 -1.54106891 -1.74040806 -1.9394424  -2.13786721 -2.33568239 -2.52923059
 -2.71119618 -2.86969209 -2.99435544 -3.07969928 -3.1327343  -3.16473866
 -3.18394089 -3.19582796]
(True, 3, ('Starting Unsteady Computations', 'Computing', 'Computations Completed'), True)
[-0.33345121 -1.34051037 -2.3372066  -3.07817531 -3.20436239]
下一阶段的初值 [3.08003187 3.0650835  3.05085135 3.03873158 3.02809024 3.02069664
 3.01319575 3.01203465 3.01261806 3.01276803 3.01997733 3.02272415
 3.0271728  3.03638148 3.03058219 3.02684426 3.03581238 3.04358244
 3.04506063 3.04125762 3.0380013 ]
下一阶段初值 [-0.33345121 -0.53553361 -0.73731118 -0.938784   -1.13964725 -1.34051037
 -1.54076397 -1.74071276 -1.94066167 -2.13939118 -2.3372066  -2.53075457
 -2.71211028 -2.87091112 -2.99374557 -3.07817531 -3.13181996 -3.16473866
 -3.18455052 -3.19643784]
INFO:root:	Iter: 172/299,	J: 1.99e-05,	t: 41280.00 s,	u1: 3.05,	u2: 0.01,	u3: 3.04,\目标处水位: -320.436, 误差百分比: 0.14%, IAQ累计: 12.34	OCP-solving-time: 6.39e+00 s
i 172  t [41280]
X0 [-0.33345121 -1.34051037 -2.3372066  -3.07817531 -3.20436239]
计算初值self.q_0 [3.08003187 3.0650835  3.05085135 3.03873158 3.02809024 3.02069664
 3.01319575 3.01203465 3.01261806 3.01276803 3.01997733 3.02272415
 3.0271728  3.03638148 3.03058219 3.02684426 3.03581238 3.04358244
 3.04506063 3.04125762 3.0380013 ]
计算初值self.z_0 [-0.33345121 -0.53553361 -0.73731118 -0.938784   -1.13964725 -1.34051037
 -1.54076397 -1.74071276 -1.94066167 -2.13939118 -2.3372066  -2.53075457
 -2.71211028 -2.87091112 -2.99374557 -3.07817531 -3.13181996 -3.16473866
 -3.18455052 -3.19643784]
(True, 3, ('Starting Unsteady Computations', 'Computing', 'Computations Completed'), True)
[-0.32918403 -1.33807194 -2.337816   -3.08000398 -3.20192409]
下一阶段的初值 [3.11002779 3.09436011 3.07956457 3.06494474 3.05235219 3.0404222
 3.0319469  3.02439475 3.01919007 3.01750827 3.01598477 3.01814532
 3.01970005 3.02088928 3.02989984 3.03480983 3.0292201  3.02094865
 3.01475286 3.01096702 3.00600028]
下一阶段初值 [-0.32918403 -0.53157121 -0.7336536  -0.93512642 -1.136904   -1.33807194
 -1.53924012 -1.73979843 -1.94005191 -2.13969612 -2.337816   -2.53166866
 -2.71363449 -2.87060642 -2.99496484 -3.08000398 -3.13242984 -3.16382408
 -3.18272185 -3.19460893]
INFO:root:	Iter: 173/299,	J: 3.55e-05,	t: 41520.00 s,	u1: 3.08,	u2: 0.01,	u3: 3.01,\目标处水位: -320.192, 误差百分比: 0.06%, IAQ累计: 12.37	OCP-solving-time: 6.88e+00 s
i 173  t [41520]
X0 [-0.32918403 -1.33807194 -2.337816   -3.08000398 -3.20192409]
计算初值self.q_0 [3.11002779 3.09436011 3.07956457 3.06494474 3.05235219 3.0404222
 3.0319469  3.02439475 3.01919007 3.01750827 3.01598477 3.01814532
 3.01970005 3.02088928 3.02989984 3.03480983 3.0292201  3.02094865
 3.01475286 3.01096702 3.00600028]
计算初值self.z_0 [-0.32918403 -0.53157121 -0.7336536  -0.93512642 -1.136904   -1.33807194
 -1.53924012 -1.73979843 -1.94005191 -2.13969612 -2.337816   -2.53166866
 -2.71363449 -2.87060642 -2.99496484 -3.08000398 -3.13242984 -3.16382408
 -3.18272185 -3.19460893]
(True, 3, ('Starting Unsteady Computations', 'Computing', 'Computations Completed'), True)
[-0.32613602 -1.335024   -2.3375113  -3.07848024 -3.20466733]
下一阶段的初值 [3.13001943 3.11821699 3.10535264 3.09228754 3.07881713 3.06689548
 3.05313087 3.04346347 3.03524303 3.02686977 3.02443171 3.01978779
 3.01961207 3.02414298 3.01631331 3.01260662 3.02253437 3.03452396
 3.04339004 3.04878712 3.05499983]
下一阶段初值 [-0.32613602 -0.52791363 -0.72969121 -0.9317736  -1.13324642 -1.335024
 -1.53649676 -1.73766494 -1.93883288 -2.13847685 -2.3375113  -2.53166866
 -2.71393943 -2.87243509 -2.99496484 -3.07848024 -3.13181996 -3.16473866
 -3.18455052 -3.1967423 ]
INFO:root:	Iter: 174/299,	J: 1.68e-05,	t: 41760.00 s,	u1: 3.11,	u2: 0.01,	u3: 3.05,\目标处水位: -320.467, 误差百分比: 0.15%, IAQ累计: 12.42	OCP-solving-time: 6.37e+00 s
i 174  t [41760]
X0 [-0.32613602 -1.335024   -2.3375113  -3.07848024 -3.20466733]
计算初值self.q_0 [3.13001943 3.11821699 3.10535264 3.09228754 3.07881713 3.06689548
 3.05313087 3.04346347 3.03524303 3.02686977 3.02443171 3.01978779
 3.01961207 3.02414298 3.01631331 3.01260662 3.02253437 3.03452396
 3.04339004 3.04878712 3.05499983]
计算初值self.z_0 [-0.32613602 -0.52791363 -0.72969121 -0.9317736  -1.13324642 -1.335024
 -1.53649676 -1.73766494 -1.93883288 -2.13847685 -2.3375113  -2.53166866
 -2.71393943 -2.87243509 -2.99496484 -3.07848024 -3.13181996 -3.16473866
 -3.18455052 -3.1967423 ]
(True, 3, ('Starting Unsteady Computations', 'Computing', 'Computations Completed'), True)
[-0.32491681 -1.33136642 -2.33568239 -3.08091831 -3.20253372]
下一阶段的初值 [3.12999964 3.12612319 3.12088728 3.11266136 3.10276723 3.08985496
 3.07891917 3.06599784 3.05439663 3.04663205 3.03630495 3.03180265
 3.02612495 3.01887894 3.02662921 3.03069544 3.02160287 3.0115447
 3.00621271 3.00546789 3.0040009 ]
下一阶段初值 [-0.32491681 -0.52578002 -0.72694802 -0.92811602 -1.13019836 -1.33136642
 -1.53314412 -1.73492157 -1.93608975 -2.13695288 -2.33568239 -2.53075457
 -2.71363449 -2.87091112 -2.99526954 -3.08091831 -3.13303924 -3.16412878
 -3.18302631 -3.19491386]
INFO:root:	Iter: 175/299,	J: 4.74e-05,	t: 42000.00 s,	u1: 3.13,	u2: 0.00,	u3: 3.00,\目标处水位: -320.253, 误差百分比: 0.08%, IAQ累计: 12.47	OCP-solving-time: 7.17e+00 s
i 175  t [42000]
X0 [-0.32491681 -1.33136642 -2.33568239 -3.08091831 -3.20253372]
计算初值self.q_0 [3.12999964 3.12612319 3.12088728 3.11266136 3.10276723 3.08985496
 3.07891917 3.06599784 3.05439663 3.04663205 3.03630495 3.03180265
 3.02612495 3.01887894 3.02662921 3.03069544 3.02160287 3.0115447
 3.00621271 3.00546789 3.0040009 ]
计算初值self.z_0 [-0.32491681 -0.52578002 -0.72694802 -0.92811602 -1.13019836 -1.33136642
 -1.53314412 -1.73492157 -1.93608975 -2.13695288 -2.33568239 -2.53075457
 -2.71363449 -2.87091112 -2.99526954 -3.08091831 -3.13303924 -3.16412878
 -3.18302631 -3.19491386]
(True, 3, ('Starting Unsteady Computations', 'Computing', 'Computations Completed'), True)
[-0.32461202 -1.32892811 -2.33385372 -3.07848024 -3.20527673]
下一阶段的初值 [3.12999964 3.12881613 3.12580895 3.12144232 3.11521554 3.10891223
 3.09839535 3.08886385 3.0783186  3.06579971 3.05750871 3.04625821
 3.03998899 3.03737807 3.02394772 3.01753378 3.02429581 3.03358936
 3.04137921 3.04627538 3.05100155]
下一阶段初值 [-0.32461202 -0.52486563 -0.72572881 -0.92659199 -1.12745523 -1.32892811
 -1.53009605 -1.73156893 -1.93334639 -2.1339047  -2.33385372 -2.52862072
 -2.71180582 -2.87121606 -2.99435544 -3.07848024 -3.1321249  -3.16504312
 -3.18515992 -3.19735193]
INFO:root:	Iter: 176/299,	J: 3.18e-05,	t: 42240.00 s,	u1: 3.13,	u2: 0.00,	u3: 3.05,\目标处水位: -320.528, 误差百分比: 0.16%, IAQ累计: 12.52	OCP-solving-time: 6.72e+00 s
i 176  t [42240]
X0 [-0.32461202 -1.32892811 -2.33385372 -3.07848024 -3.20527673]
计算初值self.q_0 [3.12999964 3.12881613 3.12580895 3.12144232 3.11521554 3.10891223
 3.09839535 3.08886385 3.0783186  3.06579971 3.05750871 3.04625821
 3.03998899 3.03737807 3.02394772 3.01753378 3.02429581 3.03358936
 3.04137921 3.04627538 3.05100155]
计算初值self.z_0 [-0.32461202 -0.52486563 -0.72572881 -0.92659199 -1.12745523 -1.32892811
 -1.53009605 -1.73156893 -1.93334639 -2.1339047  -2.33385372 -2.52862072
 -2.71180582 -2.87121606 -2.99435544 -3.07848024 -3.1321249  -3.16504312
 -3.18515992 -3.19735193]
(True, 3, ('Starting Unsteady Computations', 'Computing', 'Computations Completed'), True)
[-0.32400239 -1.32679451 -2.33080554 -3.07969928 -3.20344806]
下一阶段的初值 [3.12999964 3.12895203 3.12772012 3.12534714 3.12221837 3.11648417
 3.11167598 3.104002   3.09505391 3.08706021 3.0758183  3.06754422
 3.0570612  3.04556179 3.04666901 3.04654145 3.03766131 3.02812433
 3.02140188 3.01776886 3.0139997 ]
下一阶段初值 [-0.32400239 -0.52456081 -0.72511917 -0.92537284 -1.12623596 -1.32679451
 -1.52796245 -1.72943521 -1.93029845 -2.13146639 -2.33080554 -2.52648711
 -2.70997667 -2.86816788 -2.99344087 -3.07969928 -3.1327343  -3.16443372
 -3.18394089 -3.19582796]
INFO:root:	Iter: 177/299,	J: 6.39e-05,	t: 42480.00 s,	u1: 3.13,	u2: 0.00,	u3: 3.01,\目标处水位: -320.345, 误差百分比: 0.11%, IAQ累计: 12.55	OCP-solving-time: 7.00e+00 s
i 177  t [42480]
X0 [-0.32400239 -1.32679451 -2.33080554 -3.07969928 -3.20344806]
计算初值self.q_0 [3.12999964 3.12895203 3.12772012 3.12534714 3.12221837 3.11648417
 3.11167598 3.104002   3.09505391 3.08706021 3.0758183  3.06754422
 3.0570612  3.04556179 3.04666901 3.04654145 3.03766131 3.02812433
 3.02140188 3.01776886 3.0139997 ]
计算初值self.z_0 [-0.32400239 -0.52456081 -0.72511917 -0.92537284 -1.12623596 -1.32679451
 -1.52796245 -1.72943521 -1.93029845 -2.13146639 -2.33080554 -2.52648711
 -2.70997667 -2.86816788 -2.99344087 -3.07969928 -3.1327343  -3.16443372
 -3.18394089 -3.19582796]
(True, 3, ('Starting Unsteady Computations', 'Computing', 'Computations Completed'), True)
[-0.3243072  -1.32587993 -2.32867193 -3.07695603 -3.20558167]
下一阶段的初值 [3.12999964 3.12996864 3.12885571 3.1275928  3.12536716 3.12364554
 3.11821151 3.11394119 3.10858107 3.09981132 3.09381652 3.08288908
 3.07462883 3.0703361  3.05502248 3.04568648 3.05027366 3.05725098
 3.06099725 3.06107926 3.06100011]
下一阶段初值 [-0.3243072  -0.52425599 -0.72450966 -0.92506802 -1.12501681 -1.32587993
 -1.52643836 -1.7273016  -1.92846966 -2.12872338 -2.32867193 -2.52374387
 -2.70723367 -2.86725354 -2.99161196 -3.07695603 -3.13151526 -3.16504312
 -3.18515992 -3.19765687]
INFO:root:	Iter: 178/299,	J: 4.32e-05,	t: 42720.00 s,	u1: 3.13,	u2: 0.00,	u3: 3.06,\目标处水位: -320.558, 误差百分比: 0.17%, IAQ累计: 12.60	OCP-solving-time: 6.25e+00 s
i 178  t [42720]
X0 [-0.3243072  -1.32587993 -2.32867193 -3.07695603 -3.20558167]
计算初值self.q_0 [3.12999964 3.12996864 3.12885571 3.1275928  3.12536716 3.12364554
 3.11821151 3.11394119 3.10858107 3.09981132 3.09381652 3.08288908
 3.07462883 3.0703361  3.05502248 3.04568648 3.05027366 3.05725098
 3.06099725 3.06107926 3.06100011]
计算初值self.z_0 [-0.3243072  -0.52425599 -0.72450966 -0.92506802 -1.12501681 -1.32587993
 -1.52643836 -1.7273016  -1.92846966 -2.12872338 -2.32867193 -2.52374387
 -2.70723367 -2.86725354 -2.99161196 -3.07695603 -3.13151526 -3.16504312
 -3.18515992 -3.19765687]
(True, 3, ('Starting Unsteady Computations', 'Computing', 'Computations Completed'), True)
[-0.32400239 -1.3249656  -2.32623363 -3.07756567 -3.20375276]
下一阶段的初值 [3.12999964 3.12959194 3.12947297 3.12861776 3.12785053 3.12552285
 3.12375021 3.12076569 3.11613011 3.11168718 3.10509801 3.09859061
 3.08982086 3.08045936 3.07878017 3.07672143 3.06878448 3.06018448
 3.05344796 3.04736829 3.0400002 ]
下一阶段初值 [-0.32400239 -0.52425599 -0.72450966 -0.92445838 -1.12471199 -1.3249656
 -1.52552402 -1.72638726 -1.92664087 -2.12719917 -2.32623363 -2.52161026
 -2.70510006 -2.86420584 -2.99039268 -3.07756567 -3.13151526 -3.16412878
 -3.18394089 -3.1961329 ]
INFO:root:	Iter: 179/299,	J: 6.86e-05,	t: 42960.00 s,	u1: 3.13,	u2: 0.00,	u3: 3.04,\目标处水位: -320.375, 误差百分比: 0.12%, IAQ累计: 12.62	OCP-solving-time: 7.03e+00 s
i 179  t [42960]
X0 [-0.32400239 -1.3249656  -2.32623363 -3.07756567 -3.20375276]
计算初值self.q_0 [3.12999964 3.12959194 3.12947297 3.12861776 3.12785053 3.12552285
 3.12375021 3.12076569 3.11613011 3.11168718 3.10509801 3.09859061
 3.08982086 3.08045936 3.07878017 3.07672143 3.06878448 3.06018448
 3.05344796 3.04736829 3.0400002 ]
计算初值self.z_0 [-0.32400239 -0.52425599 -0.72450966 -0.92445838 -1.12471199 -1.3249656
 -1.52552402 -1.72638726 -1.92664087 -2.12719917 -2.32623363 -2.52161026
 -2.70510006 -2.86420584 -2.99039268 -3.07756567 -3.13151526 -3.16412878
 -3.18394089 -3.1961329 ]
(True, 3, ('Starting Unsteady Computations', 'Computing', 'Computations Completed'), True)
[-0.32217363 -1.3246609  -2.32501435 -3.07512712 -3.20558167]
下一阶段的初值 [3.15001965 3.14226103 3.13581896 3.13136458 3.12860942 3.12807703
 3.12525964 3.12453461 3.12249017 3.11696553 3.11492109 3.10785604
 3.10207653 3.10018492 3.08693838 3.07810068 3.08217835 3.08844757
 3.09092522 3.08922076 3.08800006]
下一阶段初值 [-0.32217363 -0.52303678 -0.7235952  -0.92415363 -1.12440717 -1.3246609
 -1.52491438 -1.72547281 -1.92603111 -2.1256752  -2.32501435 -2.51978159
 -2.70296645 -2.86329126 -2.98856401 -3.07512712 -3.13029623 -3.16443372
 -3.18485546 -3.19765687]
INFO:root:	Iter: 180/299,	J: 4.63e-05,	t: 43200.00 s,	u1: 3.13,	u2: 0.01,	u3: 3.09,\目标处水位: -320.558, 误差百分比: 0.17%, IAQ累计: 12.67	OCP-solving-time: 5.83e+00 s
i 180  t [43200]
X0 [-0.32217363 -1.3246609  -2.32501435 -3.07512712 -3.20558167]
计算初值self.q_0 [3.15001965 3.14226103 3.13581896 3.13136458 3.12860942 3.12807703
 3.12525964 3.12453461 3.12249017 3.11696553 3.11492109 3.10785604
 3.10207653 3.10018492 3.08693838 3.07810068 3.08217835 3.08844757
 3.09092522 3.08922076 3.08800006]
计算初值self.z_0 [-0.32217363 -0.52303678 -0.7235952  -0.92415363 -1.12440717 -1.3246609
 -1.52491438 -1.72547281 -1.92603111 -2.1256752  -2.32501435 -2.51978159
 -2.70296645 -2.86329126 -2.98856401 -3.07512712 -3.13029623 -3.16443372
 -3.18485546 -3.19765687]
(True, 3, ('Starting Unsteady Computations', 'Computing', 'Computations Completed'), True)
[-0.31363922 -1.32405114 -2.32379532 -3.07573676 -3.20375276]
下一阶段的初值 [3.23007989 3.19702864 3.17090917 3.15164804 3.13976336 3.13249445
 3.12996292 3.12784767 3.12478662 3.12223244 3.11859655 3.11594605
 3.11059427 3.10396814 3.10456562 3.1041379  3.09655476 3.08774543
 3.08061242 3.07379365 3.06600094]
下一阶段初值 [-0.31363922 -0.51755041 -0.72054726 -0.92202002 -1.12349284 -1.32405114
 -1.52430475 -1.72486317 -1.92511678 -2.12506557 -2.32379532 -2.51856232
 -2.70174742 -2.86085272 -2.98764968 -3.07573676 -3.13029623 -3.16351914
 -3.18363595 -3.19582796]
INFO:root:	Iter: 181/299,	J: 6.93e-05,	t: 43440.00 s,	u1: 3.15,	u2: 0.02,	u3: 3.07,\目标处水位: -320.375, 误差百分比: 0.12%, IAQ累计: 12.69	OCP-solving-time: 6.88e+00 s
i 181  t [43440]
X0 [-0.31363922 -1.32405114 -2.32379532 -3.07573676 -3.20375276]
计算初值self.q_0 [3.23007989 3.19702864 3.17090917 3.15164804 3.13976336 3.13249445
 3.12996292 3.12784767 3.12478662 3.12223244 3.11859655 3.11594605
 3.11059427 3.10396814 3.10456562 3.1041379  3.09655476 3.08774543
 3.08061242 3.07379365 3.06600094]
计算初值self.z_0 [-0.31363922 -0.51755041 -0.72054726 -0.92202002 -1.12349284 -1.32405114
 -1.52430475 -1.72486317 -1.92511678 -2.12506557 -2.32379532 -2.51856232
 -2.70174742 -2.86085272 -2.98764968 -3.07573676 -3.13029623 -3.16351914
 -3.18363595 -3.19582796]
(True, 3, ('Starting Unsteady Computations', 'Computing', 'Computations Completed'), True)
[-0.3048     -1.32130802 -2.32318568 -3.07360315 -3.20497203]
下一阶段的初值 [3.30007076 3.26552415 3.23382354 3.20571065 3.18155622 3.16295218
 3.14677167 3.13739324 3.13152885 3.12593627 3.12463927 3.12003779
 3.11682963 3.11683536 3.10703468 3.09979987 3.10393977 3.10964847
 3.11111236 3.10939074 3.10700083]
下一阶段初值 [-0.3048     -0.50901598 -0.71292722 -0.91653359 -1.1189208  -1.32130802
 -1.52247596 -1.72364414 -1.92450726 -2.12415123 -2.32318568 -2.51734328
 -2.70052791 -2.86054802 -2.98643064 -3.07360315 -3.12907672 -3.16351914
 -3.18424559 -3.19704723]
INFO:root:	Iter: 182/299,	J: 5.67e-05,	t: 43680.00 s,	u1: 3.23,	u2: 0.02,	u3: 3.11,\目标处水位: -320.497, 误差百分比: 0.16%, IAQ累计: 12.73	OCP-solving-time: 6.17e+00 s
i 182  t [43680]
X0 [-0.3048     -1.32130802 -2.32318568 -3.07360315 -3.20497203]
计算初值self.q_0 [3.30007076 3.26552415 3.23382354 3.20571065 3.18155622 3.16295218
 3.14677167 3.13739324 3.13152885 3.12593627 3.12463927 3.12003779
 3.11682963 3.11683536 3.10703468 3.09979987 3.10393977 3.10964847
 3.11111236 3.10939074 3.10700083]
计算初值self.z_0 [-0.3048     -0.50901598 -0.71292722 -0.91653359 -1.1189208  -1.32130802
 -1.52247596 -1.72364414 -1.92450726 -2.12415123 -2.32318568 -2.51734328
 -2.70052791 -2.86054802 -2.98643064 -3.07360315 -3.12907672 -3.16351914
 -3.18424559 -3.19704723]
(True, 3, ('Starting Unsteady Computations', 'Computing', 'Computations Completed'), True)
[-0.29382721 -1.31551683 -2.32166171 -3.07421303 -3.20344806]
下一阶段的初值 [3.38007998 3.34021568 3.30280042 3.26836133 3.23758101 3.20999479
 3.18781996 3.1689496  3.15369248 3.14249897 3.13358188 3.12828946
 3.12235975 3.11742139 3.11895323 3.11896753 3.11353064 3.1067121
 3.10071731 3.09515572 3.08899975]
下一阶段初值 [-0.29382721 -0.49926242 -0.70408797 -0.90860879 -1.11221516 -1.31551683
 -1.51820886 -1.72029126 -1.92176402 -2.12262726 -2.32166171 -2.51673365
 -2.69961381 -2.85902405 -2.98582077 -3.07421303 -3.12938166 -3.16260505
 -3.18302631 -3.19552326]
INFO:root:	Iter: 183/299,	J: 1.03e-04,	t: 43920.00 s,	u1: 3.30,	u2: 0.02,	u3: 3.09,\目标处水位: -320.345, 误差百分比: 0.11%, IAQ累计: 12.75	OCP-solving-time: 7.40e+00 s
i 183  t [43920]
X0 [-0.29382721 -1.31551683 -2.32166171 -3.07421303 -3.20344806]
计算初值self.q_0 [3.38007998 3.34021568 3.30280042 3.26836133 3.23758101 3.20999479
 3.18781996 3.1689496  3.15369248 3.14249897 3.13358188 3.12828946
 3.12235975 3.11742139 3.11895323 3.11896753 3.11353064 3.1067121
 3.10071731 3.09515572 3.08899975]
计算初值self.z_0 [-0.29382721 -0.49926242 -0.70408797 -0.90860879 -1.11221516 -1.31551683
 -1.51820886 -1.72029126 -1.92176402 -2.12262726 -2.32166171 -2.51673365
 -2.69961381 -2.85902405 -2.98582077 -3.07421303 -3.12938166 -3.16260505
 -3.18302631 -3.19552326]
(True, 3, ('Starting Unsteady Computations', 'Computing', 'Computations Completed'), True)
[-0.28407359 -1.30789673 -2.31891847 -3.07238412 -3.20527673]
下一阶段的初值 [3.45006776 3.41317105 3.37603354 3.33941126 3.30442309 3.27266002
 3.24096489 3.21533537 3.19315767 3.17261672 3.15987682 3.14558816
 3.13620663 3.13304114 3.12083936 3.11381674 3.1191175  3.1267488
 3.13096809 3.1318686  3.13299847]
下一阶段初值 [-0.28407359 -0.48920402 -0.69433445 -0.89916003 -1.10368085 -1.30789673
 -1.51150322 -1.71480477 -1.9174968  -2.11896968 -2.31891847 -2.5142951
 -2.6977849  -2.85841441 -2.98490644 -3.07238412 -3.12846732 -3.16321445
 -3.18424559 -3.19704723]
INFO:root:	Iter: 184/299,	J: 1.20e-04,	t: 44160.00 s,	u1: 3.38,	u2: 0.02,	u3: 3.13,\目标处水位: -320.528, 误差百分比: 0.16%, IAQ累计: 12.79	OCP-solving-time: 8.25e+00 s
i 184  t [44160]
X0 [-0.28407359 -1.30789673 -2.31891847 -3.07238412 -3.20527673]
计算初值self.q_0 [3.45006776 3.41317105 3.37603354 3.33941126 3.30442309 3.27266002
 3.24096489 3.21533537 3.19315767 3.17261672 3.15987682 3.14558816
 3.13620663 3.13304114 3.12083936 3.11381674 3.1191175  3.1267488
 3.13096809 3.1318686  3.13299847]
计算初值self.z_0 [-0.28407359 -0.48920402 -0.69433445 -0.89916003 -1.10368085 -1.30789673
 -1.51150322 -1.71480477 -1.9174968  -2.11896968 -2.31891847 -2.5142951
 -2.6977849  -2.85841441 -2.98490644 -3.07238412 -3.12846732 -3.16321445
 -3.18424559 -3.19704723]
(True, 3, ('Starting Unsteady Computations', 'Computing', 'Computations Completed'), True)
[-0.2737104  -1.2990576  -2.31434631 -3.07268906 -3.20497203]
下一阶段的初值 [3.52006984 3.4822104  3.4452455  3.40872526 3.37298369 3.33763862
 3.3047514  3.27376151 3.24493504 3.21930814 3.19695783 3.17848945
 3.16153336 3.14895797 3.1435492  3.13949728 3.13440299 3.13031411
 3.12779665 3.1258626  3.12399936]
下一阶段初值 [-0.2737104  -0.4794504  -0.6845808  -0.88940638 -1.09453678 -1.2990576
 -1.50327373 -1.70748973 -1.91079128 -2.11348319 -2.31434631 -2.51063776
 -2.69504166 -2.85536647 -2.98368716 -3.07268906 -3.12877226 -3.16290951
 -3.18394089 -3.1967423 ]
INFO:root:	Iter: 185/299,	J: 1.67e-04,	t: 44400.00 s,	u1: 3.45,	u2: 0.02,	u3: 3.12,\目标处水位: -320.497, 误差百分比: 0.16%, IAQ累计: 12.80	OCP-solving-time: 6.68e+00 s
i 185  t [44400]
X0 [-0.2737104  -1.2990576  -2.31434631 -3.07268906 -3.20497203]
计算初值self.q_0 [3.52006984 3.4822104  3.4452455  3.40872526 3.37298369 3.33763862
 3.3047514  3.27376151 3.24493504 3.21930814 3.19695783 3.17848945
 3.16153336 3.14895797 3.1435492  3.13949728 3.13440299 3.13031411
 3.12779665 3.1258626  3.12399936]
计算初值self.z_0 [-0.2737104  -0.4794504  -0.6845808  -0.88940638 -1.09453678 -1.2990576
 -1.50327373 -1.70748973 -1.91079128 -2.11348319 -2.31434631 -2.51063776
 -2.69504166 -2.85536647 -2.98368716 -3.07268906 -3.12877226 -3.16290951
 -3.18394089 -3.1967423 ]
(True, 3, ('Starting Unsteady Computations', 'Computing', 'Computations Completed'), True)
[-0.26304239 -1.28991354 -2.30794573 -3.07055545 -3.20649624]
下一阶段的初值 [3.60007906 3.55884409 3.51860881 3.47922564 3.44141436 3.40598989
 3.36976695 3.33697319 3.30567741 3.27419758 3.24835849 3.22220778
 3.20027924 3.18504763 3.16649461 3.15459871 3.15478277 3.15825438
 3.15909815 3.15842986 3.15799928]
下一阶段初值 [-0.26304239 -0.4687824  -0.67421758 -0.8796528  -1.0847832  -1.28991354
 -1.49443436 -1.69895518 -1.90317118 -2.10616803 -2.30794573 -2.50515127
 -2.6904695  -2.85262322 -2.98094392 -3.07055545 -3.12785769 -3.16321445
 -3.18485546 -3.19796157]
INFO:root:	Iter: 186/299,	J: 2.04e-04,	t: 44640.00 s,	u1: 3.52,	u2: 0.02,	u3: 3.16,\目标处水位: -320.650, 误差百分比: 0.20%, IAQ累计: 12.84	OCP-solving-time: 6.94e+00 s
i 186  t [44640]
X0 [-0.26304239 -1.28991354 -2.30794573 -3.07055545 -3.20649624]
计算初值self.q_0 [3.60007906 3.55884409 3.51860881 3.47922564 3.44141436 3.40598989
 3.36976695 3.33697319 3.30567741 3.27419758 3.24835849 3.22220778
 3.20027924 3.18504763 3.16649461 3.15459871 3.15478277 3.15825438
 3.15909815 3.15842986 3.15799928]
计算初值self.z_0 [-0.26304239 -0.4687824  -0.67421758 -0.8796528  -1.0847832  -1.28991354
 -1.49443436 -1.69895518 -1.90317118 -2.10616803 -2.30794573 -2.50515127
 -2.6904695  -2.85262322 -2.98094392 -3.07055545 -3.12785769 -3.16321445
 -3.18485546 -3.19796157]
(True, 3, ('Starting Unsteady Computations', 'Computing', 'Computations Completed'), True)
[-0.2471928  -1.27985513 -2.30063033 -3.06903124 -3.2068007 ]
下一阶段的初值 [3.73012996 3.66882992 3.61305404 3.56247163 3.51728368 3.47643661
 3.43852878 3.40382648 3.36947536 3.33530545 3.30545378 3.27607489
 3.24835563 3.22619486 3.20749736 3.19495559 3.18808317 3.18414164
 3.18073511 3.1762073  3.17099977]
下一阶段初值 [-0.2471928  -0.45506641 -0.66233045 -0.86868    -1.07442009 -1.27985513
 -1.48498571 -1.68981123 -1.89433205 -2.09824324 -2.30063033 -2.49814081
 -2.68437362 -2.84713674 -2.97759128 -3.06903124 -3.12724805 -3.16290951
 -3.18485546 -3.19826651]
INFO:root:	Iter: 187/299,	J: 2.72e-04,	t: 44880.00 s,	u1: 3.60,	u2: 0.03,	u3: 3.17,\目标处水位: -320.680, 误差百分比: 0.21%, IAQ累计: 12.85	OCP-solving-time: 6.66e+00 s
i 187  t [44880]
X0 [-0.2471928  -1.27985513 -2.30063033 -3.06903124 -3.2068007 ]
计算初值self.q_0 [3.73012996 3.66882992 3.61305404 3.56247163 3.51728368 3.47643661
 3.43852878 3.40382648 3.36947536 3.33530545 3.30545378 3.27607489
 3.24835563 3.22619486 3.20749736 3.19495559 3.18808317 3.18414164
 3.18073511 3.1762073  3.17099977]
计算初值self.z_0 [-0.2471928  -0.45506641 -0.66233045 -0.86868    -1.07442009 -1.27985513
 -1.48498571 -1.68981123 -1.89433205 -2.09824324 -2.30063033 -2.49814081
 -2.68437362 -2.84713674 -2.97759128 -3.06903124 -3.12724805 -3.16290951
 -3.18485546 -3.19826651]
(True, 3, ('Starting Unsteady Computations', 'Computing', 'Computations Completed'), True)
[-0.22433281 -1.26827276 -2.29209614 -3.0659833  -3.20710564]
下一阶段的初值 [3.92018676 3.83265686 3.75273824 3.68101144 3.61906838 3.56631422
 3.51877308 3.47792315 3.43951702 3.401057   3.36843324 3.33483243
 3.30394745 3.27900004 3.25366235 3.23647666 3.22869825 3.2244308
 3.21783876 3.2083354  3.1989994 ]
下一阶段初值 [-0.22433281 -0.4352544  -0.64526165 -0.85404962 -1.06161845 -1.26827276
 -1.47431755 -1.67975283 -1.88518798 -2.08909917 -2.29209614 -2.49021602
 -2.67705846 -2.84104085 -2.97301912 -3.0659833  -3.12541914 -3.16230011
 -3.18455052 -3.19826651]
INFO:root:	Iter: 188/299,	J: 3.02e-04,	t: 45120.00 s,	u1: 3.73,	u2: 0.05,	u3: 3.20,\目标处水位: -320.711, 误差百分比: 0.22%, IAQ累计: 12.88	OCP-solving-time: 7.08e+00 s
i 188  t [45120]
X0 [-0.22433281 -1.26827276 -2.29209614 -3.0659833  -3.20710564]
计算初值self.q_0 [3.92018676 3.83265686 3.75273824 3.68101144 3.61906838 3.56631422
 3.51877308 3.47792315 3.43951702 3.401057   3.36843324 3.33483243
 3.30394745 3.27900004 3.25366235 3.23647666 3.22869825 3.2244308
 3.21783876 3.2083354  3.1989994 ]
计算初值self.z_0 [-0.22433281 -0.4352544  -0.64526165 -0.85404962 -1.06161845 -1.26827276
 -1.47431755 -1.67975283 -1.88518798 -2.08909917 -2.29209614 -2.49021602
 -2.67705846 -2.84104085 -2.97301912 -3.0659833  -3.12541914 -3.16230011
 -3.18455052 -3.19826651]
(True, 3, ('Starting Unsteady Computations', 'Computing', 'Computations Completed'), True)
[-0.19842482 -1.2527281  -2.28234243 -3.06263065 -3.20466733]
下一阶段的初值 [4.12020016 4.02242804 3.9300611  3.84345675 3.7644558  3.69305491
 3.62905288 3.57309341 3.52312803 3.47817802 3.43846083 3.40099764
 3.36609149 3.33536482 3.31004095 3.29075718 3.27430511 3.25833178
 3.24158239 3.22342277 3.20300055]
下一阶段初值 [-0.19842482 -0.41117519 -0.62301117 -0.83393282 -1.04363525 -1.2527281
 -1.46060157 -1.66786563 -1.87391031 -2.07904077 -2.28234243 -2.48107219
 -2.66882873 -2.83372569 -2.96753287 -3.06263065 -3.12298083 -3.15986156
 -3.18241692 -3.1961329 ]
INFO:root:	Iter: 189/299,	J: 3.05e-04,	t: 45360.00 s,	u1: 3.92,	u2: 0.05,	u3: 3.20,\目标处水位: -320.467, 误差百分比: 0.15%, IAQ累计: 12.88	OCP-solving-time: 6.81e+00 s
i 189  t [45360]
X0 [-0.19842482 -1.2527281  -2.28234243 -3.06263065 -3.20466733]
计算初值self.q_0 [4.12020016 4.02242804 3.9300611  3.84345675 3.7644558  3.69305491
 3.62905288 3.57309341 3.52312803 3.47817802 3.43846083 3.40099764
 3.36609149 3.33536482 3.31004095 3.29075718 3.27430511 3.25833178
 3.24158239 3.22342277 3.20300055]
计算初值self.z_0 [-0.19842482 -0.41117519 -0.62301117 -0.83393282 -1.04363525 -1.2527281
 -1.46060157 -1.66786563 -1.87391031 -2.07904077 -2.28234243 -2.48107219
 -2.66882873 -2.83372569 -2.96753287 -3.06263065 -3.12298083 -3.15986156
 -3.18241692 -3.1961329 ]
(True, 3, ('Starting Unsteady Computations', 'Computing', 'Computations Completed'), True)
[-0.17160241 -1.2326113  -2.27076006 -3.05683923 -3.20314312]
下一阶段的初值 [4.32020187 4.21883869 4.12084579 4.02558756 3.93558264 3.85237098
 3.77235341 3.70192075 3.6380775  3.57777119 3.52861881 3.48015738
 3.43801332 3.40474105 3.36856627 3.34070253 3.32532096 3.31268883
 3.29426289 3.27169728 3.24599981]
下一阶段初值 [-0.17160241 -0.38496241 -0.59801763 -0.81046319 -1.02168965 -1.2326113
 -1.44261837 -1.65140653 -1.85958481 -2.06593442 -2.27076006 -2.47040391
 -2.65907526 -2.8258009  -2.96082711 -3.05683923 -3.11871386 -3.15711832
 -3.18028331 -3.19460893]
INFO:root:	Iter: 190/299,	J: 2.61e-04,	t: 45600.00 s,	u1: 4.12,	u2: 0.05,	u3: 3.25,\目标处水位: -320.314, 误差百分比: 0.10%, IAQ累计: 12.92	OCP-solving-time: 6.56e+00 s
i 190  t [45600]
X0 [-0.17160241 -1.2326113  -2.27076006 -3.05683923 -3.20314312]
计算初值self.q_0 [4.32020187 4.21883869 4.12084579 4.02558756 3.93558264 3.85237098
 3.77235341 3.70192075 3.6380775  3.57777119 3.52861881 3.48015738
 3.43801332 3.40474105 3.36856627 3.34070253 3.32532096 3.31268883
 3.29426289 3.27169728 3.24599981]
计算初值self.z_0 [-0.17160241 -0.38496241 -0.59801763 -0.81046319 -1.02168965 -1.2326113
 -1.44261837 -1.65140653 -1.85958481 -2.06593442 -2.27076006 -2.47040391
 -2.65907526 -2.8258009  -2.96082711 -3.05683923 -3.11871386 -3.15711832
 -3.18028331 -3.19460893]
(True, 3, ('Starting Unsteady Computations', 'Computing', 'Computations Completed'), True)
[-0.14478    -1.20975125 -2.2558248  -3.05104804 -3.19918084]
下一阶段的初值 [4.51018524 4.4109664  4.3125596  4.21484327 4.12003565 4.02875376
 3.93983316 3.85786748 3.78098416 3.70831728 3.64551902 3.58520985
 3.53064919 3.48539615 3.44490004 3.41311431 3.38817573 3.36425948
 3.33575845 3.30323935 3.26799917]
下一阶段初值 [-0.14478    -0.35844481 -0.57180482 -0.78486001 -0.99761039 -1.20975125
 -1.42097771 -1.63159442 -1.84129679 -2.04947519 -2.2558248  -2.4572978
 -2.64718819 -2.81482792 -2.95259762 -3.05104804 -3.1141417  -3.15315604
 -3.17662573 -3.19064665]
INFO:root:	Iter: 191/299,	J: 2.55e-04,	t: 45840.00 s,	u1: 4.32,	u2: 0.05,	u3: 3.27,\目标处水位: -319.918, 误差百分比: 0.03%, IAQ累计: 12.95	OCP-solving-time: 6.91e+00 s
i 191  t [45840]
X0 [-0.14478    -1.20975125 -2.2558248  -3.05104804 -3.19918084]
计算初值self.q_0 [4.51018524 4.4109664  4.3125596  4.21484327 4.12003565 4.02875376
 3.93983316 3.85786748 3.78098416 3.70831728 3.64551902 3.58520985
 3.53064919 3.48539615 3.44490004 3.41311431 3.38817573 3.36425948
 3.33575845 3.30323935 3.26799917]
计算初值self.z_0 [-0.14478    -0.35844481 -0.57180482 -0.78486001 -0.99761039 -1.20975125
 -1.42097771 -1.63159442 -1.84129679 -2.04947519 -2.2558248  -2.4572978
 -2.64718819 -2.81482792 -2.95259762 -3.05104804 -3.1141417  -3.15315604
 -3.17662573 -3.19064665]
(True, 3, ('Starting Unsteady Computations', 'Computing', 'Computations Completed'), True)
[-0.11917681 -1.18506241 -2.23784161 -3.04220891 -3.1967423 ]
下一阶段的初值 [4.69017839 4.59413338 4.4993372  4.40194416 4.30604935 4.21379852
 4.11804533 4.02942514 3.94534087 3.85965967 3.78783131 3.71408558
 3.64676213 3.59757018 3.53938508 3.48913383 3.46465397 3.44544363
 3.41567969 3.37973166 3.33800125]
下一阶段初值 [-0.11917681 -0.33253679 -0.54589683 -0.75925678 -0.97200716 -1.18506241
 -1.39720321 -1.60903919 -1.82026565 -2.02966309 -2.23784161 -2.4402287
 -2.63194799 -2.80294085 -2.94253922 -3.04220891 -3.10774088 -3.14858413
 -3.17327285 -3.18790317]
INFO:root:	Iter: 192/299,	J: 2.51e-04,	t: 46080.00 s,	u1: 4.51,	u2: 0.05,	u3: 3.34,\目标处水位: -319.674, 误差百分比: 0.10%, IAQ累计: 13.02	OCP-solving-time: 7.03e+00 s
i 192  t [46080]
X0 [-0.11917681 -1.18506241 -2.23784161 -3.04220891 -3.1967423 ]
计算初值self.q_0 [4.69017839 4.59413338 4.4993372  4.40194416 4.30604935 4.21379852
 4.11804533 4.02942514 3.94534087 3.85965967 3.78783131 3.71408558
 3.64676213 3.59757018 3.53938508 3.48913383 3.46465397 3.44544363
 3.41567969 3.37973166 3.33800125]
计算初值self.z_0 [-0.11917681 -0.33253679 -0.54589683 -0.75925678 -0.97200716 -1.18506241
 -1.39720321 -1.60903919 -1.82026565 -2.02966309 -2.23784161 -2.4402287
 -2.63194799 -2.80294085 -2.94253922 -3.04220891 -3.10774088 -3.14858413
 -3.17327285 -3.18790317]
(True, 3, ('Starting Unsteady Computations', 'Computing', 'Computations Completed'), True)
[-0.13075919 -1.15945923 -2.21681046 -3.03245544 -3.19430399]
下一阶段的初值 [4.43974447 4.49876547 4.52419376 4.51113701 4.46751499 4.40016603
 4.30608892 4.21019363 4.11725521 4.02525949 3.9495883  3.86524081
 3.7846911  3.72762108 3.66065741 3.59998298 3.5729177  3.55174804
 3.5151825  3.47436929 3.427001  ]
下一阶段初值 [-0.13075919 -0.32918403 -0.53218085 -0.73883522 -0.94762319 -1.15945923
 -1.37190485 -1.58495998 -1.7974056  -2.00741291 -2.21681046 -2.42072153
 -2.6139648  -2.78770089 -2.92973781 -3.03245544 -3.10042572 -3.14370728
 -3.16961527 -3.18515992]
INFO:root:	Iter: 193/299,	J: 2.53e-04,	t: 46320.00 s,	u1: 4.69,	u2: -0.06,	u3: 3.43,\目标处水位: -319.430, 误差百分比: 0.18%, IAQ累计: 13.11	OCP-solving-time: 6.81e+00 s
i 193  t [46320]
X0 [-0.13075919 -1.15945923 -2.21681046 -3.03245544 -3.19430399]
计算初值self.q_0 [4.43974447 4.49876547 4.52419376 4.51113701 4.46751499 4.40016603
 4.30608892 4.21019363 4.11725521 4.02525949 3.9495883  3.86524081
 3.7846911  3.72762108 3.66065741 3.59998298 3.5729177  3.55174804
 3.5151825  3.47436929 3.427001  ]
计算初值self.z_0 [-0.13075919 -0.32918403 -0.53218085 -0.73883522 -0.94762319 -1.15945923
 -1.37190485 -1.58495998 -1.7974056  -2.00741291 -2.21681046 -2.42072153
 -2.6139648  -2.78770089 -2.92973781 -3.03245544 -3.10042572 -3.14370728
 -3.16961527 -3.18515992]
(True, 3, ('Starting Unsteady Computations', 'Computing', 'Computations Completed'), True)
[-0.1563624  -1.1469624  -2.19395041 -3.02026343 -3.19582796]
下一阶段的初值 [4.17973661 4.27786303 4.35722351 4.4038105  4.42694521 4.4306097
 4.39500093 4.34902573 4.28731203 4.19753361 4.12358427 4.02985811
 3.9399662  3.8807075  3.79777312 3.72829509 3.71076107 3.70484591
 3.67516685 3.63888192 3.59499907]
下一阶段初值 [-0.1563624  -0.34747201 -0.54223925 -0.74066401 -0.94183201 -1.1469624
 -1.35361683 -1.56301439 -1.77393603 -1.98302889 -2.19395041 -2.39877605
 -2.59323859 -2.77093673 -2.91480231 -3.02026343 -3.09280562 -3.1400497
 -3.16839623 -3.18546486]
INFO:root:	Iter: 194/299,	J: 2.54e-04,	t: 46560.00 s,	u1: 4.44,	u2: -0.07,	u3: 3.60,\目标处水位: -319.583, 误差百分比: 0.13%, IAQ累计: 13.27	OCP-solving-time: 7.60e+00 s
i 194  t [46560]
X0 [-0.1563624  -1.1469624  -2.19395041 -3.02026343 -3.19582796]
计算初值self.q_0 [4.17973661 4.27786303 4.35722351 4.4038105  4.42694521 4.4306097
 4.39500093 4.34902573 4.28731203 4.19753361 4.12358427 4.02985811
 3.9399662  3.8807075  3.79777312 3.72829509 3.71076107 3.70484591
 3.67516685 3.63888192 3.59499907]
计算初值self.z_0 [-0.1563624  -0.34747201 -0.54223925 -0.74066401 -0.94183201 -1.1469624
 -1.35361683 -1.56301439 -1.77393603 -1.98302889 -2.19395041 -2.39877605
 -2.59323859 -2.77093673 -2.91480231 -3.02026343 -3.09280562 -3.1400497
 -3.16839623 -3.18546486]
(True, 3, ('Starting Unsteady Computations', 'Computing', 'Computations Completed'), True)
[-0.187452   -1.14970565 -2.17383361 -3.00837588 -3.20192409]
下一阶段的初值 [3.92974401 4.04380417 4.14874077 4.22622395 4.29052877 4.34269142
 4.35373735 4.35978079 4.34506989 4.29221106 4.25383568 4.17898893
 4.09807348 4.04660177 3.96058679 3.88549328 3.87661886 3.88743305
 3.86962438 3.84734201 3.81700039]
下一阶段初值 [-0.187452   -0.37368479 -0.56357521 -0.75620878 -0.95097595 -1.14970565
 -1.35026395 -1.55387044 -1.75991523 -1.96504569 -2.17383361 -2.37683034
 -2.57159781 -2.75203943 -2.89895272 -3.00837588 -3.08640504 -3.13852572
 -3.17022491 -3.18973207]
INFO:root:	Iter: 195/299,	J: 2.43e-04,	t: 46800.00 s,	u1: 4.18,	u2: -0.06,	u3: 3.82,\目标处水位: -320.192, 误差百分比: 0.06%, IAQ累计: 13.50	OCP-solving-time: 7.71e+00 s
i 195  t [46800]
X0 [-0.187452   -1.14970565 -2.17383361 -3.00837588 -3.20192409]
计算初值self.q_0 [3.92974401 4.04380417 4.14874077 4.22622395 4.29052877 4.34269142
 4.35373735 4.35978079 4.34506989 4.29221106 4.25383568 4.17898893
 4.09807348 4.04660177 3.96058679 3.88549328 3.87661886 3.88743305
 3.86962438 3.84734201 3.81700039]
计算初值self.z_0 [-0.187452   -0.37368479 -0.56357521 -0.75620878 -0.95097595 -1.14970565
 -1.35026395 -1.55387044 -1.75991523 -1.96504569 -2.17383361 -2.37683034
 -2.57159781 -2.75203943 -2.89895272 -3.00837588 -3.08640504 -3.13852572
 -3.17022491 -3.18973207]
(True, 3, ('Starting Unsteady Computations', 'Computing', 'Computations Completed'), True)
[-0.22098    -1.16311681 -2.16225123 -2.99984169 -3.20527673]
下一阶段的初值 [3.67974591 3.80508733 3.92290807 4.02213621 4.11240196 4.19121599
 4.23937464 4.2829318  4.30602121 4.29710674 4.29370022 4.25557756
 4.20461845 4.17011452 4.11115551 4.05708218 4.04556561 4.04814482
 4.02941084 4.00491095 3.97400045]
下一阶段初值 [-0.22098    -0.40446961 -0.59070241 -0.77906883 -0.96956879 -1.16311681
 -1.35818875 -1.55691838 -1.75747681 -1.95803511 -2.16225123 -2.36189532
 -2.55483365 -2.73497033 -2.88493204 -2.99984169 -3.08183289 -3.13669705
 -3.17113924 -3.19217038]
INFO:root:	Iter: 196/299,	J: 2.67e-04,	t: 47040.00 s,	u1: 3.93,	u2: -0.06,	u3: 3.97,\目标处水位: -320.528, 误差百分比: 0.16%, IAQ累计: 13.65	OCP-solving-time: 6.70e+00 s
i 196  t [47040]
X0 [-0.22098    -1.16311681 -2.16225123 -2.99984169 -3.20527673]
计算初值self.q_0 [3.67974591 3.80508733 3.92290807 4.02213621 4.11240196 4.19121599
 4.23937464 4.2829318  4.30602121 4.29710674 4.29370022 4.25557756
 4.20461845 4.17011452 4.11115551 4.05708218 4.04556561 4.04814482
 4.02941084 4.00491095 3.97400045]
计算初值self.z_0 [-0.22098    -0.40446961 -0.59070241 -0.77906883 -0.96956879 -1.16311681
 -1.35818875 -1.55691838 -1.75747681 -1.95803511 -2.16225123 -2.36189532
 -2.55483365 -2.73497033 -2.88493204 -2.99984169 -3.08183289 -3.13669705
 -3.17113924 -3.19217038]
(True, 3, ('Starting Unsteady Computations', 'Computing', 'Computations Completed'), True)
[-0.25603199 -1.18353844 -2.15950799 -2.9946599  -3.19979048]
下一阶段的初值 [3.42974496 3.56298423 3.68712807 3.80250478 3.90974641 4.00444651
 4.0831871  4.15135431 4.202353   4.233881   4.25517797 4.2568121
 4.24325085 4.22696877 4.20436621 4.17897177 4.15690422 4.1315074
 4.09454775 4.05012178 4.00000095]
下一阶段初值 [-0.25603199 -0.43799761 -0.62179202 -0.80711043 -0.99425763 -1.18353844
 -1.37495291 -1.56880558 -1.76448727 -1.96138799 -2.15950799 -2.35610414
 -2.54690886 -2.72430229 -2.87609291 -2.9946599  -3.07787037 -3.1321249
 -3.16595769 -3.18668413]
i 197 INFO:root:	Iter: 197/299,	J: 3.30e-04,	t: 47280.00 s,	u1: 3.68,	u2: -0.06,	u3: 4.00,\目标处水位: -319.979, 误差百分比: 0.01%, IAQ累计: 13.68	OCP-solving-time: 6.75e+00 s
 t [47280]
X0 [-0.25603199 -1.18353844 -2.15950799 -2.9946599  -3.19979048]
计算初值self.q_0 [3.42974496 3.56298423 3.68712807 3.80250478 3.90974641 4.00444651
 4.0831871  4.15135431 4.202353   4.233881   4.25517797 4.2568121
 4.24325085 4.22696877 4.20436621 4.17897177 4.15690422 4.1315074
 4.09454775 4.05012178 4.00000095]
计算初值self.z_0 [-0.25603199 -0.43799761 -0.62179202 -0.80711043 -0.99425763 -1.18353844
 -1.37495291 -1.56880558 -1.76448727 -1.96138799 -2.15950799 -2.35610414
 -2.54690886 -2.72430229 -2.87609291 -2.9946599  -3.07787037 -3.1321249
 -3.16595769 -3.18668413]
(True, 3, ('Starting Unsteady Computations', 'Computing', 'Computations Completed'), True)
[-0.29260799 -1.20914161 -2.16621351 -2.99008822 -3.19034171]
下一阶段的初值 [3.17974401 3.31671262 3.44779682 3.57243061 3.69013548 3.79864001
 3.89623952 3.98294258 4.0571332  4.11715889 4.16383648 4.19651127
 4.21593094 4.22471476 4.22353697 4.21210527 4.19048262 4.15824699
 4.11469555 4.06112862 4.00000095]
下一阶段初值 [-0.29260799 -0.4733544  -0.65501517 -0.83820003 -1.02290881 -1.20914161
 -1.39750803 -1.58739853 -1.7794224  -1.97236085 -2.16621351 -2.35884714
 -2.54690886 -2.72216868 -2.87243509 -2.99008822 -3.07207942 -3.1248095
 -3.15772796 -3.17784476]
INFO:root:	Iter: 198/299,	J: 5.47e-04,	t: 47520.00 s,	u1: 3.43,	u2: -0.06,	u3: 4.00,\目标处水位: -319.034, 误差百分比: 0.30%, IAQ累计: 13.68	OCP-solving-time: 6.74e+00 s
i 198  t [47520]
X0 [-0.29260799 -1.20914161 -2.16621351 -2.99008822 -3.19034171]
计算初值self.q_0 [3.17974401 3.31671262 3.44779682 3.57243061 3.69013548 3.79864001
 3.89623952 3.98294258 4.0571332  4.11715889 4.16383648 4.19651127
 4.21593094 4.22471476 4.22353697 4.21210527 4.19048262 4.15824699
 4.11469555 4.06112862 4.00000095]
计算初值self.z_0 [-0.29260799 -0.4733544  -0.65501517 -0.83820003 -1.02290881 -1.20914161
 -1.39750803 -1.58739853 -1.7794224  -1.97236085 -2.16621351 -2.35884714
 -2.54690886 -2.72216868 -2.87243509 -2.99008822 -3.07207942 -3.1248095
 -3.15772796 -3.17784476]
(True, 3, ('Starting Unsteady Computations', 'Computing', 'Computations Completed'), True)
[-0.30784801 -1.2387073  -2.17992949 -2.98734474 -3.18089271]
下一阶段的初值 [3.15998149 3.20838928 3.27660155 3.36336446 3.46484923 3.57522535
 3.68719888 3.79259682 3.88549328 3.96357989 4.03156567 4.0893178
 4.13367081 4.16340017 4.18020344 4.18385077 4.17027855 4.14334679
 4.10465431 4.05506325 4.00000095]
下一阶段初值 [-0.30784801 -0.49712881 -0.68427598 -0.8695944  -1.05430329 -1.2387073
 -1.42433035 -1.6111728  -1.79984415 -1.98973441 -2.17992949 -2.36921024
 -2.55391908 -2.7258265  -2.87274003 -2.98734474 -3.06689763 -3.11779928
 -3.14919353 -3.1687007 ]
INFO:root:	Iter: 199/299,	J: 1.12e-03,	t: 47760.00 s,	u1: 3.18,	u2: -0.01,	u3: 4.00,\目标处水位: -318.089, 误差百分比: 0.60%, IAQ累计: 13.68	OCP-solving-time: 6.76e+00 s
i 199  t [47760]
X0 [-0.30784801 -1.2387073  -2.17992949 -2.98734474 -3.18089271]
计算初值self.q_0 [3.15998149 3.20838928 3.27660155 3.36336446 3.46484923 3.57522535
 3.68719888 3.79259682 3.88549328 3.96357989 4.03156567 4.0893178
 4.13367081 4.16340017 4.18020344 4.18385077 4.17027855 4.14334679
 4.10465431 4.05506325 4.00000095]
计算初值self.z_0 [-0.30784801 -0.49712881 -0.68427598 -0.8695944  -1.05430329 -1.2387073
 -1.42433035 -1.6111728  -1.79984415 -1.98973441 -2.17992949 -2.36921024
 -2.55391908 -2.7258265  -2.87274003 -2.98734474 -3.06689763 -3.11779928
 -3.14919353 -3.1687007 ]
(True, 3, ('Starting Unsteady Computations', 'Computing', 'Computations Completed'), True)
[-0.3127248  -1.26522481 -2.1994369  -2.98764968 -3.17327285]
下一阶段的初值 [3.17001152 3.1868968  3.21931672 3.26806974 3.33289862 3.41156268
 3.50071836 3.59564781 3.69098735 3.78331494 3.86928725 3.94597507
 4.0101552  4.05874443 4.09263659 4.10945702 4.10873747 4.09530163
 4.07024622 4.03685808 4.00000095]
下一阶段初值 [-0.3127248  -0.50749201 -0.69982082 -0.89001602 -1.07807755 -1.26522481
 -1.45176244 -1.63799524 -1.82483757 -2.01198483 -2.1994369  -2.38536501
 -2.56672072 -2.73436069 -2.87700725 -2.98764968 -3.06384969 -3.11231303
 -3.14248824 -3.16138554]
INFO:root:	Iter: 200/299,	J: 2.28e-03,	t: 48000.00 s,	u1: 3.16,	u2: 0.00,	u3: 4.00,\目标处水位: -317.327, 误差百分比: 0.84%, IAQ累计: 13.68	OCP-solving-time: 7.29e+00 s
i 200  t [48000]
X0 [-0.3127248  -1.26522481 -2.1994369  -2.98764968 -3.17327285]
计算初值self.q_0 [3.17001152 3.1868968  3.21931672 3.26806974 3.33289862 3.41156268
 3.50071836 3.59564781 3.69098735 3.78331494 3.86928725 3.94597507
 4.0101552  4.05874443 4.09263659 4.10945702 4.10873747 4.09530163
 4.07024622 4.03685808 4.00000095]
计算初值self.z_0 [-0.3127248  -0.50749201 -0.69982082 -0.89001602 -1.07807755 -1.26522481
 -1.45176244 -1.63799524 -1.82483757 -2.01198483 -2.1994369  -2.38536501
 -2.56672072 -2.73436069 -2.87700725 -2.98764968 -3.06384969 -3.11231303
 -3.14248824 -3.16138554]
(True, 3, ('Starting Unsteady Computations', 'Computing', 'Computations Completed'), True)
[-0.3142488  -1.28412235 -2.22199202 -2.99130726 -3.16961527]
下一阶段的初值 [3.18000436 3.18626237 3.20074081 3.22605348 3.26381087 3.31441879
 3.37682056 3.4496119  3.52989292 3.61454058 3.70010257 3.78203464
 3.85667539 3.91924977 3.96833968 4.00079679 4.01566839 4.01975203
 4.01672745 4.00892639 4.00000095]
下一阶段初值 [-0.3142488  -0.51175922 -0.70744085 -0.90129364 -1.09362245 -1.28412235
 -1.47309852 -1.66146493 -1.84891677 -2.03575921 -2.22199202 -2.40578651
 -2.58378959 -2.74716234 -2.88523674 -2.99130726 -3.06384969 -3.10987449
 -3.13913512 -3.15772796]
INFO:root:	Iter: 201/299,	J: 2.91e-03,	t: 48240.00 s,	u1: 3.17,	u2: 0.00,	u3: 4.00,\目标处水位: -316.962, 误差百分比: 0.95%, IAQ累计: 13.68	OCP-solving-time: 6.61e+00 s
i 201  t [48240]
X0 [-0.3142488  -1.28412235 -2.22199202 -2.99130726 -3.16961527]
计算初值self.q_0 [3.18000436 3.18626237 3.20074081 3.22605348 3.26381087 3.31441879
 3.37682056 3.4496119  3.52989292 3.61454058 3.70010257 3.78203464
 3.85667539 3.91924977 3.96833968 4.00079679 4.01566839 4.01975203
 4.01672745 4.00892639 4.00000095]
计算初值self.z_0 [-0.3142488  -0.51175922 -0.70744085 -0.90129364 -1.09362245 -1.28412235
 -1.47309852 -1.66146493 -1.84891677 -2.03575921 -2.22199202 -2.40578651
 -2.58378959 -2.74716234 -2.88523674 -2.99130726 -3.06384969 -3.10987449
 -3.13913512 -3.15772796]
(True, 3, ('Starting Unsteady Computations', 'Computing', 'Computations Completed'), True)
[-0.31546798 -1.29631436 -2.24363279 -2.99831772 -3.17113924]
下一阶段的初值 [3.17999887 3.18470812 3.19310093 3.20757651 3.22947955 3.26024032
 3.3008523  3.35179424 3.4121573  3.48069263 3.55467892 3.63062453
 3.70425415 3.76964593 3.82624865 3.8709271  3.90222836 3.92660618
 3.9491241  3.97302914 4.00000095]
下一阶段初值 [-0.31546798 -0.51389283 -0.71140325 -0.9076944  -1.1024617  -1.29631436
 -1.48833835 -1.67914319 -1.86872888 -2.05709529 -2.24363279 -2.42681766
 -2.60268712 -2.7624023  -2.89651442 -2.99831772 -3.06781197 -3.11200809
 -3.14065909 -3.15894723]
INFO:root:	Iter: 202/299,	J: 2.87e-03,	t: 48480.00 s,	u1: 3.18,	u2: 0.00,	u3: 4.00,\目标处水位: -317.114, 误差百分比: 0.90%, IAQ累计: 13.68	OCP-solving-time: 6.52e+00 s
i 202  t [48480]
X0 [-0.31546798 -1.29631436 -2.24363279 -2.99831772 -3.17113924]
计算初值self.q_0 [3.17999887 3.18470812 3.19310093 3.20757651 3.22947955 3.26024032
 3.3008523  3.35179424 3.4121573  3.48069263 3.55467892 3.63062453
 3.70425415 3.76964593 3.82624865 3.8709271  3.90222836 3.92660618
 3.9491241  3.97302914 4.00000095]
计算初值self.z_0 [-0.31546798 -0.51389283 -0.71140325 -0.9076944  -1.1024617  -1.29631436
 -1.48833835 -1.67914319 -1.86872888 -2.05709529 -2.24363279 -2.42681766
 -2.60268712 -2.7624023  -2.89651442 -2.99831772 -3.06781197 -3.11200809
 -3.14065909 -3.15894723]
(True, 3, ('Starting Unsteady Computations', 'Computing', 'Computations Completed'), True)
[-0.31485841 -1.30393434 -2.26192093 -3.00837588 -3.1787591 ]
下一阶段的初值 [3.19000888 3.18892145 3.19060349 3.1969831  3.20918489 3.22799587
 3.25460529 3.28947473 3.33264923 3.38356018 3.44198608 3.50573325
 3.57046819 3.63206887 3.69031954 3.74202013 3.78689122 3.83242726
 3.8815546  3.936342   4.00000095]
下一阶段初值 [-0.31485841 -0.51450241 -0.71323198 -0.91135204 -1.10825276 -1.30393434
 -1.49839675 -1.69164014 -1.88366401 -2.07385921 -2.26192093 -2.44601989
 -2.62097526 -2.77794743 -2.90931606 -3.00837588 -3.07543206 -3.11901832
 -3.14736485 -3.16595769]
INFO:root:	Iter: 203/299,	J: 2.12e-03,	t: 48720.00 s,	u1: 3.18,	u2: 0.00,	u3: 4.00,\目标处水位: -317.876, 误差百分比: 0.66%, IAQ累计: 13.68	OCP-solving-time: 6.46e+00 s
i 203  t [48720]
X0 [-0.31485841 -1.30393434 -2.26192093 -3.00837588 -3.1787591 ]
计算初值self.q_0 [3.19000888 3.18892145 3.19060349 3.1969831  3.20918489 3.22799587
 3.25460529 3.28947473 3.33264923 3.38356018 3.44198608 3.50573325
 3.57046819 3.63206887 3.69031954 3.74202013 3.78689122 3.83242726
 3.8815546  3.936342   4.00000095]
计算初值self.z_0 [-0.31485841 -0.51450241 -0.71323198 -0.91135204 -1.10825276 -1.30393434
 -1.49839675 -1.69164014 -1.88366401 -2.07385921 -2.26192093 -2.44601989
 -2.62097526 -2.77794743 -2.90931606 -3.00837588 -3.07543206 -3.11901832
 -3.14736485 -3.16595769]
(True, 3, ('Starting Unsteady Computations', 'Computing', 'Computations Completed'), True)
[-0.31699198 -1.30850649 -2.27655125 -3.02056789 -3.19156075]
下一阶段的初值 [3.16998029 3.17869353 3.18634176 3.19376945 3.20187068 3.21264529
 3.22772121 3.24907207 3.27843952 3.31561947 3.36007404 3.41017222
 3.46362019 3.51783299 3.57398224 3.63013482 3.68676853 3.7498498
 3.82230163 3.90582752 4.00000095]
下一阶段初值 [-0.31699198 -0.51572162 -0.71445125 -0.91287595 -1.11099601 -1.30850649
 -1.50479758 -1.70017445 -1.89433205 -2.08666086 -2.27655125 -2.46156478
 -2.63682485 -2.79257751 -2.92303205 -3.02056789 -3.0867095  -3.13029623
 -3.15894723 -3.1781497 ]
INFO:root:	Iter: 204/299,	J: 9.81e-04,	t: 48960.00 s,	u1: 3.19,	u2: -0.01,	u3: 4.00,\目标处水位: -319.156, 误差百分比: 0.26%, IAQ累计: 13.68	OCP-solving-time: 6.34e+00 s
i 204  t [48960]
X0 [-0.31699198 -1.30850649 -2.27655125 -3.02056789 -3.19156075]
计算初值self.q_0 [3.16998029 3.17869353 3.18634176 3.19376945 3.20187068 3.21264529
 3.22772121 3.24907207 3.27843952 3.31561947 3.36007404 3.41017222
 3.46362019 3.51783299 3.57398224 3.63013482 3.68676853 3.7498498
 3.82230163 3.90582752 4.00000095]
计算初值self.z_0 [-0.31699198 -0.51572162 -0.71445125 -0.91287595 -1.11099601 -1.30850649
 -1.50479758 -1.70017445 -1.89433205 -2.08666086 -2.27655125 -2.46156478
 -2.63682485 -2.79257751 -2.92303205 -3.02056789 -3.0867095  -3.13029623
 -3.15894723 -3.1781497 ]
(True, 3, ('Starting Unsteady Computations', 'Computing', 'Computations Completed'), True)
[-0.3297936  -1.3109448  -2.28721929 -3.03550315 -3.20192409]
下一阶段的初值 [3.03987002 3.09288192 3.13515925 3.16724777 3.1880126  3.1998179
 3.21436405 3.22559738 3.24377966 3.27447796 3.29952693 3.34047031
 3.38560462 3.42140269 3.48646355 3.55023026 3.59446955 3.64395881
 3.7118175  3.80145454 3.90099931]
下一阶段初值 [-0.3297936  -0.52425599 -0.7196328  -0.91592407 -1.11373925 -1.3109448
 -1.50875998 -1.70596564 -1.90134239 -2.09610963 -2.28721929 -2.47406149
 -2.65054083 -2.80507445 -2.93674803 -3.03550315 -3.10042572 -3.1421833
 -3.16991997 -3.1888175 ]
INFO:root:	Iter: 205/299,	J: 2.60e-04,	t: 49200.00 s,	u1: 3.17,	u2: -0.03,	u3: 3.90,\目标处水位: -320.192, 误差百分比: 0.06%, IAQ累计: 13.78	OCP-solving-time: 6.74e+00 s
i 205  t [49200]
X0 [-0.3297936  -1.3109448  -2.28721929 -3.03550315 -3.20192409]
计算初值self.q_0 [3.03987002 3.09288192 3.13515925 3.16724777 3.1880126  3.1998179
 3.21436405 3.22559738 3.24377966 3.27447796 3.29952693 3.34047031
 3.38560462 3.42140269 3.48646355 3.55023026 3.59446955 3.64395881
 3.7118175  3.80145454 3.90099931]
计算初值self.z_0 [-0.3297936  -0.52425599 -0.7196328  -0.91592407 -1.11373925 -1.3109448
 -1.50875998 -1.70596564 -1.90134239 -2.09610963 -2.28721929 -2.47406149
 -2.65054083 -2.80507445 -2.93674803 -3.03550315 -3.10042572 -3.1421833
 -3.16991997 -3.1888175 ]
(True, 3, ('Starting Unsteady Computations', 'Computing', 'Computations Completed'), True)
[-0.34625283 -1.31612635 -2.29422951 -3.0507431  -3.19430399]
下一阶段的初值 [2.90987039 2.97199178 3.02992249 3.0813458  3.12244201 3.14884186
 3.18691659 3.20051432 3.21540618 3.25387192 3.25183034 3.29230905
 3.3382957  3.33522058 3.42250991 3.49225998 3.47129703 3.44320965
 3.44847369 3.4943471  3.53499866]
下一阶段初值 [-0.34625283 -0.53919125 -0.73182482 -0.92506802 -1.12166405 -1.31612635
 -1.51333201 -1.71053767 -1.90530479 -2.10342479 -2.29422951 -2.4832058
 -2.66303778 -2.81482792 -2.95015931 -3.0507431  -3.11078882 -3.14553595
 -3.16839623 -3.18424559]
INFO:root:	Iter: 206/299,	J: 1.20e-04,	t: 49440.00 s,	u1: 3.04,	u2: -0.03,	u3: 3.54,\目标处水位: -319.430, 误差百分比: 0.18%, IAQ累计: 14.14	OCP-solving-time: 6.97e+00 s
i 206  t [49440]
X0 [-0.34625283 -1.31612635 -2.29422951 -3.0507431  -3.19430399]
计算初值self.q_0 [2.90987039 2.97199178 3.02992249 3.0813458  3.12244201 3.14884186
 3.18691659 3.20051432 3.21540618 3.25387192 3.25183034 3.29230905
 3.3382957  3.33522058 3.42250991 3.49225998 3.47129703 3.44320965
 3.44847369 3.4943471  3.53499866]
计算初值self.z_0 [-0.34625283 -0.53919125 -0.73182482 -0.92506802 -1.12166405 -1.31612635
 -1.51333201 -1.71053767 -1.90530479 -2.10342479 -2.29422951 -2.4832058
 -2.66303778 -2.81482792 -2.95015931 -3.0507431  -3.11078882 -3.14553595
 -3.16839623 -3.18424559]
(True, 3, ('Starting Unsteady Computations', 'Computing', 'Computations Completed'), True)
[-0.36636961 -1.32648969 -2.3015449  -3.05043864 -3.20588636]
下一阶段的初值 [2.76985884 2.84238839 2.90957308 2.97081661 3.02369547 3.07383323
 3.11325312 3.14661312 3.17771649 3.20508742 3.22768426 3.25193501
 3.28811526 3.3182106  3.32746458 3.34152102 3.37882257 3.42928624
 3.481004   3.53441811 3.59399962]
下一阶段初值 [-0.36636961 -0.55626005 -0.74736959 -0.94000322 -1.13233197 -1.32648969
 -1.52156162 -1.71693838 -1.91262007 -2.1079967  -2.3015449  -2.49021602
 -2.670048   -2.82915354 -2.95808411 -3.05043864 -3.11200809 -3.15254664
 -3.1781497  -3.19460893]
INFO:root:	Iter: 207/299,	J: 2.08e-04,	t: 49680.00 s,	u1: 2.91,	u2: -0.04,	u3: 3.59,\目标处水位: -320.589, 误差百分比: 0.18%, IAQ累计: 14.20	OCP-solving-time: 6.38e+00 s
i 207  t [49680]
X0 [-0.36636961 -1.32648969 -2.3015449  -3.05043864 -3.20588636]
计算初值self.q_0 [2.76985884 2.84238839 2.90957308 2.97081661 3.02369547 3.07383323
 3.11325312 3.14661312 3.17771649 3.20508742 3.22768426 3.25193501
 3.28811526 3.3182106  3.32746458 3.34152102 3.37882257 3.42928624
 3.481004   3.53441811 3.59399962]
计算初值self.z_0 [-0.36636961 -0.55626005 -0.74736959 -0.94000322 -1.13233197 -1.32648969
 -1.52156162 -1.71693838 -1.91262007 -2.1079967  -2.3015449  -2.49021602
 -2.670048   -2.82915354 -2.95808411 -3.05043864 -3.11200809 -3.15254664
 -3.1781497  -3.19460893]
(True, 3, ('Starting Unsteady Computations', 'Computing', 'Computations Completed'), True)
[-0.3858768  -1.33990073 -2.30825043 -3.06293511 -3.19552326]
下一阶段的初值 [2.63986707 2.70529461 2.77347183 2.83997297 2.90220213 2.95700645
 3.02350855 3.06535244 3.10580873 3.15370107 3.16858149 3.21269631
 3.24285936 3.2402513  3.30687237 3.35273457 3.32502651 3.28301263
 3.26383924 3.27606368 3.28999853]
下一阶段初值 [-0.3858768  -0.5763768  -0.76657206 -0.95646244 -1.14940083 -1.33990073
 -1.53344882 -1.7273016  -1.92054486 -2.11683607 -2.30825043 -2.49875045
 -2.67858243 -2.83189702 -2.96570396 -3.06293511 -3.11962795 -3.15224171
 -3.17327285 -3.18698883]
INFO:root:	Iter: 208/299,	J: 2.10e-04,	t: 49920.00 s,	u1: 2.77,	u2: -0.03,	u3: 3.29,\目标处水位: -319.552, 误差百分比: 0.14%, IAQ累计: 14.51	OCP-solving-time: 6.20e+00 s
i 208  t [49920]
X0 [-0.3858768  -1.33990073 -2.30825043 -3.06293511 -3.19552326]
计算初值self.q_0 [2.63986707 2.70529461 2.77347183 2.83997297 2.90220213 2.95700645
 3.02350855 3.06535244 3.10580873 3.15370107 3.16858149 3.21269631
 3.24285936 3.2402513  3.30687237 3.35273457 3.32502651 3.28301263
 3.26383924 3.27606368 3.28999853]
计算初值self.z_0 [-0.3858768  -0.5763768  -0.76657206 -0.95646244 -1.14940083 -1.33990073
 -1.53344882 -1.7273016  -1.92054486 -2.11683607 -2.30825043 -2.49875045
 -2.67858243 -2.83189702 -2.96570396 -3.06293511 -3.11962795 -3.15224171
 -3.17327285 -3.18698883]
(True, 3, ('Starting Unsteady Computations', 'Computing', 'Computations Completed'), True)
[-0.4102608  -1.3566649  -2.31861353 -3.05897284 -3.20344806]
下一阶段的初值 [2.50987101 2.58163095 2.6476438  2.71334577 2.78032684 2.84788465
 2.90603614 2.9623301  3.01645494 3.06229138 3.10634661 3.14272261
 3.18433118 3.22061658 3.22191334 3.22563982 3.25700068 3.29425454
 3.32356787 3.34899664 3.37699914]
下一阶段初值 [-0.4102608  -0.59679842 -0.78516477 -0.97536004 -1.16525042 -1.3566649
 -1.54838395 -1.74040806 -1.93365121 -2.12658978 -2.31861353 -2.50667524
 -2.68559289 -2.84469843 -2.97027612 -3.05897284 -3.11779928 -3.15589929
 -3.17906404 -3.19369435]
i 209  t INFO:root:	Iter: 209/299,	J: 2.34e-04,	t: 50160.00 s,	u1: 2.64,	u2: -0.03,	u3: 3.38,\目标处水位: -320.345, 误差百分比: 0.11%, IAQ累计: 14.59	OCP-solving-time: 6.24e+00 s
[50160]
X0 [-0.4102608  -1.3566649  -2.31861353 -3.05897284 -3.20344806]
计算初值self.q_0 [2.50987101 2.58163095 2.6476438  2.71334577 2.78032684 2.84788465
 2.90603614 2.9623301  3.01645494 3.06229138 3.10634661 3.14272261
 3.18433118 3.22061658 3.22191334 3.22563982 3.25700068 3.29425454
 3.32356787 3.34899664 3.37699914]
计算初值self.z_0 [-0.4102608  -0.59679842 -0.78516477 -0.97536004 -1.16525042 -1.3566649
 -1.54838395 -1.74040806 -1.93365121 -2.12658978 -2.31861353 -2.50667524
 -2.68559289 -2.84469843 -2.97027612 -3.05897284 -3.11779928 -3.15589929
 -3.17906404 -3.19369435]
(True, 3, ('Starting Unsteady Computations', 'Computing', 'Computations Completed'), True)
[-0.435864   -1.37495291 -2.32958651 -3.06964087 -3.19278026]
下一阶段的初值 [2.37987113 2.45494437 2.52476668 2.59188962 2.65290093 2.70611143
 2.77920771 2.84049392 2.90236068 2.97203422 3.01081133 3.06912994
 3.10765481 3.12181044 3.18910551 3.22447896 3.19992256 3.16056514
 3.13101363 3.12716532 3.13400102]
下一阶段初值 [-0.435864   -0.6224016  -0.80863446 -0.99547684 -1.18628156 -1.37495291
 -1.56606245 -1.75717199 -1.94736719 -2.14030552 -2.32958651 -2.51886725
 -2.69656563 -2.84866071 -2.97820091 -3.06964087 -3.12328553 -3.15376568
 -3.17266345 -3.18515992]
i 210  t INFO:root:	Iter: 210/299,	J: 2.12e-04,	t: 50400.00 s,	u1: 2.51,	u2: -0.03,	u3: 3.13,\目标处水位: -319.278, 误差百分比: 0.23%, IAQ累计: 14.84	OCP-solving-time: 6.02e+00 s
[50400]
X0 [-0.435864   -1.37495291 -2.32958651 -3.06964087 -3.19278026]
计算初值self.q_0 [2.37987113 2.45494437 2.52476668 2.59188962 2.65290093 2.70611143
 2.77920771 2.84049392 2.90236068 2.97203422 3.01081133 3.06912994
 3.10765481 3.12181044 3.18910551 3.22447896 3.19992256 3.16056514
 3.13101363 3.12716532 3.13400102]
计算初值self.z_0 [-0.435864   -0.6224016  -0.80863446 -0.99547684 -1.18628156 -1.37495291
 -1.56606245 -1.75717199 -1.94736719 -2.14030552 -2.32958651 -2.51886725
 -2.69656563 -2.84866071 -2.97820091 -3.06964087 -3.12328553 -3.15376568
 -3.17266345 -3.18515992]
(True, 3, ('Starting Unsteady Computations', 'Computing', 'Computations Completed'), True)
[-0.46482    -1.39385045 -2.3457408  -3.06567836 -3.20314312]
下一阶段的初值 [2.23985887 2.32387424 2.40418339 2.47632146 2.54240274 2.60955048
 2.66181898 2.72376299 2.78930473 2.84609795 2.91083884 2.96145797
 3.01830125 3.07534242 3.07794785 3.08420014 3.13221121 3.18455505
 3.22371984 3.25314975 3.28400087]
下一阶段初值 [-0.46482    -0.64709038 -0.83210403 -1.01864159 -1.20456958 -1.39385045
 -1.58313119 -1.7736311  -1.96504569 -2.15524077 -2.3457408  -2.53105927
 -2.70723367 -2.8635962  -2.98307753 -3.06567836 -3.12176156 -3.15833783
 -3.18028331 -3.19399929]
INFO:root:	Iter: 211/299,	J: 2.84e-04,	t: 50640.00 s,	u1: 2.38,	u2: -0.03,	u3: 3.28,\目标处水位: -320.314, 误差百分比: 0.10%, IAQ累计: 14.99	OCP-solving-time: 6.27e+00 s
i 211  t [50640]
X0 [-0.46482    -1.39385045 -2.3457408  -3.06567836 -3.20314312]
计算初值self.q_0 [2.23985887 2.32387424 2.40418339 2.47632146 2.54240274 2.60955048
 2.66181898 2.72376299 2.78930473 2.84609795 2.91083884 2.96145797
 3.01830125 3.07534242 3.07794785 3.08420014 3.13221121 3.18455505
 3.22371984 3.25314975 3.28400087]
计算初值self.z_0 [-0.46482    -0.64709038 -0.83210403 -1.01864159 -1.20456958 -1.39385045
 -1.58313119 -1.7736311  -1.96504569 -2.15524077 -2.3457408  -2.53105927
 -2.70723367 -2.8635962  -2.98307753 -3.06567836 -3.12176156 -3.15833783
 -3.18028331 -3.19399929]
(True, 3, ('Starting Unsteady Computations', 'Computing', 'Computations Completed'), True)
[-0.4913376  -1.41488171 -2.36189532 -3.07939434 -3.19796157]
下一阶段的初值 [2.10986686 2.19408631 2.2727201  2.35474634 2.42908144 2.49283314
 2.56235814 2.61512351 2.66658735 2.7302568  2.78447795 2.85295343
 2.90972877 2.94955897 3.02595234 3.07585526 3.07193589 3.0643754
 3.06921196 3.08418036 3.10499883]
下一阶段初值 [-0.4913376  -0.67513198 -0.85801202 -1.04211116 -1.2289536  -1.41488171
 -1.60355282 -1.79252887 -1.98211432 -2.17352891 -2.36189532 -2.54782319
 -2.72186422 -2.87030149 -2.99344087 -3.07939434 -3.13029623 -3.15925193
 -3.1781497  -3.19003677]
INFO:root:	Iter: 212/299,	J: 2.13e-04,	t: 50880.00 s,	u1: 2.24,	u2: -0.03,	u3: 3.11,\目标处水位: -319.796, 误差百分比: 0.06%, IAQ累计: 15.17	OCP-solving-time: 5.66e+00 s
i 212  t [50880]
X0 [-0.4913376  -1.41488171 -2.36189532 -3.07939434 -3.19796157]
计算初值self.q_0 [2.10986686 2.19408631 2.2727201  2.35474634 2.42908144 2.49283314
 2.56235814 2.61512351 2.66658735 2.7302568  2.78447795 2.85295343
 2.90972877 2.94955897 3.02595234 3.07585526 3.07193589 3.0643754
 3.06921196 3.08418036 3.10499883]
计算初值self.z_0 [-0.4913376  -0.67513198 -0.85801202 -1.04211116 -1.2289536  -1.41488171
 -1.60355282 -1.79252887 -1.98211432 -2.17352891 -2.36189532 -2.54782319
 -2.72186422 -2.87030149 -2.99344087 -3.07939434 -3.13029623 -3.15925193
 -3.1781497  -3.19003677]
(True, 3, ('Starting Unsteady Computations', 'Computing', 'Computations Completed'), True)
[-0.52029359 -1.43835115 -2.37835431 -3.08274722 -3.20466733]
下一阶段的初值 [1.97986722 2.06437778 2.14805579 2.22768807 2.30418944 2.38053679
 2.4485333  2.51303744 2.57512832 2.6289413  2.68177915 2.73909354
 2.80384612 2.86230922 2.89880133 2.93103695 2.96967554 3.00882626
 3.04844451 3.0902288  3.13400102]
下一阶段初值 [-0.52029359 -0.70195442 -0.88483447 -1.06862879 -1.25242329 -1.43835115
 -1.62458396 -1.8117311  -2.00070715 -2.1893785  -2.37835431 -2.56306338
 -2.73740888 -2.88828468 -3.00410891 -3.08274722 -3.13303924 -3.16443372
 -3.18394089 -3.19643784]
INFO:root:	Iter: 213/299,	J: 2.19e-04,	t: 51120.00 s,	u1: 2.11,	u2: -0.03,	u3: 3.13,\目标处水位: -320.467, 误差百分比: 0.15%, IAQ累计: 15.19	OCP-solving-time: 5.62e+00 s
i 213  t [51120]
X0 [-0.52029359 -1.43835115 -2.37835431 -3.08274722 -3.20466733]
计算初值self.q_0 [1.97986722 2.06437778 2.14805579 2.22768807 2.30418944 2.38053679
 2.4485333  2.51303744 2.57512832 2.6289413  2.68177915 2.73909354
 2.80384612 2.86230922 2.89880133 2.93103695 2.96967554 3.00882626
 3.04844451 3.0902288  3.13400102]
计算初值self.z_0 [-0.52029359 -0.70195442 -0.88483447 -1.06862879 -1.25242329 -1.43835115
 -1.62458396 -1.8117311  -2.00070715 -2.1893785  -2.37835431 -2.56306338
 -2.73740888 -2.88828468 -3.00410891 -3.08274722 -3.13303924 -3.16443372
 -3.18394089 -3.19643784]
(True, 3, ('Starting Unsteady Computations', 'Computing', 'Computations Completed'), True)
[-0.54894483 -1.46212554 -2.39420414 -3.09524393 -3.20375276]
下一阶段的初值 [1.83985889 1.93007183 2.01493406 2.10236692 2.18202758 2.25628114
 2.33667541 2.40142417 2.46772385 2.53567672 2.58205128 2.64313459
 2.69987416 2.740798   2.81326175 2.86597919 2.87486792 2.88118243
 2.90265799 2.9389658  2.98199892]
下一阶段初值 [-0.54894483 -0.73121518 -0.91257119 -1.0948416  -1.2789408  -1.46212554
 -1.64805365 -1.83398163 -2.02021432 -2.20858073 -2.39420414 -2.57952261
 -2.75325847 -2.90017223 -3.01630092 -3.09524393 -3.14126873 -3.1680913
 -3.18515992 -3.19643784]
INFO:root:	Iter: 214/299,	J: 2.21e-04,	t: 51360.00 s,	u1: 1.98,	u2: -0.03,	u3: 2.98,\目标处水位: -320.375, 误差百分比: 0.12%, IAQ累计: 15.35	OCP-solving-time: 5.48e+00 s
i 214  t [51360]
X0 [-0.54894483 -1.46212554 -2.39420414 -3.09524393 -3.20375276]
计算初值self.q_0 [1.83985889 1.93007183 2.01493406 2.10236692 2.18202758 2.25628114
 2.33667541 2.40142417 2.46772385 2.53567672 2.58205128 2.64313459
 2.69987416 2.740798   2.81326175 2.86597919 2.87486792 2.88118243
 2.90265799 2.9389658  2.98199892]
计算初值self.z_0 [-0.54894483 -0.73121518 -0.91257119 -1.0948416  -1.2789408  -1.46212554
 -1.64805365 -1.83398163 -2.02021432 -2.20858073 -2.39420414 -2.57952261
 -2.75325847 -2.90017223 -3.01630092 -3.09524393 -3.14126873 -3.1680913
 -3.18515992 -3.19643784]
(True, 3, ('Starting Unsteady Computations', 'Computing', 'Computations Completed'), True)
[-0.5785104  -1.48833835 -2.41340661 -3.10134006 -3.20862985]
下一阶段的初值 [1.70987117 1.79652441 1.88242972 1.9693594  2.05168653 2.13309097
 2.21379685 2.285568   2.35788989 2.42754626 2.48518515 2.54415655
 2.60298824 2.65219784 2.70163393 2.74074411 2.76717281 2.79611635
 2.8319962  2.87751532 2.93000078]
下一阶段初值 [-0.5785104  -0.75986642 -0.94122243 -1.1228832  -1.30545843 -1.48833835
 -1.67274237 -1.85714638 -2.04246497 -2.22869754 -2.41340661 -2.59567666
 -2.76849842 -2.91632628 -3.02757835 -3.10134006 -3.14614558 -3.17327285
 -3.19034171 -3.20131445]
INFO:root:	Iter: 215/299,	J: 2.18e-04,	t: 51600.00 s,	u1: 1.84,	u2: -0.03,	u3: 2.93,\目标处水位: -320.863, 误差百分比: 0.27%, IAQ累计: 15.40	OCP-solving-time: 5.70e+00 s
i 215  t [51600]
X0 [-0.5785104  -1.48833835 -2.41340661 -3.10134006 -3.20862985]
计算初值self.q_0 [1.70987117 1.79652441 1.88242972 1.9693594  2.05168653 2.13309097
 2.21379685 2.285568   2.35788989 2.42754626 2.48518515 2.54415655
 2.60298824 2.65219784 2.70163393 2.74074411 2.76717281 2.79611635
 2.8319962  2.87751532 2.93000078]
计算初值self.z_0 [-0.5785104  -0.75986642 -0.94122243 -1.1228832  -1.30545843 -1.48833835
 -1.67274237 -1.85714638 -2.04246497 -2.22869754 -2.41340661 -2.59567666
 -2.76849842 -2.91632628 -3.02757835 -3.10134006 -3.14614558 -3.17327285
 -3.19034171 -3.20131445]
(True, 3, ('Starting Unsteady Computations', 'Computing', 'Computations Completed'), True)
[-0.606552   -1.51485598 -2.43352318 -3.11231303 -3.2068007 ]
下一阶段的初值 [1.57986724 1.66649544 1.75162041 1.8387301  1.922912   2.00286126
 2.09115005 2.16264272 2.24026918 2.31859374 2.37397838 2.44524622
 2.50201893 2.53947473 2.61310577 2.66248989 2.66430497 2.66497898
 2.68038344 2.71577287 2.75399947]
下一阶段初值 [-0.606552   -0.78882241 -0.96956879 -1.1509248  -1.33380485 -1.51485598
 -1.69895518 -1.88214004 -2.06593442 -2.25186253 -2.43352318 -2.6139648
 -2.78495765 -2.92912793 -3.03977036 -3.11231303 -3.1528511  -3.17601609
 -3.19095111 -3.20070505]
INFO:root:	Iter: 216/299,	J: 2.54e-04,	t: 51840.00 s,	u1: 1.71,	u2: -0.03,	u3: 2.75,\目标处水位: -320.680, 误差百分比: 0.21%, IAQ累计: 15.57	OCP-solving-time: 6.05e+00 s
i 216  t [51840]
X0 [-0.606552   -1.51485598 -2.43352318 -3.11231303 -3.2068007 ]
计算初值self.q_0 [1.57986724 1.66649544 1.75162041 1.8387301  1.922912   2.00286126
 2.09115005 2.16264272 2.24026918 2.31859374 2.37397838 2.44524622
 2.50201893 2.53947473 2.61310577 2.66248989 2.66430497 2.66497898
 2.68038344 2.71577287 2.75399947]
计算初值self.z_0 [-0.606552   -0.78882241 -0.96956879 -1.1509248  -1.33380485 -1.51485598
 -1.69895518 -1.88214004 -2.06593442 -2.25186253 -2.43352318 -2.6139648
 -2.78495765 -2.92912793 -3.03977036 -3.11231303 -3.1528511  -3.17601609
 -3.19095111 -3.20070505]
(True, 3, ('Starting Unsteady Computations', 'Computing', 'Computations Completed'), True)
[-0.61234325 -1.54259276 -2.45607829 -3.11871386 -3.20527673]
下一阶段的初值 [1.61002767 1.62235653 1.65676343 1.71600032 1.78967762 1.87233543
 1.96392596 2.03865337 2.11997676 2.19944096 2.26117778 2.33914971
 2.3998394  2.43781805 2.49926853 2.53829575 2.53936291 2.53836179
 2.55076551 2.58256435 2.60999942]
下一阶段初值 [-0.61234325 -0.80589122 -0.99395281 -1.1786617  -1.36184645 -1.54259276
 -1.72577763 -1.90804815 -2.09123278 -2.27563691 -2.45607829 -2.63469124
 -2.80294085 -2.94497752 -3.05135274 -3.11871386 -3.15620399 -3.17754006
 -3.19095111 -3.19948554]
INFO:root:	Iter: 217/299,	J: 1.98e-04,	t: 52080.00 s,	u1: 1.58,	u2: 0.01,	u3: 2.61,\目标处水位: -320.528, 误差百分比: 0.16%, IAQ累计: 15.72	OCP-solving-time: 5.93e+00 s
i 217  t [52080]
X0 [-0.61234325 -1.54259276 -2.45607829 -3.11871386 -3.20527673]
计算初值self.q_0 [1.61002767 1.62235653 1.65676343 1.71600032 1.78967762 1.87233543
 1.96392596 2.03865337 2.11997676 2.19944096 2.26117778 2.33914971
 2.3998394  2.43781805 2.49926853 2.53829575 2.53936291 2.53836179
 2.55076551 2.58256435 2.60999942]
计算初值self.z_0 [-0.61234325 -0.80589122 -0.99395281 -1.1786617  -1.36184645 -1.54259276
 -1.72577763 -1.90804815 -2.09123278 -2.27563691 -2.45607829 -2.63469124
 -2.80294085 -2.94497752 -3.05135274 -3.11871386 -3.15620399 -3.17754006
 -3.19095111 -3.19948554]
(True, 3, ('Starting Unsteady Computations', 'Computing', 'Computations Completed'), True)
[-0.60716158 -1.56789124 -2.47985268 -3.12541914 -3.20040011]
下一阶段的初值 [1.66005158 1.64554572 1.64666986 1.67004657 1.70986938 1.76480973
 1.84186363 1.91125619 1.99422407 2.07867622 2.14387465 2.22804856
 2.29218936 2.32477593 2.39073944 2.42611432 2.4072783  2.39584446
 2.3963871  2.41452432 2.4349997 ]
下一阶段初值 [-0.60716158 -0.80802482 -1.00340164 -1.19481599 -1.38379204 -1.56789124
 -1.75290477 -1.93517518 -2.11744571 -2.30093527 -2.47985268 -2.65724659
 -2.82275271 -2.95991302 -3.06232572 -3.12541914 -3.15864253 -3.17693043
 -3.18851304 -3.19582796]
i 218  t INFO:root:	Iter: 218/299,	J: 1.34e-04,	t: 52320.00 s,	u1: 1.61,	u2: 0.01,	u3: 2.43,\目标处水位: -320.040, 误差百分比: 0.01%, IAQ累计: 15.89	OCP-solving-time: 5.94e+00 s
[52320]
X0 [-0.60716158 -1.56789124 -2.47985268 -3.12541914 -3.20040011]
计算初值self.q_0 [1.66005158 1.64554572 1.64666986 1.67004657 1.70986938 1.76480973
 1.84186363 1.91125619 1.99422407 2.07867622 2.14387465 2.22804856
 2.29218936 2.32477593 2.39073944 2.42611432 2.4072783  2.39584446
 2.3963871  2.41452432 2.4349997 ]
计算初值self.z_0 [-0.60716158 -0.80802482 -1.00340164 -1.19481599 -1.38379204 -1.56789124
 -1.75290477 -1.93517518 -2.11744571 -2.30093527 -2.47985268 -2.65724659
 -2.82275271 -2.95991302 -3.06232572 -3.12541914 -3.15864253 -3.17693043
 -3.18851304 -3.19582796]
(True, 3, ('Starting Unsteady Computations', 'Computing', 'Computations Completed'), True)
[-0.59923679 -1.58495998 -2.50515127 -3.12846732 -3.19704723]
下一阶段的初值 [1.71004784 1.68693614 1.67161906 1.67043054 1.6822027  1.71024013
 1.75950718 1.81054437 1.88218737 1.95788443 2.02402329 2.10945749
 2.17750525 2.21695185 2.27270937 2.30081677 2.28773165 2.27901578
 2.27963853 2.29228997 2.3029995 ]
下一阶段初值 [-0.59923679 -0.80314803 -1.00309682 -1.20060718 -1.39506972 -1.58495998
 -1.77393603 -1.95894969 -2.14304876 -2.32653832 -2.50515127 -2.68102074
 -2.84317446 -2.97545767 -3.07116485 -3.12846732 -3.15864253 -3.17571115
 -3.1860745  -3.19278026]
INFO:root:	Iter: 219/299,	J: 7.79e-05,	t: 52560.00 s,	u1: 1.66,	u2: 0.01,	u3: 2.30,\目标处水位: -319.705, 误差百分比: 0.09%, IAQ累计: 16.03	OCP-solving-time: 5.92e+00 s
i 219  t [52560]
X0 [-0.59923679 -1.58495998 -2.50515127 -3.12846732 -3.19704723]
计算初值self.q_0 [1.71004784 1.68693614 1.67161906 1.67043054 1.6822027  1.71024013
 1.75950718 1.81054437 1.88218737 1.95788443 2.02402329 2.10945749
 2.17750525 2.21695185 2.27270937 2.30081677 2.28773165 2.27901578
 2.27963853 2.29228997 2.3029995 ]
计算初值self.z_0 [-0.59923679 -0.80314803 -1.00309682 -1.20060718 -1.39506972 -1.58495998
 -1.77393603 -1.95894969 -2.14304876 -2.32653832 -2.50515127 -2.68102074
 -2.84317446 -2.97545767 -3.07116485 -3.12846732 -3.15864253 -3.17571115
 -3.1860745  -3.19278026]
(True, 3, ('Starting Unsteady Computations', 'Computing', 'Computations Completed'), True)
[-0.59009278 -1.59318972 -2.52953506 -3.13242984 -3.19308472]
下一阶段的初值 [1.76004767 1.73269951 1.71005118 1.69499457 1.68919492 1.69484651
 1.71993637 1.74871826 1.79966545 1.86004126 1.91757059 1.99660552
 2.06014609 2.10022259 2.15617394 2.18502951 2.17424464 2.16566491
 2.16453362 2.17418933 2.18299961]
下一阶段初值 [-0.59009278 -0.79522318 -0.99822003 -1.19908321 -1.39842236 -1.59318972
 -1.78704238 -1.97632325 -2.16377521 -2.34970331 -2.52953506 -2.70510006
 -2.8639009  -2.99039268 -3.07969928 -3.13242984 -3.15925193 -3.17418718
 -3.18333125 -3.18912244]
INFO:root:	Iter: 220/299,	J: 7.59e-05,	t: 52800.00 s,	u1: 1.71,	u2: 0.01,	u3: 2.18,\目标处水位: -319.308, 误差百分比: 0.22%, IAQ累计: 16.14	OCP-solving-time: 6.33e+00 s
i 220  t [52800]
X0 [-0.59009278 -1.59318972 -2.52953506 -3.13242984 -3.19308472]
计算初值self.q_0 [1.76004767 1.73269951 1.71005118 1.69499457 1.68919492 1.69484651
 1.71993637 1.74871826 1.79966545 1.86004126 1.91757059 1.99660552
 2.06014609 2.10022259 2.15617394 2.18502951 2.17424464 2.16566491
 2.16453362 2.17418933 2.18299961]
计算初值self.z_0 [-0.59009278 -0.79522318 -0.99822003 -1.19908321 -1.39842236 -1.59318972
 -1.78704238 -1.97632325 -2.16377521 -2.34970331 -2.52953506 -2.70510006
 -2.8639009  -2.99039268 -3.07969928 -3.13242984 -3.15925193 -3.17418718
 -3.18333125 -3.18912244]
(True, 3, ('Starting Unsteady Computations', 'Computing', 'Computations Completed'), True)
[-0.58186322 -1.59501839 -2.55056643 -3.13486791 -3.19369435]
下一阶段的初值 [1.80003989 1.77540112 1.75199008 1.73176575 1.71550024 1.70726883
 1.71094096 1.72240245 1.75133753 1.79108608 1.83715308 1.89828885
 1.95559585 1.99647808 2.03398561 2.06037927 2.07205391 2.0841651
 2.10006404 2.12097478 2.14399981]
下一阶段初值 [-0.58186322 -0.78699362 -0.99090481 -1.19420636 -1.39567924 -1.59501839
 -1.79252887 -1.98668647 -2.17840552 -2.36707687 -2.55056643 -2.7261312
 -2.88310313 -3.00563288 -3.08731914 -3.13486791 -3.16108084 -3.17571115
 -3.18424559 -3.19003677]
INFO:root:	Iter: 221/299,	J: 1.24e-04,	t: 53040.00 s,	u1: 1.76,	u2: 0.01,	u3: 2.14,\目标处水位: -319.369, 误差百分比: 0.20%, IAQ累计: 16.18	OCP-solving-time: 5.81e+00 s
i 221  t [53040]
X0 [-0.58186322 -1.59501839 -2.55056643 -3.13486791 -3.19369435]
计算初值self.q_0 [1.80003989 1.77540112 1.75199008 1.73176575 1.71550024 1.70726883
 1.71094096 1.72240245 1.75133753 1.79108608 1.83715308 1.89828885
 1.95559585 1.99647808 2.03398561 2.06037927 2.07205391 2.0841651
 2.10006404 2.12097478 2.14399981]
计算初值self.z_0 [-0.58186322 -0.78699362 -0.99090481 -1.19420636 -1.39567924 -1.59501839
 -1.79252887 -1.98668647 -2.17840552 -2.36707687 -2.55056643 -2.7261312
 -2.88310313 -3.00563288 -3.08731914 -3.13486791 -3.16108084 -3.17571115
 -3.18424559 -3.19003677]
(True, 3, ('Starting Unsteady Computations', 'Computing', 'Computations Completed'), True)
[-0.57210958 -1.59197044 -2.56580639 -3.14126873 -3.19369435]
下一阶段的初值 [1.85004759 1.8208009  1.79394019 1.76929629 1.74906921 1.73203981
 1.72623861 1.72175348 1.73238099 1.75487792 1.78144741 1.82872117
 1.87010586 1.90123403 1.94889498 1.97750521 1.97748148 1.98316586
 1.99931121 2.02606964 2.05399942]
下一阶段初值 [-0.57210958 -0.77815437 -0.98328483 -1.18719602 -1.3908025  -1.59197044
 -1.79283357 -1.99064887 -2.18602562 -2.37896395 -2.56580639 -2.7438097
 -2.89895272 -3.01691031 -3.0961585  -3.14126873 -3.16443372 -3.17723513
 -3.18515992 -3.19003677]
INFO:root:	Iter: 222/299,	J: 1.04e-04,	t: 53280.00 s,	u1: 1.80,	u2: 0.01,	u3: 2.05,\目标处水位: -319.369, 误差百分比: 0.20%, IAQ累计: 16.27	OCP-solving-time: 6.22e+00 s
i 222  t [53280]
X0 [-0.57210958 -1.59197044 -2.56580639 -3.14126873 -3.19369435]
计算初值self.q_0 [1.85004759 1.8208009  1.79394019 1.76929629 1.74906921 1.73203981
 1.72623861 1.72175348 1.73238099 1.75487792 1.78144741 1.82872117
 1.87010586 1.90123403 1.94889498 1.97750521 1.97748148 1.98316586
 1.99931121 2.02606964 2.05399942]
计算初值self.z_0 [-0.57210958 -0.77815437 -0.98328483 -1.18719602 -1.3908025  -1.59197044
 -1.79283357 -1.99064887 -2.18602562 -2.37896395 -2.56580639 -2.7438097
 -2.89895272 -3.01691031 -3.0961585  -3.14126873 -3.16443372 -3.17723513
 -3.18515992 -3.19003677]
(True, 3, ('Starting Unsteady Computations', 'Computing', 'Computations Completed'), True)
[-0.562356   -1.58678877 -2.57525539 -3.14523125 -3.1961329 ]
下一阶段的初值 [1.90005171 1.86945021 1.84080756 1.81382561 1.78864777 1.76613498
 1.75144315 1.73777246 1.73634708 1.74303389 1.7539531  1.78442001
 1.81376517 1.83530283 1.8671366  1.88838351 1.89526224 1.90990639
 1.93292975 1.96359742 1.99699962]
下一阶段初值 [-0.562356   -0.76870561 -0.97414082 -1.1789664  -1.38379204 -1.58678877
 -1.78948081 -1.98973441 -2.18846393 -2.38506007 -2.57525539 -2.75569701
 -2.91175461 -3.02757835 -3.10286403 -3.14523125 -3.16748166 -3.17997837
 -3.18790317 -3.19278026]
i 223  t INFO:root:	Iter: 223/299,	J: 8.87e-05,	t: 53520.00 s,	u1: 1.85,	u2: 0.01,	u3: 2.00,\目标处水位: -319.613, 误差百分比: 0.12%, IAQ累计: 16.33	OCP-solving-time: 6.47e+00 s
[53520]
X0 [-0.562356   -1.58678877 -2.57525539 -3.14523125 -3.1961329 ]
计算初值self.q_0 [1.90005171 1.86945021 1.84080756 1.81382561 1.78864777 1.76613498
 1.75144315 1.73777246 1.73634708 1.74303389 1.7539531  1.78442001
 1.81376517 1.83530283 1.8671366  1.88838351 1.89526224 1.90990639
 1.93292975 1.96359742 1.99699962]
计算初值self.z_0 [-0.562356   -0.76870561 -0.97414082 -1.1789664  -1.38379204 -1.58678877
 -1.78948081 -1.98973441 -2.18846393 -2.38506007 -2.57525539 -2.75569701
 -2.91175461 -3.02757835 -3.10286403 -3.14523125 -3.16748166 -3.17997837
 -3.18790317 -3.19278026]
(True, 3, ('Starting Unsteady Computations', 'Computing', 'Computations Completed'), True)
[-0.55199277 -1.57947361 -2.57952261 -3.14980316 -3.19704723]
下一阶段的初值 [1.95004773 1.91925311 1.88918221 1.86005306 1.832654   1.80598676
 1.78732455 1.76543045 1.75504839 1.75087273 1.74788535 1.76558197
 1.77870619 1.78809583 1.81981838 1.83842361 1.83448565 1.83861935
 1.85408199 1.88105595 1.90999949]
下一阶段初值 [-0.55199277 -0.75864726 -0.96438724 -1.16982245 -1.37556243 -1.57947361
 -1.78368974 -1.98607671 -2.18694019 -2.38627934 -2.57952261 -2.76331687
 -2.9196794  -3.03397942 -3.10835052 -3.14980316 -3.1708343  -3.18211198
 -3.18942714 -3.19399929]
INFO:root:	Iter: 224/299,	J: 4.63e-05,	t: 53760.00 s,	u1: 1.90,	u2: 0.01,	u3: 1.91,\目标处水位: -319.705, 误差百分比: 0.09%, IAQ累计: 16.42	OCP-solving-time: 6.94e+00 s
i 224  t [53760]
X0 [-0.55199277 -1.57947361 -2.57952261 -3.14980316 -3.19704723]
计算初值self.q_0 [1.95004773 1.91925311 1.88918221 1.86005306 1.832654   1.80598676
 1.78732455 1.76543045 1.75504839 1.75087273 1.74788535 1.76558197
 1.77870619 1.78809583 1.81981838 1.83842361 1.83448565 1.83861935
 1.85408199 1.88105595 1.90999949]
计算初值self.z_0 [-0.55199277 -0.75864726 -0.96438724 -1.16982245 -1.37556243 -1.57947361
 -1.78368974 -1.98607671 -2.18694019 -2.38627934 -2.57952261 -2.76331687
 -2.9196794  -3.03397942 -3.10835052 -3.14980316 -3.1708343  -3.18211198
 -3.18942714 -3.19399929]
(True, 3, ('Starting Unsteady Computations', 'Computing', 'Computations Completed'), True)
[-0.54193443 -1.57093918 -2.58013201 -3.15132713 -3.19979048]
下一阶段的初值 [2.00004768 1.9694823  1.93864858 1.90892291 1.87964427 1.85170078
 1.82753015 1.80217099 1.78455007 1.77135301 1.76025867 1.7630949
 1.76794422 1.76961827 1.78152859 1.79182208 1.79581845 1.80683064
 1.82465792 1.84802425 1.87299979]
下一阶段初值 [-0.54193443 -0.74828398 -0.95432884 -1.16037357 -1.36611354 -1.57093918
 -1.77606964 -1.97998083 -2.18267274 -2.3838408  -2.58013201 -2.76575541
 -2.92394662 -3.03885603 -3.11109352 -3.15132713 -3.17266345 -3.18485546
 -3.19217038 -3.1967423 ]
INFO:root:	Iter: 225/299,	J: 3.32e-05,	t: 54000.00 s,	u1: 1.95,	u2: 0.01,	u3: 1.87,\目标处水位: -319.979, 误差百分比: 0.01%, IAQ累计: 16.45	OCP-solving-time: 6.38e+00 s
i 225  t [54000]
X0 [-0.54193443 -1.57093918 -2.58013201 -3.15132713 -3.19979048]
计算初值self.q_0 [2.00004768 1.9694823  1.93864858 1.90892291 1.87964427 1.85170078
 1.82753015 1.80217099 1.78455007 1.77135301 1.76025867 1.7630949
 1.76794422 1.76961827 1.78152859 1.79182208 1.79581845 1.80683064
 1.82465792 1.84802425 1.87299979]
计算初值self.z_0 [-0.54193443 -0.74828398 -0.95432884 -1.16037357 -1.36611354 -1.57093918
 -1.77606964 -1.97998083 -2.18267274 -2.3838408  -2.58013201 -2.76575541
 -2.92394662 -3.03885603 -3.11109352 -3.15132713 -3.17266345 -3.18485546
 -3.19217038 -3.1967423 ]
(True, 3, ('Starting Unsteady Computations', 'Computing', 'Computations Completed'), True)
[-0.53431439 -1.56179523 -2.57708406 -3.15376568 -3.20040011]
下一阶段的初值 [2.0300312  2.00743985 1.98333025 1.95712066 1.92878294 1.89889932
 1.87311637 1.84421194 1.82187223 1.80327702 1.78401709 1.77779019
 1.77054226 1.76445949 1.77723527 1.78388011 1.7782588  1.77946115
 1.78740382 1.80199885 1.81799936]
下一阶段初值 [-0.53431439 -0.73974961 -0.94488001 -1.15031517 -1.3566649  -1.56179523
 -1.76753521 -1.97205591 -2.17596722 -2.37896395 -2.57708406 -2.76484084
 -2.92425108 -3.03977036 -3.11322713 -3.15376568 -3.17479706 -3.18637943
 -3.19338965 -3.19765687]
INFO:root:	Iter: 226/299,	J: 2.45e-05,	t: 54240.00 s,	u1: 2.00,	u2: 0.01,	u3: 1.82,\目标处水位: -320.040, 误差百分比: 0.01%, IAQ累计: 16.51	OCP-solving-time: 6.80e+00 s
i 226  t [54240]
X0 [-0.53431439 -1.56179523 -2.57708406 -3.15376568 -3.20040011]
计算初值self.q_0 [2.0300312  2.00743985 1.98333025 1.95712066 1.92878294 1.89889932
 1.87311637 1.84421194 1.82187223 1.80327702 1.78401709 1.77779019
 1.77054226 1.76445949 1.77723527 1.78388011 1.7782588  1.77946115
 1.78740382 1.80199885 1.81799936]
计算初值self.z_0 [-0.53431439 -0.73974961 -0.94488001 -1.15031517 -1.3566649  -1.56179523
 -1.76753521 -1.97205591 -2.17596722 -2.37896395 -2.57708406 -2.76484084
 -2.92425108 -3.03977036 -3.11322713 -3.15376568 -3.17479706 -3.18637943
 -3.19338965 -3.19765687]
(True, 3, ('Starting Unsteady Computations', 'Computing', 'Computations Completed'), True)
[-0.5263896  -1.55265117 -2.57190228 -3.15315604 -3.20283866]
下一阶段的初值 [2.07003951 2.04537058 2.02046418 1.99573684 1.96989739 1.94410837
 1.91754961 1.89017105 1.86471355 1.84057558 1.81892467 1.80262387
 1.79104507 1.78158092 1.77532184 1.77439332 1.77824235 1.78611791
 1.79613984 1.80693054 1.81899977]
下一阶段初值 [-0.5263896  -0.73152006 -0.9366504  -1.14208555 -1.34721601 -1.55265117
 -1.75808644 -1.9635216  -2.16834712 -2.37195373 -2.57190228 -2.76057363
 -2.92211771 -3.0400753  -3.11261749 -3.15315604 -3.17540646 -3.1882081
 -3.19552326 -3.20009518]
INFO:root:	Iter: 227/299,	J: 2.68e-05,	t: 54480.00 s,	u1: 2.03,	u2: 0.01,	u3: 1.82,\目标处水位: -320.284, 误差百分比: 0.09%, IAQ累计: 16.51	OCP-solving-time: 6.39e+00 s
i 227  t [54480]
X0 [-0.5263896  -1.55265117 -2.57190228 -3.15315604 -3.20283866]
计算初值self.q_0 [2.07003951 2.04537058 2.02046418 1.99573684 1.96989739 1.94410837
 1.91754961 1.89017105 1.86471355 1.84057558 1.81892467 1.80262387
 1.79104507 1.78158092 1.77532184 1.77439332 1.77824235 1.78611791
 1.79613984 1.80693054 1.81899977]
计算初值self.z_0 [-0.5263896  -0.73152006 -0.9366504  -1.14208555 -1.34721601 -1.55265117
 -1.75808644 -1.9635216  -2.16834712 -2.37195373 -2.57190228 -2.76057363
 -2.92211771 -3.0400753  -3.11261749 -3.15315604 -3.17540646 -3.1882081
 -3.19552326 -3.20009518]
(True, 3, ('Starting Unsteady Computations', 'Computing', 'Computations Completed'), True)
[-0.5193792  -1.54411685 -2.56458712 -3.15376568 -3.20314312]
下一阶段的初值 [2.10002756 2.07976675 2.05784392 2.03467035 2.01052237 1.9850018
 1.96005285 1.93319249 1.90756774 1.88273859 1.85771561 1.83701193
 1.81769121 1.80360925 1.80135918 1.7993319  1.79376578 1.79158592
 1.79201186 1.79485762 1.79799974]
下一阶段初值 [-0.5193792  -0.72420478 -0.9287256  -1.13355124 -1.3389864  -1.54411685
 -1.74955189 -1.95468247 -2.15981293 -2.36402893 -2.56458712 -2.75508714
 -2.91754556 -3.03702712 -3.11200809 -3.15376568 -3.17632079 -3.1888175
 -3.19582796 -3.20040011]
INFO:root:	Iter: 228/299,	J: 4.30e-05,	t: 54720.00 s,	u1: 2.07,	u2: 0.01,	u3: 1.80,\目标处水位: -320.314, 误差百分比: 0.10%, IAQ累计: 16.53	OCP-solving-time: 6.61e+00 s
i 228  t [54720]
X0 [-0.5193792  -1.54411685 -2.56458712 -3.15376568 -3.20314312]
计算初值self.q_0 [2.10002756 2.07976675 2.05784392 2.03467035 2.01052237 1.9850018
 1.96005285 1.93319249 1.90756774 1.88273859 1.85771561 1.83701193
 1.81769121 1.80360925 1.80135918 1.7993319  1.79376578 1.79158592
 1.79201186 1.79485762 1.79799974]
计算初值self.z_0 [-0.5193792  -0.72420478 -0.9287256  -1.13355124 -1.3389864  -1.54411685
 -1.74955189 -1.95468247 -2.15981293 -2.36402893 -2.56458712 -2.75508714
 -2.91754556 -3.03702712 -3.11200809 -3.15376568 -3.17632079 -3.1888175
 -3.19582796 -3.20040011]
(True, 3, ('Starting Unsteady Computations', 'Computing', 'Computations Completed'), True)
[-0.51175922 -1.53619206 -2.55696726 -3.15193677 -3.20466733]
下一阶段的初值 [2.14003968 2.11597133 2.09283686 2.06951475 2.04651022 2.02397728
 1.99882281 1.9749577  1.94897056 1.92312717 1.89926374 1.87387931
 1.85471129 1.83951175 1.82230306 1.81495941 1.81765342 1.82103145
 1.82402444 1.82424414 1.82399988]
下一阶段初值 [-0.51175922 -0.7165848  -0.92141044 -1.12623596 -1.3307569  -1.53619206
 -1.74101758 -1.94614804 -2.1512785  -2.3554945  -2.55696726 -2.74746728
 -2.91175461 -3.03397942 -3.10956955 -3.15193677 -3.17601609 -3.18942714
 -3.19735193 -3.20192409]
INFO:root:	Iter: 229/299,	J: 4.77e-05,	t: 54960.00 s,	u1: 2.10,	u2: 0.01,	u3: 1.82,\目标处水位: -320.467, 误差百分比: 0.15%, IAQ累计: 16.56	OCP-solving-time: 5.98e+00 s
i 229  t [54960]
X0 [-0.51175922 -1.53619206 -2.55696726 -3.15193677 -3.20466733]
计算初值self.q_0 [2.14003968 2.11597133 2.09283686 2.06951475 2.04651022 2.02397728
 1.99882281 1.9749577  1.94897056 1.92312717 1.89926374 1.87387931
 1.85471129 1.83951175 1.82230306 1.81495941 1.81765342 1.82103145
 1.82402444 1.82424414 1.82399988]
计算初值self.z_0 [-0.51175922 -0.7165848  -0.92141044 -1.12623596 -1.3307569  -1.53619206
 -1.74101758 -1.94614804 -2.1512785  -2.3554945  -2.55696726 -2.74746728
 -2.91175461 -3.03397942 -3.10956955 -3.15193677 -3.17601609 -3.18942714
 -3.19735193 -3.20192409]
(True, 3, ('Starting Unsteady Computations', 'Computing', 'Computations Completed'), True)
[-0.50474882 -1.52826715 -2.54873776 -3.15132713 -3.20466733]
下一阶段的初值 [2.17002749 2.15001464 2.12873268 2.10643053 2.08386135 2.06056523
 2.0365119  2.01307511 1.98852456 1.96381986 1.9397459  1.91422045
 1.89105451 1.87471855 1.86262202 1.85485995 1.85120845 1.84738433
 1.84239566 1.83676291 1.83099973]
下一阶段初值 [-0.50474882 -0.70926958 -0.9137904  -1.11861598 -1.32313681 -1.52826715
 -1.73309278 -1.93822324 -2.14304876 -2.34726501 -2.54873776 -2.73984742
 -2.90474391 -3.02879763 -3.10713124 -3.15132713 -3.17571115 -3.18942714
 -3.19704723 -3.20161915]
INFO:root:	Iter: 230/299,	J: 7.18e-05,	t: 55200.00 s,	u1: 2.14,	u2: 0.01,	u3: 1.83,\目标处水位: -320.467, 误差百分比: 0.15%, IAQ累计: 16.57	OCP-solving-time: 6.64e+00 s
i 230  t [55200]
X0 [-0.50474882 -1.52826715 -2.54873776 -3.15132713 -3.20466733]
计算初值self.q_0 [2.17002749 2.15001464 2.12873268 2.10643053 2.08386135 2.06056523
 2.0365119  2.01307511 1.98852456 1.96381986 1.9397459  1.91422045
 1.89105451 1.87471855 1.86262202 1.85485995 1.85120845 1.84738433
 1.84239566 1.83676291 1.83099973]
计算初值self.z_0 [-0.50474882 -0.70926958 -0.9137904  -1.11861598 -1.32313681 -1.52826715
 -1.73309278 -1.93822324 -2.14304876 -2.34726501 -2.54873776 -2.73984742
 -2.90474391 -3.02879763 -3.10713124 -3.15132713 -3.17571115 -3.18942714
 -3.19704723 -3.20161915]
(True, 3, ('Starting Unsteady Computations', 'Computing', 'Computations Completed'), True)
[-0.49712881 -1.52064717 -2.54050803 -3.14888883 -3.20527673]
下一阶段的初值 [2.21003985 2.18620658 2.16372347 2.1406188  2.11868143 2.09724951
 2.07286453 2.0512898  2.02672052 2.00159883 1.97906005 1.95203948
 1.9308238  1.91582417 1.8951242  1.88422072 1.88610494 1.8862958
 1.88303089 1.87558126 1.86799955]
下一阶段初值 [-0.49712881 -0.70195442 -0.90678    -1.11130083 -1.31582165 -1.52064717
 -1.72516799 -1.93029845 -2.13512397 -2.33903527 -2.54050803 -2.73131299
 -2.89803863 -3.02453065 -3.10377836 -3.14888883 -3.17479706 -3.18912244
 -3.19735193 -3.20222878]
INFO:root:	Iter: 231/299,	J: 8.53e-05,	t: 55440.00 s,	u1: 2.17,	u2: 0.01,	u3: 1.87,\目标处水位: -320.528, 误差百分比: 0.16%, IAQ累计: 16.60	OCP-solving-time: 6.46e+00 s
i 231  t [55440]
X0 [-0.49712881 -1.52064717 -2.54050803 -3.14888883 -3.20527673]
计算初值self.q_0 [2.21003985 2.18620658 2.16372347 2.1406188  2.11868143 2.09724951
 2.07286453 2.0512898  2.02672052 2.00159883 1.97906005 1.95203948
 1.9308238  1.91582417 1.8951242  1.88422072 1.88610494 1.8862958
 1.88303089 1.87558126 1.86799955]
计算初值self.z_0 [-0.49712881 -0.70195442 -0.90678    -1.11130083 -1.31582165 -1.52064717
 -1.72516799 -1.93029845 -2.13512397 -2.33903527 -2.54050803 -2.73131299
 -2.89803863 -3.02453065 -3.10377836 -3.14888883 -3.17479706 -3.18912244
 -3.19735193 -3.20222878]
(True, 3, ('Starting Unsteady Computations', 'Computing', 'Computations Completed'), True)
[-0.48920402 -1.51333201 -2.53258324 -3.14736485 -3.20527673]
下一阶段的初值 [2.25003958 2.22555566 2.20174432 2.17764878 2.15480185 2.13244224
 2.10841465 2.08738732 2.06355047 2.03945565 2.017838   1.99089777
 1.96877909 1.9537077  1.93547904 1.92595553 1.92516768 1.92186463
 1.91652131 1.90768743 1.89799953]
下一阶段初值 [-0.48920402 -0.69402957 -0.89885515 -1.10368085 -1.30820155 -1.51333201
 -1.71785283 -1.92267847 -2.12719917 -2.33080554 -2.53258324 -2.7233882
 -2.89072323 -3.01904392 -3.10073066 -3.14736485 -3.17388248 -3.1888175
 -3.19704723 -3.20222878]
INFO:root:	Iter: 232/299,	J: 9.95e-05,	t: 55680.00 s,	u1: 2.21,	u2: 0.01,	u3: 1.90,\目标处水位: -320.528, 误差百分比: 0.16%, IAQ累计: 16.63	OCP-solving-time: 6.88e+00 s
i 232  t [55680]
X0 [-0.48920402 -1.51333201 -2.53258324 -3.14736485 -3.20527673]
计算初值self.q_0 [2.25003958 2.22555566 2.20174432 2.17764878 2.15480185 2.13244224
 2.10841465 2.08738732 2.06355047 2.03945565 2.017838   1.99089777
 1.96877909 1.9537077  1.93547904 1.92595553 1.92516768 1.92186463
 1.91652131 1.90768743 1.89799953]
计算初值self.z_0 [-0.48920402 -0.69402957 -0.89885515 -1.10368085 -1.30820155 -1.51333201
 -1.71785283 -1.92267847 -2.12719917 -2.33080554 -2.53258324 -2.7233882
 -2.89072323 -3.01904392 -3.10073066 -3.14736485 -3.17388248 -3.1888175
 -3.19704723 -3.20222878]
(True, 3, ('Starting Unsteady Computations', 'Computing', 'Computations Completed'), True)
[-0.48219362 -1.50571203 -2.52465844 -3.14523125 -3.20527673]
下一阶段的初值 [2.28003168 2.25913334 2.23837614 2.2156167  2.1930871  2.17031789
 2.14528012 2.12389803 2.09978175 2.07589841 2.05477095 2.02850819
 2.00748754 1.99281442 1.97294569 1.96204686 1.96226943 1.96005297
 1.95414758 1.94398546 1.93399966]
下一阶段初值 [-0.48219362 -0.68671441 -0.89123523 -1.09606075 -1.30058169 -1.50571203
 -1.71023285 -1.91505837 -2.11957932 -2.32318568 -2.52465844 -2.7154634
 -2.88371301 -3.01416731 -3.09737754 -3.14523125 -3.17266345 -3.1882081
 -3.19704723 -3.20222878]
i 233  t INFO:root:	Iter: 233/299,	J: 1.03e-04,	t: 55920.00 s,	u1: 2.25,	u2: 0.01,	u3: 1.93,\目标处水位: -320.528, 误差百分比: 0.16%, IAQ累计: 16.67	OCP-solving-time: 6.37e+00 s
[55920]
X0 [-0.48219362 -1.50571203 -2.52465844 -3.14523125 -3.20527673]
计算初值self.q_0 [2.28003168 2.25913334 2.23837614 2.2156167  2.1930871  2.17031789
 2.14528012 2.12389803 2.09978175 2.07589841 2.05477095 2.02850819
 2.00748754 1.99281442 1.97294569 1.96204686 1.96226943 1.96005297
 1.95414758 1.94398546 1.93399966]
计算初值self.z_0 [-0.48219362 -0.68671441 -0.89123523 -1.09606075 -1.30058169 -1.50571203
 -1.71023285 -1.91505837 -2.11957932 -2.32318568 -2.52465844 -2.7154634
 -2.88371301 -3.01416731 -3.09737754 -3.14523125 -3.17266345 -3.1882081
 -3.19704723 -3.20222878]
(True, 3, ('Starting Unsteady Computations', 'Computing', 'Computations Completed'), True)
[-0.47457361 -1.49809206 -2.51673365 -3.14340234 -3.20527673]
下一阶段的初值 [2.32003951 2.2961297  2.27330256 2.24989295 2.22789812 2.20617151
 2.18183494 2.16098213 2.13701224 2.11243224 2.09185863 2.06552315
 2.04381037 2.03026271 2.01056051 1.99932075 2.00060725 1.99959731
 1.99364662 1.98297453 1.97299969]
下一阶段初值 [-0.47457361 -0.67909437 -0.88392001 -1.08874559 -1.29326642 -1.49809206
 -1.70261276 -1.9074384  -2.11195922 -2.31556559 -2.51673365 -2.70784307
 -2.87670231 -3.00898552 -3.0940249  -3.14340234 -3.17174888 -3.18790317
 -3.1967423  -3.20222878]
INFO:root:	Iter: 234/299,	J: 1.03e-04,	t: 56160.00 s,	u1: 2.28,	u2: 0.01,	u3: 1.97,\目标处水位: -320.528, 误差百分比: 0.16%, IAQ累计: 16.71	OCP-solving-time: 6.51e+00 s
i 234  t [56160]
X0 [-0.47457361 -1.49809206 -2.51673365 -3.14340234 -3.20527673]
计算初值self.q_0 [2.32003951 2.2961297  2.27330256 2.24989295 2.22789812 2.20617151
 2.18183494 2.16098213 2.13701224 2.11243224 2.09185863 2.06552315
 2.04381037 2.03026271 2.01056051 1.99932075 2.00060725 1.99959731
 1.99364662 1.98297453 1.97299969]
计算初值self.z_0 [-0.47457361 -0.67909437 -0.88392001 -1.08874559 -1.29326642 -1.49809206
 -1.70261276 -1.9074384  -2.11195922 -2.31556559 -2.51673365 -2.70784307
 -2.87670231 -3.00898552 -3.0940249  -3.14340234 -3.17174888 -3.18790317
 -3.1967423  -3.20222878]
(True, 3, ('Starting Unsteady Computations', 'Computing', 'Computations Completed'), True)
[-0.47426879 -1.49047196 -2.50880885 -3.14157367 -3.20558167]
下一阶段的初值 [2.29997945 2.3010385  2.29587054 2.28260446 2.26484919 2.24355149
 2.21790266 2.19643784 2.17294359 2.14909387 2.12882972 2.10207772
 2.08092427 2.06794715 2.04790616 2.03664231 2.03753829 2.03643203
 2.03180814 2.02262282 2.0129993 ]
下一阶段初值 [-0.47426879 -0.67543685 -0.87812883 -1.08143044 -1.28564644 -1.49047196
 -1.69499278 -1.90012324 -2.10433912 -2.30764079 -2.50880885 -2.70022321
 -2.86999702 -3.00410891 -3.09097672 -3.14157367 -3.1708343  -3.18729353
 -3.1967423  -3.20222878]
INFO:root:	Iter: 235/299,	J: 1.06e-04,	t: 56400.00 s,	u1: 2.32,	u2: -0.01,	u3: 2.01,\目标处水位: -320.558, 误差百分比: 0.17%, IAQ累计: 16.75	OCP-solving-time: 6.50e+00 s
i 235  t [56400]
X0 [-0.47426879 -1.49047196 -2.50880885 -3.14157367 -3.20558167]
计算初值self.q_0 [2.29997945 2.3010385  2.29587054 2.28260446 2.26484919 2.24355149
 2.21790266 2.19643784 2.17294359 2.14909387 2.12882972 2.10207772
 2.08092427 2.06794715 2.04790616 2.03664231 2.03753829 2.03643203
 2.03180814 2.02262282 2.0129993 ]
计算初值self.z_0 [-0.47426879 -0.67543685 -0.87812883 -1.08143044 -1.28564644 -1.49047196
 -1.69499278 -1.90012324 -2.10433912 -2.30764079 -2.50880885 -2.70022321
 -2.86999702 -3.00410891 -3.09097672 -3.14157367 -3.1708343  -3.18729353
 -3.1967423  -3.20222878]
(True, 3, ('Starting Unsteady Computations', 'Computing', 'Computations Completed'), True)
[-0.47762161 -1.48407125 -2.50118899 -3.13974476 -3.20588636]
下一阶段的初值 [2.26997113 2.28056908 2.28676057 2.28583503 2.27998281 2.26871133
 2.25057769 2.2326982  2.21005344 2.18599844 2.16530728 2.13910031
 2.11779881 2.10455751 2.0850904  2.07345009 2.07356572 2.07244897
 2.06830168 2.05984807 2.05099964]
下一阶段初值 [-0.47762161 -0.67665601 -0.87721443 -1.07838249 -1.28076971 -1.48407125
 -1.68798244 -1.89250326 -2.09671926 -2.30002093 -2.50118899 -2.69260311
 -2.86329126 -2.99892712 -3.08762407 -3.13974476 -3.16991997 -3.18698883
 -3.1967423  -3.20253372]
INFO:root:	Iter: 236/299,	J: 1.48e-04,	t: 56640.00 s,	u1: 2.30,	u2: -0.01,	u3: 2.05,\目标处水位: -320.589, 误差百分比: 0.18%, IAQ累计: 16.79	OCP-solving-time: 7.28e+00 s
i 236  t [56640]
X0 [-0.47762161 -1.48407125 -2.50118899 -3.13974476 -3.20588636]
计算初值self.q_0 [2.26997113 2.28056908 2.28676057 2.28583503 2.27998281 2.26871133
 2.25057769 2.2326982  2.21005344 2.18599844 2.16530728 2.13910031
 2.11779881 2.10455751 2.0850904  2.07345009 2.07356572 2.07244897
 2.06830168 2.05984807 2.05099964]
计算初值self.z_0 [-0.47762161 -0.67665601 -0.87721443 -1.07838249 -1.28076971 -1.48407125
 -1.68798244 -1.89250326 -2.09671926 -2.30002093 -2.50118899 -2.69260311
 -2.86329126 -2.99892712 -3.08762407 -3.13974476 -3.16991997 -3.18698883
 -3.1967423  -3.20253372]
(True, 3, ('Starting Unsteady Computations', 'Computing', 'Computations Completed'), True)
[-0.4828032  -1.48102331 -2.49356866 -3.13791609 -3.20710564]
下一阶段的初值 [2.23996735 2.25498557 2.26696277 2.27310538 2.27642608 2.27502418
 2.26520491 2.2557385  2.2393806  2.21887803 2.20134497 2.17536497
 2.15441155 2.14230609 2.12081742 2.10963726 2.1139009  2.116961
 2.11599016 2.10908008 2.10099959]
下一阶段初值 [-0.4828032  -0.68031365 -0.87934798 -1.07899201 -1.27924562 -1.48102331
 -1.68310559 -1.88671207 -2.0900135  -2.29270554 -2.49356866 -2.68498325
 -2.8565855  -2.9940505  -3.08457589 -3.13791609 -3.16900563 -3.18698883
 -3.19735193 -3.20344806]
i 237  t INFO:root:	Iter: 237/299,	J: 2.43e-04,	t: 56880.00 s,	u1: 2.27,	u2: -0.01,	u3: 2.10,\目标处水位: -320.711, 误差百分比: 0.22%, IAQ累计: 16.84	OCP-solving-time: 9.69e+00 s
[56880]
X0 [-0.4828032  -1.48102331 -2.49356866 -3.13791609 -3.20710564]
计算初值self.q_0 [2.23996735 2.25498557 2.26696277 2.27310538 2.27642608 2.27502418
 2.26520491 2.2557385  2.2393806  2.21887803 2.20134497 2.17536497
 2.15441155 2.14230609 2.12081742 2.10963726 2.1139009  2.116961
 2.11599016 2.10908008 2.10099959]
计算初值self.z_0 [-0.4828032  -0.68031365 -0.87934798 -1.07899201 -1.27924562 -1.48102331
 -1.68310559 -1.88671207 -2.0900135  -2.29270554 -2.49356866 -2.68498325
 -2.8565855  -2.9940505  -3.08457589 -3.13791609 -3.16900563 -3.18698883
 -3.19735193 -3.20344806]
(True, 3, ('Starting Unsteady Computations', 'Computing', 'Computations Completed'), True)
[-0.48676559 -1.48071837 -2.48686337 -3.13669705 -3.2068007 ]
下一阶段的初值 [2.21997929 2.23229933 2.24399781 2.25342679 2.26166821 2.2664392
 2.26610947 2.26363778 2.25506806 2.24191356 2.22826123 2.20817637
 2.1885848  2.17610312 2.16156554 2.15216994 2.14998007 2.14606166
 2.13991475 2.13177824 2.12399936]
下一阶段初值 [-0.48676559 -0.6845808  -0.88300562 -1.08143044 -1.28046489 -1.48071837
 -1.68158174 -1.88335919 -2.08544159 -2.28721929 -2.48686337 -2.67797279
 -2.85018468 -2.98886871 -3.08183289 -3.13669705 -3.1687007  -3.18668413
 -3.19704723 -3.20314312]
INFO:root:	Iter: 238/299,	J: 3.72e-04,	t: 57120.00 s,	u1: 2.24,	u2: -0.01,	u3: 2.12,\目标处水位: -320.680, 误差百分比: 0.21%, IAQ累计: 16.86	OCP-solving-time: 9.09e+00 s
i 238  t [57120]
X0 [-0.48676559 -1.48071837 -2.48686337 -3.13669705 -3.2068007 ]
计算初值self.q_0 [2.21997929 2.23229933 2.24399781 2.25342679 2.26166821 2.2664392
 2.26610947 2.26363778 2.25506806 2.24191356 2.22826123 2.20817637
 2.1885848  2.17610312 2.16156554 2.15216994 2.14998007 2.14606166
 2.13991475 2.13177824 2.12399936]
计算初值self.z_0 [-0.48676559 -0.6845808  -0.88300562 -1.08143044 -1.28046489 -1.48071837
 -1.68158174 -1.88335919 -2.08544159 -2.28721929 -2.48686337 -2.67797279
 -2.85018468 -2.98886871 -3.08183289 -3.13669705 -3.1687007  -3.18668413
 -3.19704723 -3.20314312]
(True, 3, ('Starting Unsteady Computations', 'Computing', 'Computations Completed'), True)
[-0.49255681 -1.48224235 -2.48229122 -3.13456345 -3.20741034]
下一阶段的初值 [2.18997145 2.20617843 2.22182155 2.23410392 2.24487591 2.25317812
 2.25622416 2.2599349  2.25781274 2.25128031 2.24476647 2.22963238
 2.21647167 2.20841479 2.19112873 2.18043017 2.18203235 2.18302941
 2.18054914 2.17276239 2.16399956]
下一阶段初值 [-0.49255681 -0.68915278 -0.88696802 -1.0847832  -1.28290319 -1.48224235
 -1.68188643 -1.88244486 -2.08330798 -2.28356171 -2.48229122 -2.67248631
 -2.84469843 -2.98490644 -3.0787847  -3.13456345 -3.16748166 -3.18637943
 -3.19735193 -3.20344806]
INFO:root:	Iter: 239/299,	J: 4.37e-04,	t: 57360.00 s,	u1: 2.22,	u2: -0.01,	u3: 2.16,\目标处水位: -320.741, 误差百分比: 0.23%, IAQ累计: 16.90	OCP-solving-time: 6.99e+00 s
i 239  t [57360]
X0 [-0.49255681 -1.48224235 -2.48229122 -3.13456345 -3.20741034]
计算初值self.q_0 [2.18997145 2.20617843 2.22182155 2.23410392 2.24487591 2.25317812
 2.25622416 2.2599349  2.25781274 2.25128031 2.24476647 2.22963238
 2.21647167 2.20841479 2.19112873 2.18043017 2.18203235 2.18302941
 2.18054914 2.17276239 2.16399956]
计算初值self.z_0 [-0.49255681 -0.68915278 -0.88696802 -1.0847832  -1.28290319 -1.48224235
 -1.68188643 -1.88244486 -2.08330798 -2.28356171 -2.48229122 -2.67248631
 -2.84469843 -2.98490644 -3.0787847  -3.13456345 -3.16748166 -3.18637943
 -3.19735193 -3.20344806]
(True, 3, ('Starting Unsteady Computations', 'Computing', 'Computations Completed'), True)
[-0.49164242 -1.48498571 -2.47954822 -3.13395357 -3.20588636]
下一阶段的初值 [2.21001983 2.20625877 2.20750737 2.21338463 2.22305417 2.23322964
 2.24300528 2.25012374 2.25290298 2.25225377 2.2493515  2.24286461
 2.23311019 2.22644114 2.22172427 2.21456623 2.20618248 2.19784641
 2.18827319 2.17627859 2.16299963]
下一阶段初值 [-0.49164242 -0.6915912  -0.89032084 -1.08874559 -1.28686571 -1.48498571
 -1.68371522 -1.88305438 -2.08300328 -2.28234243 -2.47954822 -2.66913366
 -2.84104085 -2.98124886 -3.07695603 -3.13395357 -3.16626239 -3.18485546
 -3.19552326 -3.20192409]
INFO:root:	Iter: 240/299,	J: 4.71e-04,	t: 57600.00 s,	u1: 2.19,	u2: 0.01,	u3: 2.16,\目标处水位: -320.589, 误差百分比: 0.18%, IAQ累计: 16.90	OCP-solving-time: 6.55e+00 s
i 240  t [57600]
X0 [-0.49164242 -1.48498571 -2.47954822 -3.13395357 -3.20588636]
计算初值self.q_0 [2.21001983 2.20625877 2.20750737 2.21338463 2.22305417 2.23322964
 2.24300528 2.25012374 2.25290298 2.25225377 2.2493515  2.24286461
 2.23311019 2.22644114 2.22172427 2.21456623 2.20618248 2.19784641
 2.18827319 2.17627859 2.16299963]
计算初值self.z_0 [-0.49164242 -0.6915912  -0.89032084 -1.08874559 -1.28686571 -1.48498571
 -1.68371522 -1.88305438 -2.08300328 -2.28234243 -2.47954822 -2.66913366
 -2.84104085 -2.98124886 -3.07695603 -3.13395357 -3.16626239 -3.18485546
 -3.19552326 -3.20192409]
(True, 3, ('Starting Unsteady Computations', 'Computing', 'Computations Completed'), True)
[-0.45415202 -1.48833835 -2.47863364 -3.1321249  -3.20344806]
下一阶段的初值 [2.50028849 2.37779379 2.28947854 2.23592019 2.21467853 2.21498847
 2.22567844 2.23622036 2.24171114 2.24419403 2.24637341 2.24669623
 2.24234962 2.23751163 2.23217154 2.22539306 2.21684694 2.20668721
 2.19463086 2.17964077 2.16499949]
下一阶段初值 [-0.45415202 -0.67147446 -0.88239598 -1.08813596 -1.28930402 -1.48833835
 -1.68676317 -1.88518798 -2.08422232 -2.28264713 -2.47863364 -2.66730499
 -2.83921194 -2.97941995 -3.07512712 -3.1321249  -3.16443372 -3.18272185
 -3.19338965 -3.19979048]
INFO:root:	Iter: 241/299,	J: 4.36e-04,	t: 57840.00 s,	u1: 2.21,	u2: 0.07,	u3: 2.16,\目标处水位: -320.345, 误差百分比: 0.11%, IAQ累计: 16.90	OCP-solving-time: 6.48e+00 s
i 241  t [57840]
X0 [-0.45415202 -1.48833835 -2.47863364 -3.1321249  -3.20344806]
计算初值self.q_0 [2.50028849 2.37779379 2.28947854 2.23592019 2.21467853 2.21498847
 2.22567844 2.23622036 2.24171114 2.24419403 2.24637341 2.24669623
 2.24234962 2.23751163 2.23217154 2.22539306 2.21684694 2.20668721
 2.19463086 2.17964077 2.16499949]
计算初值self.z_0 [-0.45415202 -0.67147446 -0.88239598 -1.08813596 -1.28930402 -1.48833835
 -1.68676317 -1.88518798 -2.08422232 -2.28264713 -2.47863364 -2.66730499
 -2.83921194 -2.97941995 -3.07512712 -3.1321249  -3.16443372 -3.18272185
 -3.19338965 -3.19979048]
(True, 3, ('Starting Unsteady Computations', 'Computing', 'Computations Completed'), True)
[-0.40355521 -1.48315692 -2.47924328 -3.13029623 -3.20009518]
下一阶段的初值 [2.80030084 2.64753699 2.51371193 2.40536356 2.32379127 2.26946473
 2.24019217 2.22774076 2.22750902 2.23253727 2.23750091 2.2420013
 2.24225569 2.23929787 2.23722625 2.23106313 2.21837521 2.20256042
 2.18559194 2.16849184 2.15099978]
下一阶段初值 [-0.40355521 -0.62880242 -0.84978247 -1.06558084 -1.27680731 -1.48315692
 -1.68645847 -1.88732159 -2.08635592 -2.2841711  -2.47924328 -2.66730499
 -2.8386023  -2.97820091 -3.07360315 -3.13029623 -3.16199517 -3.17997837
 -3.19034171 -3.19643784]
INFO:root:	Iter: 242/299,	J: 4.02e-04,	t: 58080.00 s,	u1: 2.50,	u2: 0.07,	u3: 2.15,\目标处水位: -320.010, 误差百分比: 0.00%, IAQ累计: 16.92	OCP-solving-time: 6.52e+00 s
i 242  t [58080]
X0 [-0.40355521 -1.48315692 -2.47924328 -3.13029623 -3.20009518]
计算初值self.q_0 [2.80030084 2.64753699 2.51371193 2.40536356 2.32379127 2.26946473
 2.24019217 2.22774076 2.22750902 2.23253727 2.23750091 2.2420013
 2.24225569 2.23929787 2.23722625 2.23106313 2.21837521 2.20256042
 2.18559194 2.16849184 2.15099978]
计算初值self.z_0 [-0.40355521 -0.62880242 -0.84978247 -1.06558084 -1.27680731 -1.48315692
 -1.68645847 -1.88732159 -2.08635592 -2.2841711  -2.47924328 -2.66730499
 -2.8386023  -2.97820091 -3.07360315 -3.13029623 -3.16199517 -3.17997837
 -3.19034171 -3.19643784]
(True, 3, ('Starting Unsteady Computations', 'Computing', 'Computations Completed'), True)
[-0.35387281 -1.46151602 -2.47985268 -3.12846732 -3.19338965]
下一阶段的初值 [3.09028816 2.923805   2.77480102 2.64174581 2.52229595 2.42164922
 2.34747219 2.29141998 2.25865149 2.24260521 2.2319715  2.23543096
 2.23545718 2.23055959 2.23755074 2.22971392 2.20104814 2.17108488
 2.14300966 2.11746168 2.08999944]
下一阶段初值 [-0.35387281 -0.57972962 -0.80497682 -1.02748084 -1.2466321  -1.46151602
 -1.67274237 -1.87970161 -2.08330798 -2.2841711  -2.47985268 -2.66852403
 -2.83921194 -2.97698164 -3.07238412 -3.12846732 -3.15864253 -3.17479706
 -3.18455052 -3.19003677]
INFO:root:	Iter: 243/299,	J: 4.19e-04,	t: 58320.00 s,	u1: 2.80,	u2: 0.07,	u3: 2.09,\目标处水位: -319.339, 误差百分比: 0.21%, IAQ累计: 16.98	OCP-solving-time: 6.92e+00 s
i 243  t [58320]
X0 [-0.35387281 -1.46151602 -2.47985268 -3.12846732 -3.19338965]
计算初值self.q_0 [3.09028816 2.923805   2.77480102 2.64174581 2.52229595 2.42164922
 2.34747219 2.29141998 2.25865149 2.24260521 2.2319715  2.23543096
 2.23545718 2.23055959 2.23755074 2.22971392 2.20104814 2.17108488
 2.14300966 2.11746168 2.08999944]
计算初值self.z_0 [-0.35387281 -0.57972962 -0.80497682 -1.02748084 -1.2466321  -1.46151602
 -1.67274237 -1.87970161 -2.08330798 -2.2841711  -2.47985268 -2.66852403
 -2.83921194 -2.97698164 -3.07238412 -3.12846732 -3.15864253 -3.17479706
 -3.18455052 -3.19003677]
(True, 3, ('Starting Unsteady Computations', 'Computing', 'Computations Completed'), True)
[-0.31211522 -1.42737842 -2.4758904  -3.12237144 -3.19399929]
下一阶段的初值 [3.38028955 3.22441936 3.05866408 2.89408636 2.75487113 2.63442492
 2.52286124 2.43446565 2.36242127 2.3074491  2.27611351 2.24965262
 2.24080324 2.2376895  2.209692   2.19564199 2.20488715 2.209759
 2.20572758 2.19184399 2.17499924]
下一阶段初值 [-0.31211522 -0.53492403 -0.75834239 -0.98297995 -1.20609367 -1.42737842
 -1.64439607 -1.85897517 -2.0692873  -2.27472234 -2.4758904  -2.66608548
 -2.83799291 -2.97789621 -3.0687263  -3.12237144 -3.15468025 -3.17357755
 -3.18424559 -3.19034171]
INFO:root:	Iter: 244/299,	J: 4.91e-04,	t: 58560.00 s,	u1: 3.09,	u2: 0.07,	u3: 2.17,\目标处水位: -319.400, 误差百分比: 0.19%, IAQ累计: 17.06	OCP-solving-time: 7.72e+00 s
i 244  t [58560]
X0 [-0.31211522 -1.42737842 -2.4758904  -3.12237144 -3.19399929]
计算初值self.q_0 [3.38028955 3.22441936 3.05866408 2.89408636 2.75487113 2.63442492
 2.52286124 2.43446565 2.36242127 2.3074491  2.27611351 2.24965262
 2.24080324 2.2376895  2.209692   2.19564199 2.20488715 2.209759
 2.20572758 2.19184399 2.17499924]
计算初值self.z_0 [-0.31211522 -0.53492403 -0.75834239 -0.98297995 -1.20609367 -1.42737842
 -1.64439607 -1.85897517 -2.0692873  -2.27472234 -2.4758904  -2.66608548
 -2.83799291 -2.97789621 -3.0687263  -3.12237144 -3.15468025 -3.17357755
 -3.18424559 -3.19034171]
(True, 3, ('Starting Unsteady Computations', 'Computing', 'Computations Completed'), True)
[-0.271272   -1.38501132 -2.46156478 -3.12237144 -3.19278026]
下一阶段的初值 [3.67028809 3.51863146 3.36049318 3.20112872 3.03550649 2.87575412
 2.74077106 2.6252954  2.52449274 2.43943882 2.37425327 2.32070923
 2.28007555 2.25838089 2.24408531 2.23228383 2.22548509 2.21865726
 2.20899987 2.19902372 2.18899941]
下一阶段初值 [-0.271272   -0.49316642 -0.71506077 -0.93786961 -1.16128802 -1.38501132
 -1.60751522 -1.82727599 -2.04307437 -2.25491047 -2.46156478 -2.65663671
 -2.83098245 -2.97149515 -3.06659269 -3.12237144 -3.15437531 -3.17235851
 -3.18272185 -3.1888175 ]
INFO:root:	Iter: 245/299,	J: 4.79e-04,	t: 58800.00 s,	u1: 3.38,	u2: 0.07,	u3: 2.19,\目标处水位: -319.278, 误差百分比: 0.23%, IAQ累计: 17.08	OCP-solving-time: 7.54e+00 s
i 245  t [58800]
X0 [-0.271272   -1.38501132 -2.46156478 -3.12237144 -3.19278026]
计算初值self.q_0 [3.67028809 3.51863146 3.36049318 3.20112872 3.03550649 2.87575412
 2.74077106 2.6252954  2.52449274 2.43943882 2.37425327 2.32070923
 2.28007555 2.25838089 2.24408531 2.23228383 2.22548509 2.21865726
 2.20899987 2.19902372 2.18899941]
计算初值self.z_0 [-0.271272   -0.49316642 -0.71506077 -0.93786961 -1.16128802 -1.38501132
 -1.60751522 -1.82727599 -2.04307437 -2.25491047 -2.46156478 -2.65663671
 -2.83098245 -2.97149515 -3.06659269 -3.12237144 -3.15437531 -3.17235851
 -3.18272185 -3.1888175 ]
(True, 3, ('Starting Unsteady Computations', 'Computing', 'Computations Completed'), True)
[-0.24780241 -1.34020555 -2.43718076 -3.11779928 -3.1967423 ]
下一阶段的初值 [3.78010917 3.69500279 3.5971005  3.47705674 3.33811164 3.18789363
 3.01625085 2.85968709 2.7287302  2.61625648 2.52707529 2.43926239
 2.37873745 2.34084582 2.2893877  2.2637651  2.27216291 2.28204846
 2.28623891 2.28623605 2.28499985]
下一阶段初值 [-0.24780241 -0.46177199 -0.67848486 -0.89733124 -1.11739683 -1.34020555
 -1.56331933 -1.78704238 -2.00863218 -2.2250402  -2.43718076 -2.63682485
 -2.81665683 -2.96357036 -3.06019211 -3.11779928 -3.15254664 -3.17357755
 -3.18546486 -3.19217038]
INFO:root:	Iter: 246/299,	J: 4.67e-04,	t: 59040.00 s,	u1: 3.67,	u2: 0.03,	u3: 2.28,\目标处水位: -319.674, 误差百分比: 0.10%, IAQ累计: 17.17	OCP-solving-time: 6.88e+00 s
i 246  t [59040]
X0 [-0.24780241 -1.34020555 -2.43718076 -3.11779928 -3.1967423 ]
计算初值self.q_0 [3.78010917 3.69500279 3.5971005  3.47705674 3.33811164 3.18789363
 3.01625085 2.85968709 2.7287302  2.61625648 2.52707529 2.43926239
 2.37873745 2.34084582 2.2893877  2.2637651  2.27216291 2.28204846
 2.28623891 2.28623605 2.28499985]
计算初值self.z_0 [-0.24780241 -0.46177199 -0.67848486 -0.89733124 -1.11739683 -1.34020555
 -1.56331933 -1.78704238 -2.00863218 -2.2250402  -2.43718076 -2.63682485
 -2.81665683 -2.96357036 -3.06019211 -3.11779928 -3.15254664 -3.17357755
 -3.18546486 -3.19217038]
(True, 3, ('Starting Unsteady Computations', 'Computing', 'Computations Completed'), True)
[-0.2557272  -1.30180085 -2.40273833 -3.11536074 -3.19278026]
下一阶段的初值 [3.5898087  3.63204598 3.64057779 3.61104345 3.54196167 3.43778992
 3.30590129 3.15679884 2.99820185 2.84926653 2.72193336 2.61251974
 2.52163815 2.45293474 2.41384101 2.38132882 2.34536219 2.31280756
 2.28578401 2.265347   2.24199963]
下一阶段初值 [-0.2557272  -0.4562856  -0.66141605 -0.87050879 -1.0844785  -1.30180085
 -1.52125692 -1.74315119 -1.96504569 -2.18602562 -2.40273833 -2.60878325
 -2.79471111 -2.94650149 -3.05226731 -3.11536074 -3.15041304 -3.17022491
 -3.18180728 -3.1888175 ]
INFO:root:	Iter: 247/299,	J: 4.40e-04,	t: 59280.00 s,	u1: 3.78,	u2: -0.05,	u3: 2.24,\目标处水位: -319.278, 误差百分比: 0.23%, IAQ累计: 17.21	OCP-solving-time: 7.20e+00 s
i 247  t [59280]
X0 [-0.2557272  -1.30180085 -2.40273833 -3.11536074 -3.19278026]
计算初值self.q_0 [3.5898087  3.63204598 3.64057779 3.61104345 3.54196167 3.43778992
 3.30590129 3.15679884 2.99820185 2.84926653 2.72193336 2.61251974
 2.52163815 2.45293474 2.41384101 2.38132882 2.34536219 2.31280756
 2.28578401 2.265347   2.24199963]
计算初值self.z_0 [-0.2557272  -0.4562856  -0.66141605 -0.87050879 -1.0844785  -1.30180085
 -1.52125692 -1.74315119 -1.96504569 -2.18602562 -2.40273833 -2.60878325
 -2.79471111 -2.94650149 -3.05226731 -3.11536074 -3.15041304 -3.17022491
 -3.18180728 -3.1888175 ]
(True, 3, ('Starting Unsteady Computations', 'Computing', 'Computations Completed'), True)
[-0.27553919 -1.2810744  -2.36738157 -3.09920645 -3.21381116]
下一阶段的初值 [3.40981841 3.47736263 3.53558755 3.55411243 3.55270243 3.5365901
 3.46109724 3.38080478 3.26520133 3.10385489 2.9691515  2.80413818
 2.69096375 2.63318682 2.49307036 2.43895221 2.51575208 2.59418654
 2.64030099 2.66386628 2.66999936]
下一阶段初值 [-0.27553919 -0.46756321 -0.66598797 -0.86776555 -1.0704577  -1.2810744
 -1.49260557 -1.70870876 -1.92877448 -2.14640164 -2.36738157 -2.57677937
 -2.77002263 -2.93400502 -3.03519845 -3.09920645 -3.14736485 -3.17936873
 -3.1961329  -3.20649624]
INFO:root:	Iter: 248/299,	J: 3.59e-04,	t: 59520.00 s,	u1: 3.59,	u2: -0.04,	u3: 2.67,\目标处水位: -321.381, 误差百分比: 0.43%, IAQ累计: 17.64	OCP-solving-time: 9.17e+00 s
i 248  t [59520]
X0 [-0.27553919 -1.2810744  -2.36738157 -3.09920645 -3.21381116]
计算初值self.q_0 [3.40981841 3.47736263 3.53558755 3.55411243 3.55270243 3.5365901
 3.46109724 3.38080478 3.26520133 3.10385489 2.9691515  2.80413818
 2.69096375 2.63318682 2.49307036 2.43895221 2.51575208 2.59418654
 2.64030099 2.66386628 2.66999936]
计算初值self.z_0 [-0.27553919 -0.46756321 -0.66598797 -0.86776555 -1.0704577  -1.2810744
 -1.49260557 -1.70870876 -1.92877448 -2.14640164 -2.36738157 -2.57677937
 -2.77002263 -2.93400502 -3.03519845 -3.09920645 -3.14736485 -3.17936873
 -3.1961329  -3.20649624]
(True, 3, ('Starting Unsteady Computations', 'Computing', 'Computations Completed'), True)
[-0.29748482 -1.27558804 -2.32897687 -3.10713124 -3.20283866]
下一阶段的初值 [3.21980667 3.30668259 3.38278985 3.44072628 3.4836657  3.4950633
 3.49234509 3.46102929 3.39782047 3.31981874 3.21144462 3.09370303
 2.95735478 2.82728171 2.78244472 2.7471478  2.66753602 2.60041952
 2.55932093 2.52742434 2.49999952]
下一阶段初值 [-0.29748482 -0.48828959 -0.68061841 -0.87508082 -1.07472479 -1.27558804
 -1.48041356 -1.68981123 -1.90012324 -2.11439753 -2.32897687 -2.54172707
 -2.73771381 -2.89956236 -3.02514005 -3.10713124 -3.15102243 -3.17510152
 -3.18973207 -3.19796157]
INFO:root:	Iter: 249/299,	J: 6.74e-04,	t: 59760.00 s,	u1: 3.41,	u2: -0.05,	u3: 2.50,\目标处水位: -320.284, 误差百分比: 0.09%, IAQ累计: 17.81	OCP-solving-time: 8.50e+00 s
i 249  t [59760]
X0 [-0.29748482 -1.27558804 -2.32897687 -3.10713124 -3.20283866]
计算初值self.q_0 [3.21980667 3.30668259 3.38278985 3.44072628 3.4836657  3.4950633
 3.49234509 3.46102929 3.39782047 3.31981874 3.21144462 3.09370303
 2.95735478 2.82728171 2.78244472 2.7471478  2.66753602 2.60041952
 2.55932093 2.52742434 2.49999952]
计算初值self.z_0 [-0.29748482 -0.48828959 -0.68061841 -0.87508082 -1.07472479 -1.27558804
 -1.48041356 -1.68981123 -1.90012324 -2.11439753 -2.32897687 -2.54172707
 -2.73771381 -2.89956236 -3.02514005 -3.10713124 -3.15102243 -3.17510152
 -3.18973207 -3.19796157]
(True, 3, ('Starting Unsteady Computations', 'Computing', 'Computations Completed'), True)
[-0.32400239 -1.28320801 -2.30611682 -3.08061385 -3.22082186]
下一阶段的初值 [3.039819   3.13336396 3.21925712 3.29028726 3.3530457  3.41175795
 3.42660451 3.44635558 3.44083095 3.39028811 3.35570192 3.26225066
 3.17280626 3.10783601 2.95207095 2.85214067 2.87464976 2.92082024
 2.93505788 2.92180586 2.90099859]
下一阶段初值 [-0.32400239 -0.51023519 -0.70043045 -0.89306402 -1.0844785  -1.28320801
 -1.48132801 -1.68280077 -1.8894552  -2.09458566 -2.30611682 -2.51094246
 -2.70601439 -2.88005543 -3.00045109 -3.08061385 -3.13852572 -3.17754006
 -3.19979048 -3.21259212]
i 250  t INFO:root:	Iter: 250/299,	J: 3.89e-04,	t: 60000.00 s,	u1: 3.22,	u2: -0.05,	u3: 2.90,\目标处水位: -322.082, 误差百分比: 0.65%, IAQ累计: 18.21	OCP-solving-time: 8.50e+00 s
[60000]
X0 [-0.32400239 -1.28320801 -2.30611682 -3.08061385 -3.22082186]
计算初值self.q_0 [3.039819   3.13336396 3.21925712 3.29028726 3.3530457  3.41175795
 3.42660451 3.44635558 3.44083095 3.39028811 3.35570192 3.26225066
 3.17280626 3.10783601 2.95207095 2.85214067 2.87464976 2.92082024
 2.93505788 2.92180586 2.90099859]
计算初值self.z_0 [-0.32400239 -0.51023519 -0.70043045 -0.89306402 -1.0844785  -1.28320801
 -1.48132801 -1.68280077 -1.8894552  -2.09458566 -2.30611682 -2.51094246
 -2.70601439 -2.88005543 -3.00045109 -3.08061385 -3.13852572 -3.17754006
 -3.19979048 -3.21259212]
(True, 3, ('Starting Unsteady Computations', 'Computing', 'Computations Completed'), True)
[-0.3493008  -1.29570484 -2.29301047 -3.07969928 -3.20771527]
下一阶段的初值 [2.84981012 2.94903541 3.04393911 3.13106728 3.21120405 3.27402496
 3.32978654 3.37137246 3.39170694 3.39740992 3.38563561 3.35253334
 3.28971529 3.22288752 3.19026661 3.16155887 3.10665822 3.04313779
 2.97905111 2.90610123 2.8259995 ]
下一阶段初值 [-0.3493008  -0.53614318 -0.7235952  -0.91196162 -1.10337603 -1.29570484
 -1.49077678 -1.68828726 -1.88762641 -2.08940411 -2.29301047 -2.49509287
 -2.68498325 -2.84988022 -2.98490644 -3.07969928 -3.13730645 -3.17022491
 -3.19003677 -3.20131445]
INFO:root:	Iter: 251/299,	J: 8.57e-04,	t: 60240.00 s,	u1: 3.04,	u2: -0.05,	u3: 2.83,\目标处水位: -320.772, 误差百分比: 0.24%, IAQ累计: 18.29	OCP-solving-time: 9.44e+00 s
i 251  t [60240]
X0 [-0.3493008  -1.29570484 -2.29301047 -3.07969928 -3.20771527]
计算初值self.q_0 [2.84981012 2.94903541 3.04393911 3.13106728 3.21120405 3.27402496
 3.32978654 3.37137246 3.39170694 3.39740992 3.38563561 3.35253334
 3.28971529 3.22288752 3.19026661 3.16155887 3.10665822 3.04313779
 2.97905111 2.90610123 2.8259995 ]
计算初值self.z_0 [-0.3493008  -0.53614318 -0.7235952  -0.91196162 -1.10337603 -1.29570484
 -1.49077678 -1.68828726 -1.88762641 -2.08940411 -2.29301047 -2.49509287
 -2.68498325 -2.84988022 -2.98490644 -3.07969928 -3.13730645 -3.17022491
 -3.19003677 -3.20131445]
(True, 3, ('Starting Unsteady Computations', 'Computing', 'Computations Completed'), True)
[-0.3752088  -1.31490731 -2.29209614 -3.06263065 -3.21564007]
下一阶段的初值 [2.68983865 2.78290582 2.87473488 2.96174669 3.04784966 3.1346097
 3.1913085  3.25959182 3.30980039 3.32840443 3.36451983 3.34859729
 3.33279085 3.33962655 3.25866008 3.19911551 3.22473097 3.25757551
 3.25332522 3.21741676 3.17400122]
下一阶段初值 [-0.3752088  -0.56022245 -0.74767441 -0.93604082 -1.1228832  -1.31490731
 -1.50571203 -1.69926    -1.89616084 -2.09153771 -2.29209614 -2.48686337
 -2.67279124 -2.84347939 -2.97240949 -3.06263065 -3.12633371 -3.1687007
 -3.19278026 -3.2068007 ]
INFO:root:	Iter: 252/299,	J: 2.91e-04,	t: 60480.00 s,	u1: 2.85,	u2: -0.04,	u3: 3.17,\目标处水位: -321.564, 误差百分比: 0.49%, IAQ累计: 18.64	OCP-solving-time: 7.56e+00 s
i 252  t [60480]
X0 [-0.3752088  -1.31490731 -2.29209614 -3.06263065 -3.21564007]
计算初值self.q_0 [2.68983865 2.78290582 2.87473488 2.96174669 3.04784966 3.1346097
 3.1913085  3.25959182 3.30980039 3.32840443 3.36451983 3.34859729
 3.33279085 3.33962655 3.25866008 3.19911551 3.22473097 3.25757551
 3.25332522 3.21741676 3.17400122]
计算初值self.z_0 [-0.3752088  -0.56022245 -0.74767441 -0.93604082 -1.1228832  -1.31490731
 -1.50571203 -1.69926    -1.89616084 -2.09153771 -2.29209614 -2.48686337
 -2.67279124 -2.84347939 -2.97240949 -3.06263065 -3.12633371 -3.1687007
 -3.19278026 -3.2068007 ]
(True, 3, ('Starting Unsteady Computations', 'Computing', 'Computations Completed'), True)
[-0.3913632  -1.33532882 -2.29697275 -3.06659269 -3.20131445]
下一阶段的初值 [2.60991883 2.66466045 2.73140192 2.80695844 2.88917351 2.96784902
 3.05057955 3.12471294 3.18544126 3.23939896 3.27924943 3.30965042
 3.31572723 3.31110287 3.33128142 3.33647203 3.29853892 3.24456406
 3.19096017 3.13368392 3.07099891]
下一阶段初值 [-0.3913632  -0.58125359 -0.77022958 -0.95798635 -1.14726722 -1.33532882
 -1.52491438 -1.71632886 -1.90835285 -2.10251045 -2.29697275 -2.48960638
 -2.67187667 -2.83281112 -2.96875191 -3.06659269 -3.12633371 -3.1607759
 -3.18150234 -3.19399929]
INFO:root:	Iter: 253/299,	J: 3.83e-04,	t: 60720.00 s,	u1: 2.69,	u2: -0.02,	u3: 3.07,\目标处水位: -320.131, 误差百分比: 0.04%, IAQ累计: 18.74	OCP-solving-time: 8.19e+00 s
i 253  t [60720]
X0 [-0.3913632  -1.33532882 -2.29697275 -3.06659269 -3.20131445]
计算初值self.q_0 [2.60991883 2.66466045 2.73140192 2.80695844 2.88917351 2.96784902
 3.05057955 3.12471294 3.18544126 3.23939896 3.27924943 3.30965042
 3.31572723 3.31110287 3.33128142 3.33647203 3.29853892 3.24456406
 3.19096017 3.13368392 3.07099891]
计算初值self.z_0 [-0.3913632  -0.58125359 -0.77022958 -0.95798635 -1.14726722 -1.33532882
 -1.52491438 -1.71632886 -1.90835285 -2.10251045 -2.29697275 -2.48960638
 -2.67187667 -2.83281112 -2.96875191 -3.06659269 -3.12633371 -3.1607759
 -3.18150234 -3.19399929]
(True, 3, ('Starting Unsteady Computations', 'Computing', 'Computations Completed'), True)
[-0.41148001 -1.35696971 -2.309165   -3.0580585  -3.20558167]
下一阶段的初值 [2.51991105 2.57636023 2.63077545 2.68646955 2.75486803 2.83070016
 2.8962357  2.97642899 3.05133843 3.1107924  3.17840743 3.21540046
 3.25426269 3.29974794 3.27947021 3.26156259 3.28849769 3.31540418
 3.31759596 3.30093455 3.28099942]
下一阶段初值 [-0.41148001 -0.59923679 -0.78851759 -0.97840804 -1.16677439 -1.35696971
 -1.54564083 -1.73553109 -1.92664087 -2.11653113 -2.309165   -2.49692178
 -2.67675352 -2.83982182 -2.96783781 -3.0580585  -3.11932325 -3.15925193
 -3.18272185 -3.19643784]
INFO:root:	Iter: 254/299,	J: 8.03e-05,	t: 60960.00 s,	u1: 2.61,	u2: -0.02,	u3: 3.28,\目标处水位: -320.558, 误差百分比: 0.17%, IAQ累计: 18.95	OCP-solving-time: 7.21e+00 s
i 254  t [60960]
X0 [-0.41148001 -1.35696971 -2.309165   -3.0580585  -3.20558167]
计算初值self.q_0 [2.51991105 2.57636023 2.63077545 2.68646955 2.75486803 2.83070016
 2.8962357  2.97642899 3.05133843 3.1107924  3.17840743 3.21540046
 3.25426269 3.29974794 3.27947021 3.26156259 3.28849769 3.31540418
 3.31759596 3.30093455 3.28099942]
计算初值self.z_0 [-0.41148001 -0.59923679 -0.78851759 -0.97840804 -1.16677439 -1.35696971
 -1.54564083 -1.73553109 -1.92664087 -2.11653113 -2.309165   -2.49692178
 -2.67675352 -2.83982182 -2.96783781 -3.0580585  -3.11932325 -3.15925193
 -3.18272185 -3.19643784]
(True, 3, ('Starting Unsteady Computations', 'Computing', 'Computations Completed'), True)
[-0.42824399 -1.37525761 -2.32379532 -3.06659269 -3.19278026]
下一阶段的初值 [2.43991923 2.49220181 2.54246593 2.59590793 2.64964461 2.70107293
 2.77256441 2.84104323 2.91080475 2.98685527 3.04536343 3.11232162
 3.1586678  3.18686271 3.24675012 3.27522826 3.25041437 3.20762467
 3.1675365  3.13900733 3.11300111]
下一阶段初值 [-0.42824399 -0.6184392  -0.80711043 -0.99547684 -1.18628156 -1.37525761
 -1.56545281 -1.7553432  -1.94462407 -2.13512397 -2.32379532 -2.51155186
 -2.6883359  -2.84256482 -2.97332406 -3.06659269 -3.1220665  -3.15376568
 -3.17296791 -3.18515992]
INFO:root:	Iter: 255/299,	J: 8.38e-05,	t: 61200.00 s,	u1: 2.52,	u2: -0.02,	u3: 3.11,\目标处水位: -319.278, 误差百分比: 0.23%, IAQ累计: 19.12	OCP-solving-time: 7.46e+00 s
i 255  t [61200]
X0 [-0.42824399 -1.37525761 -2.32379532 -3.06659269 -3.19278026]
计算初值self.q_0 [2.43991923 2.49220181 2.54246593 2.59590793 2.64964461 2.70107293
 2.77256441 2.84104323 2.91080475 2.98685527 3.04536343 3.11232162
 3.1586678  3.18686271 3.24675012 3.27522826 3.25041437 3.20762467
 3.1675365  3.13900733 3.11300111]
计算初值self.z_0 [-0.42824399 -0.6184392  -0.80711043 -0.99547684 -1.18628156 -1.37525761
 -1.56545281 -1.7553432  -1.94462407 -2.13512397 -2.32379532 -2.51155186
 -2.6883359  -2.84256482 -2.97332406 -3.06659269 -3.1220665  -3.15376568
 -3.17296791 -3.18515992]
(True, 3, ('Starting Unsteady Computations', 'Computing', 'Computations Completed'), True)
[-0.4468368  -1.39232635 -2.34208322 -3.06293511 -3.20009518]
下一阶段的初值 [2.35991883 2.41172266 2.46511769 2.51507378 2.56572104 2.62142158
 2.66628766 2.72709417 2.79333043 2.85267591 2.92570496 2.98371792
 3.04747319 3.11383653 3.12185311 3.12922096 3.17365861 3.21766305
 3.24565434 3.26131058 3.27599859]
下一阶段初值 [-0.4468368  -0.63459361 -0.82387441 -1.01346004 -1.20182645 -1.39232635
 -1.58221686 -1.77271676 -1.9635216  -2.15280247 -2.34208322 -2.52648711
 -2.70174742 -2.85841441 -2.97881031 -3.06293511 -3.11932325 -3.15589929
 -3.17754006 -3.19125605]
INFO:root:	Iter: 256/299,	J: 1.48e-04,	t: 61440.00 s,	u1: 2.44,	u2: -0.02,	u3: 3.28,\目标处水位: -320.010, 误差百分比: 0.00%, IAQ累计: 19.28	OCP-solving-time: 8.33e+00 s
i 256  t [61440]
X0 [-0.4468368  -1.39232635 -2.34208322 -3.06293511 -3.20009518]
计算初值self.q_0 [2.35991883 2.41172266 2.46511769 2.51507378 2.56572104 2.62142158
 2.66628766 2.72709417 2.79333043 2.85267591 2.92570496 2.98371792
 3.04747319 3.11383653 3.12185311 3.12922096 3.17365861 3.21766305
 3.24565434 3.26131058 3.27599859]
计算初值self.z_0 [-0.4468368  -0.63459361 -0.82387441 -1.01346004 -1.20182645 -1.39232635
 -1.58221686 -1.77271676 -1.9635216  -2.15280247 -2.34208322 -2.52648711
 -2.70174742 -2.85841441 -2.97881031 -3.06293511 -3.11932325 -3.15589929
 -3.17754006 -3.19125605]
(True, 3, ('Starting Unsteady Computations', 'Computing', 'Computations Completed'), True)
[-0.46421042 -1.4087857  -2.35915184 -3.0760417  -3.19369435]
下一阶段的初值 [2.26991129 2.32649589 2.37906146 2.43670797 2.48947859 2.53454542
 2.59066415 2.63355494 2.67959881 2.74198341 2.79671025 2.86781406
 2.9285481  2.97333694 3.04979515 3.09980536 3.09586382 3.08428788
 3.08517408 3.09509635 3.10999942]
下一阶段初值 [-0.46421042 -0.6534912  -0.84155279 -1.02991915 -1.22011435 -1.4087857
 -1.59928572 -1.78978574 -1.97998083 -2.17109036 -2.35915184 -2.54477525
 -2.71820641 -2.86694884 -2.98978329 -3.0760417  -3.12663865 -3.15589929
 -3.17418718 -3.1860745 ]
INFO:root:	Iter: 257/299,	J: 6.90e-05,	t: 61680.00 s,	u1: 2.36,	u2: -0.02,	u3: 3.11,\目标处水位: -319.369, 误差百分比: 0.20%, IAQ累计: 19.45	OCP-solving-time: 7.62e+00 s
i 257  t [61680]
X0 [-0.46421042 -1.4087857  -2.35915184 -3.0760417  -3.19369435]
计算初值self.q_0 [2.26991129 2.32649589 2.37906146 2.43670797 2.48947859 2.53454542
 2.59066415 2.63355494 2.67959881 2.74198341 2.79671025 2.86781406
 2.9285481  2.97333694 3.04979515 3.09980536 3.09586382 3.08428788
 3.08517408 3.09509635 3.10999942]
计算初值self.z_0 [-0.46421042 -0.6534912  -0.84155279 -1.02991915 -1.22011435 -1.4087857
 -1.59928572 -1.78978574 -1.97998083 -2.17109036 -2.35915184 -2.54477525
 -2.71820641 -2.86694884 -2.98978329 -3.0760417  -3.12663865 -3.15589929
 -3.17418718 -3.1860745 ]
(True, 3, ('Starting Unsteady Computations', 'Computing', 'Computations Completed'), True)
[-0.48127919 -1.42615914 -2.37530661 -3.07939434 -3.19918084]
下一阶段的初值 [2.19992709 2.24879432 2.299541   2.35069466 2.40201807 2.45628738
 2.50745678 2.55633521 2.60604358 2.65278721 2.70038939 2.75693703
 2.82137299 2.87829423 2.91656709 2.94795918 2.98053217 3.01395154
 3.04925728 3.0865562  3.1259985 ]
下一阶段初值 [-0.48127919 -0.67025518 -0.85923123 -1.04820716 -1.2368784  -1.42615914
 -1.61574483 -1.8053304  -1.9955256  -2.18602562 -2.37530661 -2.5603199
 -2.73436069 -2.88493204 -3.00075603 -3.07939434 -3.12907672 -3.15986156
 -3.1787591  -3.19095111]
INFO:root:	Iter: 258/299,	J: 1.32e-04,	t: 61920.00 s,	u1: 2.27,	u2: -0.02,	u3: 3.13,\目标处水位: -319.918, 误差百分比: 0.03%, IAQ累计: 19.46	OCP-solving-time: 7.17e+00 s
i 258  t [61920]
X0 [-0.48127919 -1.42615914 -2.37530661 -3.07939434 -3.19918084]
计算初值self.q_0 [2.19992709 2.24879432 2.299541   2.35069466 2.40201807 2.45628738
 2.50745678 2.55633521 2.60604358 2.65278721 2.70038939 2.75693703
 2.82137299 2.87829423 2.91656709 2.94795918 2.98053217 3.01395154
 3.04925728 3.0865562  3.1259985 ]
计算初值self.z_0 [-0.48127919 -0.67025518 -0.85923123 -1.04820716 -1.2368784  -1.42615914
 -1.61574483 -1.8053304  -1.9955256  -2.18602562 -2.37530661 -2.5603199
 -2.73436069 -2.88493204 -3.00075603 -3.07939434 -3.12907672 -3.15986156
 -3.1787591  -3.19095111]
(True, 3, ('Starting Unsteady Computations', 'Computing', 'Computations Completed'), True)
[-0.4828032  -1.44292331 -2.38932729 -3.09097672 -3.19582796]
下一阶段的初值 [2.23002791 2.23540568 2.2496593  2.28454185 2.32499671 2.37005782
 2.43017912 2.47511387 2.52356553 2.57879043 2.61276603 2.66937828
 2.72165871 2.75607777 2.83073616 2.88083434 2.87700009 2.86907125
 2.88157892 2.91031218 2.94300103]
下一阶段初值 [-0.4828032  -0.68000877 -0.87294722 -1.06405675 -1.25455689 -1.44292331
 -1.63311839 -1.82239926 -2.01137519 -2.20217991 -2.38932729 -2.57586479
 -2.75021029 -2.89620948 -3.0126431  -3.09097672 -3.13578248 -3.16138554
 -3.17784476 -3.1888175 ]
INFO:root:	Iter: 259/299,	J: 5.62e-05,	t: 62160.00 s,	u1: 2.20,	u2: 0.01,	u3: 2.94,\目标处水位: -319.583, 误差百分比: 0.13%, IAQ累计: 19.64	OCP-solving-time: 6.85e+00 s
i 259  t [62160]
X0 [-0.4828032  -1.44292331 -2.38932729 -3.09097672 -3.19582796]
计算初值self.q_0 [2.23002791 2.23540568 2.2496593  2.28454185 2.32499671 2.37005782
 2.43017912 2.47511387 2.52356553 2.57879043 2.61276603 2.66937828
 2.72165871 2.75607777 2.83073616 2.88083434 2.87700009 2.86907125
 2.88157892 2.91031218 2.94300103]
计算初值self.z_0 [-0.4828032  -0.68000877 -0.87294722 -1.06405675 -1.25455689 -1.44292331
 -1.63311839 -1.82239926 -2.01137519 -2.20217991 -2.38932729 -2.57586479
 -2.75021029 -2.89620948 -3.0126431  -3.09097672 -3.13578248 -3.16138554
 -3.17784476 -3.1888175 ]
(True, 3, ('Starting Unsteady Computations', 'Computing', 'Computations Completed'), True)
[-0.48249838 -1.45785844 -2.40456724 -3.09493923 -3.19918084]
下一阶段的初值 [2.25001931 2.24719501 2.25093269 2.26527953 2.28586292 2.31663942
 2.35707378 2.39794898 2.44645357 2.49761677 2.53990936 2.58771443
 2.6378417  2.67811561 2.71774125 2.74916744 2.7701776  2.79156446
 2.81902838 2.85479689 2.89600062]
下一阶段初值 [-0.48249838 -0.68122798 -0.87782407 -1.072896   -1.26613915 -1.45785844
 -1.64866316 -1.83855367 -2.02813911 -2.2174201  -2.40456724 -2.58958101
 -2.76392627 -2.91144967 -3.0220921  -3.09493923 -3.13883042 -3.16534805
 -3.18180728 -3.19217038]
INFO:root:	Iter: 260/299,	J: 7.38e-05,	t: 62400.00 s,	u1: 2.23,	u2: 0.01,	u3: 2.90,\目标处水位: -319.918, 误差百分比: 0.03%, IAQ累计: 19.69	OCP-solving-time: 6.67e+00 s
i 260  t [62400]
X0 [-0.48249838 -1.45785844 -2.40456724 -3.09493923 -3.19918084]
计算初值self.q_0 [2.25001931 2.24719501 2.25093269 2.26527953 2.28586292 2.31663942
 2.35707378 2.39794898 2.44645357 2.49761677 2.53990936 2.58771443
 2.6378417  2.67811561 2.71774125 2.74916744 2.7701776  2.79156446
 2.81902838 2.85479689 2.89600062]
计算初值self.z_0 [-0.48249838 -0.68122798 -0.87782407 -1.072896   -1.26613915 -1.45785844
 -1.64866316 -1.83855367 -2.02813911 -2.2174201  -2.40456724 -2.58958101
 -2.76392627 -2.91144967 -3.0220921  -3.09493923 -3.13883042 -3.16534805
 -3.18180728 -3.19217038]
(True, 3, ('Starting Unsteady Computations', 'Computing', 'Computations Completed'), True)
[-0.47823122 -1.46639276 -2.4195025  -3.10377836 -3.1961329 ]
下一阶段的初值 [2.28003168 2.26885629 2.26074791 2.26550031 2.27316284 2.28639317
 2.31885314 2.34384322 2.3819344  2.43031192 2.46308422 2.51364112
 2.55578566 2.58483386 2.64602566 2.68284273 2.67694449 2.66944218
 2.6777184  2.70265794 2.72999954]
下一阶段初值 [-0.47823122 -0.68000877 -0.8787384  -1.07624876 -1.27314961 -1.46639276
 -1.66055036 -1.85196483 -2.04246497 -2.23326969 -2.4195025  -2.60360169
 -2.77642322 -2.92120314 -3.03215051 -3.10377836 -3.14370728 -3.16656733
 -3.18089271 -3.19034171]
INFO:root:	Iter: 261/299,	J: 3.33e-05,	t: 62640.00 s,	u1: 2.25,	u2: 0.01,	u3: 2.73,\目标处水位: -319.613, 误差百分比: 0.12%, IAQ累计: 19.86	OCP-solving-time: 7.55e+00 s
i 261  t [62640]
X0 [-0.47823122 -1.46639276 -2.4195025  -3.10377836 -3.1961329 ]
计算初值self.q_0 [2.28003168 2.26885629 2.26074791 2.26550031 2.27316284 2.28639317
 2.31885314 2.34384322 2.3819344  2.43031192 2.46308422 2.51364112
 2.55578566 2.58483386 2.64602566 2.68284273 2.67694449 2.66944218
 2.6777184  2.70265794 2.72999954]
计算初值self.z_0 [-0.47823122 -0.68000877 -0.8787384  -1.07624876 -1.27314961 -1.46639276
 -1.66055036 -1.85196483 -2.04246497 -2.23326969 -2.4195025  -2.60360169
 -2.77642322 -2.92120314 -3.03215051 -3.10377836 -3.14370728 -3.16656733
 -3.18089271 -3.19034171]
(True, 3, ('Starting Unsteady Computations', 'Computing', 'Computations Completed'), True)
[-0.4748784  -1.47187924 -2.43321848 -3.10621691 -3.19948554]
下一阶段的初值 [2.30001926 2.28952122 2.28097463 2.27709842 2.27545738 2.28166628
 2.29567337 2.31261325 2.34073257 2.37355185 2.40462732 2.4464016
 2.48660374 2.51698208 2.54827809 2.57291985 2.59198785 2.61101365
 2.63402557 2.66447997 2.69699931]
下一阶段初值 [-0.4748784  -0.67665601 -0.87690961 -1.07655358 -1.2749784  -1.47187924
 -1.66756094 -1.8614136  -2.05435205 -2.2457664  -2.43321848 -2.6164031
 -2.78861523 -2.93400502 -3.03946567 -3.10621691 -3.14614558 -3.16961527
 -3.18424559 -3.19338965]
i 262  t INFO:root:	Iter: 262/299,	J: 5.11e-05,	t: 62880.00 s,	u1: 2.28,	u2: 0.01,	u3: 2.70,\目标处水位: -319.949, 误差百分比: 0.02%, IAQ累计: 19.89	OCP-solving-time: 6.38e+00 s
[62880]
X0 [-0.4748784  -1.47187924 -2.43321848 -3.10621691 -3.19948554]
计算初值self.q_0 [2.30001926 2.28952122 2.28097463 2.27709842 2.27545738 2.28166628
 2.29567337 2.31261325 2.34073257 2.37355185 2.40462732 2.4464016
 2.48660374 2.51698208 2.54827809 2.57291985 2.59198785 2.61101365
 2.63402557 2.66447997 2.69699931]
计算初值self.z_0 [-0.4748784  -0.67665601 -0.87690961 -1.07655358 -1.2749784  -1.47187924
 -1.66756094 -1.8614136  -2.05435205 -2.2457664  -2.43321848 -2.6164031
 -2.78861523 -2.93400502 -3.03946567 -3.10621691 -3.14614558 -3.16961527
 -3.18424559 -3.19338965]
(True, 3, ('Starting Unsteady Computations', 'Computing', 'Computations Completed'), True)
[-0.469392   -1.47309852 -2.44419122 -3.11383677 -3.19735193]
下一阶段的初值 [2.33003139 2.31479573 2.30004883 2.29385042 2.28699517 2.28311896
 2.29368329 2.29773068 2.31444001 2.34082007 2.35879636 2.39631152
 2.42501879 2.44249582 2.48985076 2.51985741 2.51565218 2.50909185
 2.51831269 2.54386735 2.56599927]
下一阶段初值 [-0.469392   -0.67269361 -0.87416643 -1.07472479 -1.27528322 -1.47309852
 -1.67152333 -1.86720479 -2.0619719  -2.25552011 -2.44419122 -2.62859511
 -2.79928327 -2.94192982 -3.04769516 -3.11383677 -3.15041304 -3.1708343
 -3.18394089 -3.19217038]
INFO:root:	Iter: 263/299,	J: 2.45e-05,	t: 63120.00 s,	u1: 2.30,	u2: 0.01,	u3: 2.57,\目标处水位: -319.735, 误差百分比: 0.08%, IAQ累计: 20.02	OCP-solving-time: 6.92e+00 s
i 263  t [63120]
X0 [-0.469392   -1.47309852 -2.44419122 -3.11383677 -3.19735193]
计算初值self.q_0 [2.33003139 2.31479573 2.30004883 2.29385042 2.28699517 2.28311896
 2.29368329 2.29773068 2.31444001 2.34082007 2.35879636 2.39631152
 2.42501879 2.44249582 2.48985076 2.51985741 2.51565218 2.50909185
 2.51831269 2.54386735 2.56599927]
计算初值self.z_0 [-0.469392   -0.67269361 -0.87416643 -1.07472479 -1.27528322 -1.47309852
 -1.67152333 -1.86720479 -2.0619719  -2.25552011 -2.44419122 -2.62859511
 -2.79928327 -2.94192982 -3.04769516 -3.11383677 -3.15041304 -3.1708343
 -3.18394089 -3.19217038]
(True, 3, ('Starting Unsteady Computations', 'Computing', 'Computations Completed'), True)
[-0.4654296  -1.47279358 -2.45242071 -3.11536074 -3.20161915]
下一阶段的初值 [2.35001922 2.3373611  2.32488775 2.31430864 2.30380225 2.29756761
 2.29570198 2.2961545  2.30475831 2.31837177 2.33304787 2.3563416
 2.38216472 2.40124774 2.41888976 2.43530607 2.45222759 2.47172141
 2.49386811 2.52163863 2.55299926]
下一阶段初值 [-0.4654296  -0.66812158 -0.87020403 -1.07167685 -1.27284491 -1.47279358
 -1.67213285 -1.87025285 -2.06684875 -2.26161599 -2.45242071 -2.63682485
 -2.8078177  -2.95137835 -3.05287671 -3.11536074 -3.15224171 -3.17418718
 -3.18759847 -3.1961329 ]
INFO:root:	Iter: 264/299,	J: 3.25e-05,	t: 63360.00 s,	u1: 2.33,	u2: 0.01,	u3: 2.55,\目标处水位: -320.162, 误差百分比: 0.05%, IAQ累计: 20.03	OCP-solving-time: 6.48e+00 s
i 264  t [63360]
X0 [-0.4654296  -1.47279358 -2.45242071 -3.11536074 -3.20161915]
计算初值self.q_0 [2.35001922 2.3373611  2.32488775 2.31430864 2.30380225 2.29756761
 2.29570198 2.2961545  2.30475831 2.31837177 2.33304787 2.3563416
 2.38216472 2.40124774 2.41888976 2.43530607 2.45222759 2.47172141
 2.49386811 2.52163863 2.55299926]
计算初值self.z_0 [-0.4654296  -0.66812158 -0.87020403 -1.07167685 -1.27284491 -1.47279358
 -1.67213285 -1.87025285 -2.06684875 -2.26161599 -2.45242071 -2.63682485
 -2.8078177  -2.95137835 -3.05287671 -3.11536074 -3.15224171 -3.17418718
 -3.18759847 -3.1961329 ]
(True, 3, ('Starting Unsteady Computations', 'Computing', 'Computations Completed'), True)
[-0.45567602 -1.47035515 -2.4572978  -3.12145686 -3.19948554]
下一阶段的初值 [2.41006017 2.38140225 2.35437751 2.33841014 2.32327175 2.31093097
 2.31059861 2.302912   2.30447507 2.31319547 2.31539416 2.33670211
 2.35089588 2.35557175 2.39235759 2.4134655  2.40222383 2.39357209
 2.3962121  2.41195989 2.43099952]
下一阶段初值 [-0.45567602 -0.66141605 -0.86502242 -1.06771445 -1.27010155 -1.47035515
 -1.67152333 -1.87055767 -2.06867766 -2.26557851 -2.4572978  -2.64383507
 -2.81452322 -2.95534086 -3.05836344 -3.12145686 -3.15589929 -3.17510152
 -3.18698883 -3.19460893]
INFO:root:	Iter: 265/299,	J: 2.65e-05,	t: 63600.00 s,	u1: 2.35,	u2: 0.02,	u3: 2.43,\目标处水位: -319.949, 误差百分比: 0.02%, IAQ累计: 20.16	OCP-solving-time: 7.48e+00 s
i 265  t [63600]
X0 [-0.45567602 -1.47035515 -2.4572978  -3.12145686 -3.19948554]
计算初值self.q_0 [2.41006017 2.38140225 2.35437751 2.33841014 2.32327175 2.31093097
 2.31059861 2.302912   2.30447507 2.31319547 2.31539416 2.33670211
 2.35089588 2.35557175 2.39235759 2.4134655  2.40222383 2.39357209
 2.3962121  2.41195989 2.43099952]
计算初值self.z_0 [-0.45567602 -0.66141605 -0.86502242 -1.06771445 -1.27010155 -1.47035515
 -1.67152333 -1.87055767 -2.06867766 -2.26557851 -2.4572978  -2.64383507
 -2.81452322 -2.95534086 -3.05836344 -3.12145686 -3.15589929 -3.17510152
 -3.18698883 -3.19460893]
(True, 3, ('Starting Unsteady Computations', 'Computing', 'Computations Completed'), True)
[-0.44256961 -1.46700251 -2.46065044 -3.12084723 -3.20314312]
下一阶段的初值 [2.49007964 2.44816685 2.41239882 2.38186145 2.35683632 2.33962035
 2.32595229 2.31676292 2.31298709 2.31219959 2.31444383 2.32224107
 2.3349669  2.34326816 2.34512305 2.35142708 2.36549926 2.38247919
 2.40103531 2.42113161 2.44199967]
下一阶段初值 [-0.44256961 -0.64983362 -0.85587841 -1.06070399 -1.26431036 -1.46700251
 -1.66877997 -1.86933839 -2.06898236 -2.26649284 -2.46065044 -2.64718819
 -2.81909513 -2.96204662 -3.06049705 -3.12084723 -3.15650892 -3.17784476
 -3.19034171 -3.19826651]
INFO:root:	Iter: 266/299,	J: 2.64e-05,	t: 63840.00 s,	u1: 2.41,	u2: 0.02,	u3: 2.44,\目标处水位: -320.314, 误差百分比: 0.10%, IAQ累计: 20.17	OCP-solving-time: 6.65e+00 s
i 266  t [63840]
X0 [-0.44256961 -1.46700251 -2.46065044 -3.12084723 -3.20314312]
计算初值self.q_0 [2.49007964 2.44816685 2.41239882 2.38186145 2.35683632 2.33962035
 2.32595229 2.31676292 2.31298709 2.31219959 2.31444383 2.32224107
 2.3349669  2.34326816 2.34512305 2.35142708 2.36549926 2.38247919
 2.40103531 2.42113161 2.44199967]
计算初值self.z_0 [-0.44256961 -0.64983362 -0.85587841 -1.06070399 -1.26431036 -1.46700251
 -1.66877997 -1.86933839 -2.06898236 -2.26649284 -2.46065044 -2.64718819
 -2.81909513 -2.96204662 -3.06049705 -3.12084723 -3.15650892 -3.17784476
 -3.19034171 -3.19826651]
(True, 3, ('Starting Unsteady Computations', 'Computing', 'Computations Completed'), True)
[-0.42854881 -1.45999205 -2.46095538 -3.12511444 -3.20100951]
下一阶段的初值 [2.56007195 2.51935697 2.47813463 2.44493246 2.4116683  2.38093543
 2.36242366 2.34119201 2.32931399 2.32519913 2.316679   2.32275248
 2.32391739 2.32048154 2.34503913 2.35674572 2.34232903 2.33150721
 2.33030653 2.33761954 2.34599972]
下一阶段初值 [-0.42854881 -0.63703197 -0.8436864  -1.05003595 -1.25577593 -1.45999205
 -1.66390324 -1.86598563 -2.06684875 -2.26618791 -2.46095538 -2.64962649
 -2.82122874 -2.96235108 -3.06384969 -3.12511444 -3.15894723 -3.17754006
 -3.18912244 -3.19643784]
INFO:root:	Iter: 267/299,	J: 4.48e-05,	t: 64080.00 s,	u1: 2.49,	u2: 0.02,	u3: 2.35,\目标处水位: -320.101, 误差百分比: 0.03%, IAQ累计: 20.26	OCP-solving-time: 6.58e+00 s
i 267  t [64080]
X0 [-0.42854881 -1.45999205 -2.46095538 -3.12511444 -3.20100951]
计算初值self.q_0 [2.56007195 2.51935697 2.47813463 2.44493246 2.4116683  2.38093543
 2.36242366 2.34119201 2.32931399 2.32519913 2.316679   2.32275248
 2.32391739 2.32048154 2.34503913 2.35674572 2.34232903 2.33150721
 2.33030653 2.33761954 2.34599972]
计算初值self.z_0 [-0.42854881 -0.63703197 -0.8436864  -1.05003595 -1.25577593 -1.45999205
 -1.66390324 -1.86598563 -2.06684875 -2.26618791 -2.46095538 -2.64962649
 -2.82122874 -2.96235108 -3.06384969 -3.12511444 -3.15894723 -3.17754006
 -3.18912244 -3.19643784]
(True, 3, ('Starting Unsteady Computations', 'Computing', 'Computations Completed'), True)
[-0.41361362 -1.45054317 -2.45973587 -3.12328553 -3.20375276]
下一阶段的初值 [2.64007998 2.59350204 2.55066824 2.50911999 2.47121453 2.4387362
 2.40788579 2.38292909 2.36243653 2.34580112 2.33466816 2.32820129
 2.32869554 2.32787418 2.31987953 2.31893134 2.32822895 2.33870244
 2.34879994 2.35918307 2.36999965]
下一阶段初值 [-0.41361362 -0.6224016  -0.83058    -1.03814876 -1.24449849 -1.45054317
 -1.65567362 -1.85958481 -2.06227684 -2.26283526 -2.45973587 -2.64871192
 -2.82214308 -2.96539927 -3.06354475 -3.12328553 -3.15864253 -3.17936873
 -3.19156075 -3.1988759 ]
INFO:root:	Iter: 268/299,	J: 3.60e-05,	t: 64320.00 s,	u1: 2.56,	u2: 0.02,	u3: 2.37,\目标处水位: -320.375, 误差百分比: 0.12%, IAQ累计: 20.29	OCP-solving-time: 6.42e+00 s
i 268  t [64320]
X0 [-0.41361362 -1.45054317 -2.45973587 -3.12328553 -3.20375276]
计算初值self.q_0 [2.64007998 2.59350204 2.55066824 2.50911999 2.47121453 2.4387362
 2.40788579 2.38292909 2.36243653 2.34580112 2.33466816 2.32820129
 2.32869554 2.32787418 2.31987953 2.31893134 2.32822895 2.33870244
 2.34879994 2.35918307 2.36999965]
计算初值self.z_0 [-0.41361362 -0.6224016  -0.83058    -1.03814876 -1.24449849 -1.45054317
 -1.65567362 -1.85958481 -2.06227684 -2.26283526 -2.45973587 -2.64871192
 -2.82214308 -2.96539927 -3.06354475 -3.12328553 -3.15864253 -3.17936873
 -3.19156075 -3.1988759 ]
(True, 3, ('Starting Unsteady Computations', 'Computing', 'Computations Completed'), True)
[-0.39745921 -1.43896091 -2.45546865 -3.12541914 -3.20192409]
下一阶段的初值 [2.72007966 2.67294574 2.62533736 2.58284378 2.54071259 2.500139
 2.46722126 2.43337655 2.40573835 2.38447809 2.36296058 2.35131598
 2.33955383 2.32921839 2.33706403 2.33920312 2.3273356  2.31794
 2.31473374 2.31538391 2.31599927]
下一阶段初值 [-0.39745921 -0.60716158 -0.81594962 -1.02412796 -1.23230648 -1.43896091
 -1.64561522 -1.85074568 -2.05465698 -2.25734878 -2.45546865 -2.64657831
 -2.82031441 -2.96326566 -3.06415462 -3.12541914 -3.15955687 -3.1787591
 -3.19034171 -3.19765687]
INFO:root:	Iter: 269/299,	J: 6.11e-05,	t: 64560.00 s,	u1: 2.64,	u2: 0.02,	u3: 2.32,\目标处水位: -320.192, 误差百分比: 0.06%, IAQ累计: 20.34	OCP-solving-time: 7.00e+00 s
i 269  t [64560]
X0 [-0.39745921 -1.43896091 -2.45546865 -3.12541914 -3.20192409]
计算初值self.q_0 [2.72007966 2.67294574 2.62533736 2.58284378 2.54071259 2.500139
 2.46722126 2.43337655 2.40573835 2.38447809 2.36296058 2.35131598
 2.33955383 2.32921839 2.33706403 2.33920312 2.3273356  2.31794
 2.31473374 2.31538391 2.31599927]
计算初值self.z_0 [-0.39745921 -0.60716158 -0.81594962 -1.02412796 -1.23230648 -1.43896091
 -1.64561522 -1.85074568 -2.05465698 -2.25734878 -2.45546865 -2.64657831
 -2.82031441 -2.96326566 -3.06415462 -3.12541914 -3.15955687 -3.1787591
 -3.19034171 -3.19765687]
(True, 3, ('Starting Unsteady Computations', 'Computing', 'Computations Completed'), True)
[-0.38313359 -1.42615914 -2.44906807 -3.1226759  -3.20405769]
下一阶段的初值 [2.79007173 2.74527264 2.70229006 2.65740371 2.6135006  2.57233548
 2.53031468 2.49405551 2.46078134 2.42986941 2.40557384 2.38256454
 2.36772156 2.35710216 2.33883977 2.33055592 2.33617806 2.34242344
 2.3470819  2.35057783 2.35299945]
下一阶段初值 [-0.38313359 -0.59192163 -0.80101442 -1.00980246 -1.21798086 -1.42615914
 -1.63342333 -1.84007764 -2.04551291 -2.24881434 -2.44906807 -2.64078712
 -2.81665683 -2.96265602 -3.06202078 -3.1226759  -3.15864253 -3.17967367
 -3.19217038 -3.19948554]
iINFO:root:	Iter: 270/299,	J: 5.05e-05,	t: 64800.00 s,	u1: 2.72,	u2: 0.02,	u3: 2.35,\目标处水位: -320.406, 误差百分比: 0.13%, IAQ累计: 20.38	OCP-solving-time: 5.82e+00 s
 270  t [64800]
X0 [-0.38313359 -1.42615914 -2.44906807 -3.1226759  -3.20405769]
计算初值self.q_0 [2.79007173 2.74527264 2.70229006 2.65740371 2.6135006  2.57233548
 2.53031468 2.49405551 2.46078134 2.42986941 2.40557384 2.38256454
 2.36772156 2.35710216 2.33883977 2.33055592 2.33617806 2.34242344
 2.3470819  2.35057783 2.35299945]
计算初值self.z_0 [-0.38313359 -0.59192163 -0.80101442 -1.00980246 -1.21798086 -1.42615914
 -1.63342333 -1.84007764 -2.04551291 -2.24881434 -2.44906807 -2.64078712
 -2.81665683 -2.96265602 -3.06202078 -3.1226759  -3.15864253 -3.17967367
 -3.19217038 -3.19948554]
(True, 3, ('Starting Unsteady Computations', 'Computing', 'Computations Completed'), True)
[-0.37094161 -1.41213834 -2.4402287  -3.1226759  -3.20283866]
下一阶段的初值 [2.85005951 2.80971026 2.76698399 2.72768021 2.68550754 2.64195061
 2.60135531 2.55994725 2.52192831 2.48776484 2.45527339 2.42813134
 2.40304327 2.38419962 2.37751842 2.3701911  2.35813498 2.34799337
 2.34082699 2.33492565 2.32899976]
下一阶段初值 [-0.37094161 -0.57881522 -0.78699362 -0.99517202 -1.20396006 -1.41213834
 -1.62001204 -1.82758081 -2.0339303  -2.23875594 -2.4402287  -2.63377666
 -2.810256   -2.95716953 -3.06019211 -3.1226759  -3.15833783 -3.1787591
 -3.19095111 -3.19826651]
INFO:root:	Iter: 271/299,	J: 7.98e-05,	t: 65040.00 s,	u1: 2.79,	u2: 0.02,	u3: 2.33,\目标处水位: -320.284, 误差百分比: 0.09%, IAQ累计: 20.40	OCP-solving-time: 6.97e+00 s
i 271  t [65040]
X0 [-0.37094161 -1.41213834 -2.4402287  -3.1226759  -3.20283866]
计算初值self.q_0 [2.85005951 2.80971026 2.76698399 2.72768021 2.68550754 2.64195061
 2.60135531 2.55994725 2.52192831 2.48776484 2.45527339 2.42813134
 2.40304327 2.38419962 2.37751842 2.3701911  2.35813498 2.34799337
 2.34082699 2.33492565 2.32899976]
计算初值self.z_0 [-0.37094161 -0.57881522 -0.78699362 -0.99517202 -1.20396006 -1.41213834
 -1.62001204 -1.82758081 -2.0339303  -2.23875594 -2.4402287  -2.63377666
 -2.810256   -2.95716953 -3.06019211 -3.1226759  -3.15833783 -3.1787591
 -3.19095111 -3.19826651]
(True, 3, ('Starting Unsteady Computations', 'Computing', 'Computations Completed'), True)
[-0.36271203 -1.39842236 -2.4295609  -3.11871386 -3.20466733]
下一阶段的初值 [2.90004706 2.8678112  2.83084011 2.78780961 2.74892688 2.71089911
 2.66762161 2.62900877 2.58907223 2.5491693  2.51600051 2.47960854
 2.45236278 2.43368173 2.40489984 2.38867617 2.39312363 2.39787054
 2.39665604 2.3922224  2.38699961]
下一阶段初值 [-0.36271203 -0.56814718 -0.77480161 -0.98206556 -1.19024396 -1.39842236
 -1.60629606 -1.81447446 -2.02143359 -2.22686887 -2.4295609  -2.62371826
 -2.80263591 -2.95290232 -3.05592489 -3.11871386 -3.15681386 -3.17906404
 -3.19217038 -3.19979048]
INFO:root:	Iter: 272/299,	J: 7.14e-05,	t: 65280.00 s,	u1: 2.85,	u2: 0.01,	u3: 2.39,\目标处水位: -320.467, 误差百分比: 0.15%, IAQ累计: 20.46	OCP-solving-time: 6.69e+00 s
i 272  t [65280]
X0 [-0.36271203 -1.39842236 -2.4295609  -3.11871386 -3.20466733]
计算初值self.q_0 [2.90004706 2.8678112  2.83084011 2.78780961 2.74892688 2.71089911
 2.66762161 2.62900877 2.58907223 2.5491693  2.51600051 2.47960854
 2.45236278 2.43368173 2.40489984 2.38867617 2.39312363 2.39787054
 2.39665604 2.3922224  2.38699961]
计算初值self.z_0 [-0.36271203 -0.56814718 -0.77480161 -0.98206556 -1.19024396 -1.39842236
 -1.60629606 -1.81447446 -2.02143359 -2.22686887 -2.4295609  -2.62371826
 -2.80263591 -2.95290232 -3.05592489 -3.11871386 -3.15681386 -3.17906404
 -3.19217038 -3.19979048]
(True, 3, ('Starting Unsteady Computations', 'Computing', 'Computations Completed'), True)
[-0.35387281 -1.38531601 -2.41736889 -3.11718965 -3.20497203]
下一阶段的初值 [2.96005917 2.92676973 2.89112735 2.85285425 2.81240392 2.7715435
 2.73193455 2.69430041 2.65436316 2.61405945 2.57822728 2.53992152
 2.50785685 2.4847374  2.46097922 2.44595432 2.44152117 2.43836737
 2.43222904 2.42402291 2.41499925]
下一阶段初值 [-0.35387281 -0.55900323 -0.76474321 -0.970788   -1.17774725 -1.38531601
 -1.59318972 -1.80106318 -2.00832725 -2.21406722 -2.41736889 -2.61274552
 -2.79349208 -2.94528246 -3.05165768 -3.11718965 -3.15620399 -3.1787591
 -3.19186568 -3.20009518]
INFO:root:	Iter: 273/299,	J: 9.41e-05,	t: 65520.00 s,	u1: 2.90,	u2: 0.02,	u3: 2.41,\目标处水位: -320.497, 误差百分比: 0.16%, IAQ累计: 20.49	OCP-solving-time: 7.40e+00 s
i 273  t [65520]
X0 [-0.35387281 -1.38531601 -2.41736889 -3.11718965 -3.20497203]
计算初值self.q_0 [2.96005917 2.92676973 2.89112735 2.85285425 2.81240392 2.7715435
 2.73193455 2.69430041 2.65436316 2.61405945 2.57822728 2.53992152
 2.50785685 2.4847374  2.46097922 2.44595432 2.44152117 2.43836737
 2.43222904 2.42402291 2.41499925]
计算初值self.z_0 [-0.35387281 -0.55900323 -0.76474321 -0.970788   -1.17774725 -1.38531601
 -1.59318972 -1.80106318 -2.00832725 -2.21406722 -2.41736889 -2.61274552
 -2.79349208 -2.94528246 -3.05165768 -3.11718965 -3.15620399 -3.1787591
 -3.19186568 -3.20009518]
(True, 3, ('Starting Unsteady Computations', 'Computing', 'Computations Completed'), True)
[-0.34625283 -1.3728193  -2.40487194 -3.11353207 -3.2061913 ]
下一阶段的初值 [3.01004958 2.980685   2.95007443 2.91610289 2.88122201 2.84110856
 2.79604769 2.75859141 2.71894908 2.67794704 2.64337349 2.60207844
 2.57025051 2.5470686  2.51469398 2.49611712 2.4940412  2.49366021
 2.4893322  2.47965527 2.46999955]
下一阶段初值 [-0.34625283 -0.5504688  -0.75529438 -0.9607296  -1.16616476 -1.3728193
 -1.57977843 -1.78795683 -1.99522078 -2.20096087 -2.40487194 -2.60085845
 -2.78404307 -2.9385767  -3.04617143 -3.11353207 -3.15437531 -3.17845464
 -3.19247532 -3.20100951]
INFO:root:	Iter: 274/299,	J: 1.00e-04,	t: 65760.00 s,	u1: 2.96,	u2: 0.01,	u3: 2.47,\目标处水位: -320.619, 误差百分比: 0.19%, IAQ累计: 20.54	OCP-solving-time: 6.48e+00 s
i 274  t [65760]
X0 [-0.34625283 -1.3728193  -2.40487194 -3.11353207 -3.2061913 ]
计算初值self.q_0 [3.01004958 2.980685   2.95007443 2.91610289 2.88122201 2.84110856
 2.79604769 2.75859141 2.71894908 2.67794704 2.64337349 2.60207844
 2.57025051 2.5470686  2.51469398 2.49611712 2.4940412  2.49366021
 2.4893322  2.47965527 2.46999955]
计算初值self.z_0 [-0.34625283 -0.5504688  -0.75529438 -0.9607296  -1.16616476 -1.3728193
 -1.57977843 -1.78795683 -1.99522078 -2.20096087 -2.40487194 -2.60085845
 -2.78404307 -2.9385767  -3.04617143 -3.11353207 -3.15437531 -3.17845464
 -3.19247532 -3.20100951]
(True, 3, ('Starting Unsteady Computations', 'Computing', 'Computations Completed'), True)
[-0.33863279 -1.36245596 -2.39207053 -3.11048412 -3.2061913 ]
下一阶段的初值 [3.06005144 3.03216243 3.00308084 2.97243071 2.94099045 2.90676975
 2.86796117 2.82797074 2.78389692 2.74167228 2.70679426 2.66954279
 2.63511252 2.6068337  2.57654715 2.55889416 2.5543406  2.55007124
 2.54219913 2.52942657 2.51499987]
下一阶段初值 [-0.33863279 -0.54284883 -0.74736959 -0.95189041 -1.15671599 -1.36245596
 -1.56819606 -1.77515519 -1.98211432 -2.18785453 -2.39207053 -2.58988547
 -2.77459431 -2.9306519  -3.0406847  -3.11048412 -3.1528511  -3.17784476
 -3.19247532 -3.20100951]
INFO:root:	Iter: 275/299,	J: 1.20e-04,	t: 66000.00 s,	u1: 3.01,	u2: 0.01,	u3: 2.51,\目标处水位: -320.619, 误差百分比: 0.19%, IAQ累计: 20.59	OCP-solving-time: 7.54e+00 s
i 275  t [66000]
X0 [-0.33863279 -1.36245596 -2.39207053 -3.11048412 -3.2061913 ]
计算初值self.q_0 [3.06005144 3.03216243 3.00308084 2.97243071 2.94099045 2.90676975
 2.86796117 2.82797074 2.78389692 2.74167228 2.70679426 2.66954279
 2.63511252 2.6068337  2.57654715 2.55889416 2.5543406  2.55007124
 2.54219913 2.52942657 2.51499987]
计算初值self.z_0 [-0.33863279 -0.54284883 -0.74736959 -0.95189041 -1.15671599 -1.36245596
 -1.56819606 -1.77515519 -1.98211432 -2.18785453 -2.39207053 -2.58988547
 -2.77459431 -2.9306519  -3.0406847  -3.11048412 -3.1528511  -3.17784476
 -3.19247532 -3.20100951]
(True, 3, ('Starting Unsteady Computations', 'Computing', 'Computations Completed'), True)
[-0.34107119 -1.35331202 -2.37987852 -3.10652184 -3.20710564]
下一阶段的初值 [3.00995064 3.02217484 3.02328777 3.01484084 2.99495387 2.96779251
 2.93076539 2.89488792 2.85554433 2.81090069 2.77284384 2.733078
 2.70011473 2.67436051 2.63999891 2.617733   2.61446834 2.61318445
 2.60546184 2.59140062 2.57699919]
下一阶段初值 [-0.34107119 -0.54071522 -0.74218798 -0.94488001 -1.14818156 -1.35331202
 -1.55813766 -1.76418245 -1.97022724 -2.17505288 -2.37987852 -2.57952261
 -2.76514554 -2.92242241 -3.03489351 -3.10652184 -3.1507175  -3.17723513
 -3.19247532 -3.20131445]
INFO:root:	Iter: 276/299,	J: 1.18e-04,	t: 66240.00 s,	u1: 3.06,	u2: -0.01,	u3: 2.58,\目标处水位: -320.711, 误差百分比: 0.22%, IAQ累计: 20.65	OCP-solving-time: 6.89e+00 s
i 276  t [66240]
X0 [-0.34107119 -1.35331202 -2.37987852 -3.10652184 -3.20710564]
计算初值self.q_0 [3.00995064 3.02217484 3.02328777 3.01484084 2.99495387 2.96779251
 2.93076539 2.89488792 2.85554433 2.81090069 2.77284384 2.733078
 2.70011473 2.67436051 2.63999891 2.617733   2.61446834 2.61318445
 2.60546184 2.59140062 2.57699919]
计算初值self.z_0 [-0.34107119 -0.54071522 -0.74218798 -0.94488001 -1.14818156 -1.35331202
 -1.55813766 -1.76418245 -1.97022724 -2.17505288 -2.37987852 -2.57952261
 -2.76514554 -2.92242241 -3.03489351 -3.10652184 -3.1507175  -3.17723513
 -3.19247532 -3.20131445]
(True, 3, ('Starting Unsteady Computations', 'Computing', 'Computations Completed'), True)
[-0.34747201 -1.34721601 -2.36890554 -3.10316873 -3.20588636]
下一阶段的初值 [2.94993854 2.9743619  2.99230051 3.0018208  3.00291657 2.99520588
 2.97659612 2.95307612 2.92179728 2.88479567 2.8495357  2.80872631
 2.76852608 2.73793626 2.7073555  2.68441939 2.67363    2.66438055
 2.65166306 2.63340664 2.61199951]
下一阶段初值 [-0.34747201 -0.54498237 -0.74371201 -0.9436608  -1.1445241  -1.34721601
 -1.55051756 -1.75473356 -1.95986402 -2.16438484 -2.36890554 -2.56946421
 -2.75569701 -2.91358328 -3.02910233 -3.10316873 -3.14858413 -3.17540646
 -3.19095111 -3.20040011]
i 277  t INFO:root:	Iter: 277/299,	J: 1.35e-04,	t: 66480.00 s,	u1: 3.01,	u2: -0.01,	u3: 2.61,\目标处水位: -320.589, 误差百分比: 0.18%, IAQ累计: 20.69	OCP-solving-time: 6.61e+00 s
[66480]
X0 [-0.34747201 -1.34721601 -2.36890554 -3.10316873 -3.20588636]
计算初值self.q_0 [2.94993854 2.9743619  2.99230051 3.0018208  3.00291657 2.99520588
 2.97659612 2.95307612 2.92179728 2.88479567 2.8495357  2.80872631
 2.76852608 2.73793626 2.7073555  2.68441939 2.67363    2.66438055
 2.65166306 2.63340664 2.61199951]
计算初值self.z_0 [-0.34747201 -0.54498237 -0.74371201 -0.9436608  -1.1445241  -1.34721601
 -1.55051756 -1.75473356 -1.95986402 -2.16438484 -2.36890554 -2.56946421
 -2.75569701 -2.91358328 -3.02910233 -3.10316873 -3.14858413 -3.17540646
 -3.19095111 -3.20040011]
(True, 3, ('Starting Unsteady Computations', 'Computing', 'Computations Completed'), True)
[-0.35509199 -1.34630156 -2.35976171 -3.09768248 -3.20771527]
下一阶段的初值 [2.88994074 2.91914392 2.9435277  2.96388745 2.97801208 2.98706198
 2.98361015 2.9780941  2.96239781 2.93575764 2.91297364 2.87552762
 2.83853436 2.81242251 2.76965499 2.74176335 2.74148321 2.74327397
 2.73869872 2.72364426 2.7069993 ]
下一阶段初值 [-0.35509199 -0.5513832  -0.74889362 -0.94701362 -1.14543843 -1.34630156
 -1.54716492 -1.74924719 -1.95285368 -2.15585041 -2.35976171 -2.55910087
 -2.74533367 -2.90535355 -3.02178717 -3.09768248 -3.14553595 -3.17479706
 -3.19156075 -3.20161915]
INFO:root:	Iter: 278/299,	J: 1.01e-04,	t: 66720.00 s,	u1: 2.95,	u2: -0.02,	u3: 2.71,\目标处水位: -320.772, 误差百分比: 0.24%, IAQ累计: 20.78	OCP-solving-time: 6.95e+00 s
i 278  t [66720]
X0 [-0.35509199 -1.34630156 -2.35976171 -3.09768248 -3.20771527]
计算初值self.q_0 [2.88994074 2.91914392 2.9435277  2.96388745 2.97801208 2.98706198
 2.98361015 2.9780941  2.96239781 2.93575764 2.91297364 2.87552762
 2.83853436 2.81242251 2.76965499 2.74176335 2.74148321 2.74327397
 2.73869872 2.72364426 2.7069993 ]
计算初值self.z_0 [-0.35509199 -0.5513832  -0.74889362 -0.94701362 -1.14543843 -1.34630156
 -1.54716492 -1.74924719 -1.95285368 -2.15585041 -2.35976171 -2.55910087
 -2.74533367 -2.90535355 -3.02178717 -3.09768248 -3.14553595 -3.17479706
 -3.19156075 -3.20161915]
(True, 3, ('Starting Unsteady Computations', 'Computing', 'Computations Completed'), True)
[-0.36423603 -1.34843516 -2.35275126 -3.09493923 -3.20466733]
下一阶段的初值 [2.81993103 2.854321   2.88671279 2.91465855 2.93814731 2.95517707
 2.96584129 2.97194362 2.96991038 2.96042991 2.94671059 2.92426372
 2.89493012 2.86846828 2.84533906 2.82506037 2.80695176 2.78822112
 2.76749229 2.74311495 2.71599889]
下一阶段初值 [-0.36423603 -0.55991763 -0.75590402 -0.95249999 -1.15001047 -1.34843516
 -1.54777443 -1.74833286 -1.9495008  -2.15097356 -2.35275126 -2.55117607
 -2.73679924 -2.89560008 -3.01569128 -3.09493923 -3.14340234 -3.17174888
 -3.1888175  -3.19857144]
INFO:root:	Iter: 279/299,	J: 1.24e-04,	t: 66960.00 s,	u1: 2.89,	u2: -0.02,	u3: 2.72,\目标处水位: -320.467, 误差百分比: 0.15%, IAQ累计: 20.79	OCP-solving-time: 6.95e+00 s
i 279  t [66960]
X0 [-0.36423603 -1.34843516 -2.35275126 -3.09493923 -3.20466733]
计算初值self.q_0 [2.81993103 2.854321   2.88671279 2.91465855 2.93814731 2.95517707
 2.96584129 2.97194362 2.96991038 2.96042991 2.94671059 2.92426372
 2.89493012 2.86846828 2.84533906 2.82506037 2.80695176 2.78822112
 2.76749229 2.74311495 2.71599889]
计算初值self.z_0 [-0.36423603 -0.55991763 -0.75590402 -0.95249999 -1.15001047 -1.34843516
 -1.54777443 -1.74833286 -1.9495008  -2.15097356 -2.35275126 -2.55117607
 -2.73679924 -2.89560008 -3.01569128 -3.09493923 -3.14340234 -3.17174888
 -3.1888175  -3.19857144]
(True, 3, ('Starting Unsteady Computations', 'Computing', 'Computations Completed'), True)
[-0.37338001 -1.35392153 -2.34970331 -3.08884311 -3.20558167]
下一阶段的初值 [2.75993919 2.79328895 2.82415867 2.85504889 2.88324118 2.91032052
 2.92831302 2.946311   2.95645142 2.95595026 2.95837975 2.94468021
 2.92899823 2.919348   2.88635015 2.86231494 2.86271429 2.86384702
 2.8558104  2.83507991 2.81199932]
下一阶段初值 [-0.37338001 -0.568452   -0.76413357 -0.96042484 -1.15641117 -1.35392153
 -1.55143201 -1.74985683 -1.94980562 -2.14914489 -2.34970331 -2.54599428
 -2.73009348 -2.89011383 -3.00959516 -3.08884311 -3.13944006 -3.17022491
 -3.1882081  -3.1988759 ]
INFO:root:	Iter: 280/299,	J: 6.01e-05,	t: 67200.00 s,	u1: 2.82,	u2: -0.02,	u3: 2.81,\目标处水位: -320.558, 误差百分比: 0.17%, IAQ累计: 20.89	OCP-solving-time: 6.31e+00 s
i 280  t [67200]
X0 [-0.37338001 -1.35392153 -2.34970331 -3.08884311 -3.20558167]
计算初值self.q_0 [2.75993919 2.79328895 2.82415867 2.85504889 2.88324118 2.91032052
 2.92831302 2.946311   2.95645142 2.95595026 2.95837975 2.94468021
 2.92899823 2.919348   2.88635015 2.86231494 2.86271429 2.86384702
 2.8558104  2.83507991 2.81199932]
计算初值self.z_0 [-0.37338001 -0.568452   -0.76413357 -0.96042484 -1.15641117 -1.35392153
 -1.55143201 -1.74985683 -1.94980562 -2.14914489 -2.34970331 -2.54599428
 -2.73009348 -2.89011383 -3.00959516 -3.08884311 -3.13944006 -3.17022491
 -3.1882081  -3.1988759 ]
(True, 3, ('Starting Unsteady Computations', 'Computing', 'Computations Completed'), True)
[-0.38343841 -1.36062729 -2.34939837 -3.08762407 -3.20161915]
下一阶段的初值 [2.6899271  2.72591734 2.76245975 2.7953434  2.82683253 2.85550189
 2.88072085 2.90412474 2.92216253 2.93523932 2.94547033 2.94704175
 2.94077802 2.93420005 2.92664242 2.91737986 2.90512156 2.88859868
 2.86883068 2.84503889 2.81799936]
下一阶段初值 [-0.38343841 -0.57790083 -0.77297282 -0.96834964 -1.16433597 -1.36062729
 -1.55722332 -1.75473356 -1.95285368 -2.15097356 -2.34939837 -2.54416561
 -2.72704554 -2.8846271  -3.00593781 -3.08762407 -3.13761115 -3.16717672
 -3.18485546 -3.19521832]
INFO:root:	Iter: 281/299,	J: 5.92e-05,	t: 67440.00 s,	u1: 2.76,	u2: -0.02,	u3: 2.82,\目标处水位: -320.162, 误差百分比: 0.05%, IAQ累计: 20.89	OCP-solving-time: 6.22e+00 s
i 281  t [67440]
X0 [-0.38343841 -1.36062729 -2.34939837 -3.08762407 -3.20161915]
计算初值self.q_0 [2.6899271  2.72591734 2.76245975 2.7953434  2.82683253 2.85550189
 2.88072085 2.90412474 2.92216253 2.93523932 2.94547033 2.94704175
 2.94077802 2.93420005 2.92664242 2.91737986 2.90512156 2.88859868
 2.86883068 2.84503889 2.81799936]
计算初值self.z_0 [-0.38343841 -0.57790083 -0.77297282 -0.96834964 -1.16433597 -1.36062729
 -1.55722332 -1.75473356 -1.95285368 -2.15097356 -2.34939837 -2.54416561
 -2.72704554 -2.8846271  -3.00593781 -3.08762407 -3.13761115 -3.16717672
 -3.18485546 -3.19521832]
(True, 3, ('Starting Unsteady Computations', 'Computing', 'Computations Completed'), True)
[-0.39105842 -1.36855197 -2.35214162 -3.08396649 -3.20192409]
下一阶段的初值 [2.65997124 2.68173981 2.70502639 2.73221302 2.76369286 2.79650998
 2.82495642 2.85498095 2.87933064 2.89636016 2.91702032 2.92604208
 2.9320848  2.94094801 2.92886233 2.91863728 2.92268372 2.92525744
 2.91976404 2.90472221 2.8880012 ]
下一阶段初值 [-0.39105842 -0.58613038 -0.78181201 -0.97749364 -1.17256558 -1.36855197
 -1.56453836 -1.76082957 -1.95834005 -2.15493608 -2.35214162 -2.54508018
 -2.7264359  -2.88432264 -3.00380397 -3.08396649 -3.13486791 -3.16565275
 -3.18394089 -3.19491386]
INFO:root:	Iter: 282/299,	J: 1.51e-05,	t: 67680.00 s,	u1: 2.69,	u2: -0.01,	u3: 2.89,\目标处水位: -320.192, 误差百分比: 0.06%, IAQ累计: 20.96	OCP-solving-time: 5.77e+00 s
i 282  t [67680]
X0 [-0.39105842 -1.36855197 -2.35214162 -3.08396649 -3.20192409]
计算初值self.q_0 [2.65997124 2.68173981 2.70502639 2.73221302 2.76369286 2.79650998
 2.82495642 2.85498095 2.87933064 2.89636016 2.91702032 2.92604208
 2.9320848  2.94094801 2.92886233 2.91863728 2.92268372 2.92525744
 2.91976404 2.90472221 2.8880012 ]
计算初值self.z_0 [-0.39105842 -0.58613038 -0.78181201 -0.97749364 -1.17256558 -1.36855197
 -1.56453836 -1.76082957 -1.95834005 -2.15493608 -2.35214162 -2.54508018
 -2.7264359  -2.88432264 -3.00380397 -3.08396649 -3.13486791 -3.16565275
 -3.18394089 -3.19491386]
(True, 3, ('Starting Unsteady Computations', 'Computing', 'Computations Completed'), True)
[-0.3892296  -1.3767817  -2.35671353 -3.08488083 -3.20040011]
下一阶段的初值 [2.70003963 2.6915524  2.6922369  2.69949841 2.71580076 2.73967648
 2.76770782 2.79877138 2.82615519 2.850317   2.87517071 2.89374685
 2.90653181 2.91879869 2.92536807 2.92854238 2.92959595 2.92708111
 2.92124796 2.91163158 2.9020009 ]
下一阶段初值 [-0.3892296  -0.58856881 -0.78699362 -0.98389441 -1.18049037 -1.3767817
 -1.57246315 -1.76844966 -1.96474087 -2.16103196 -2.35671353 -2.54873776
 -2.72887444 -2.88432264 -3.00380397 -3.08488083 -3.13456345 -3.16443372
 -3.18241692 -3.19338965]
INFO:root:	Iter: 283/299,	J: 1.40e-05,	t: 67920.00 s,	u1: 2.66,	u2: 0.01,	u3: 2.90,\目标处水位: -320.040, 误差百分比: 0.01%, IAQ累计: 20.98	OCP-solving-time: 6.13e+00 s
i 283  t [67920]
X0 [-0.3892296  -1.3767817  -2.35671353 -3.08488083 -3.20040011]
计算初值self.q_0 [2.70003963 2.6915524  2.6922369  2.69949841 2.71580076 2.73967648
 2.76770782 2.79877138 2.82615519 2.850317   2.87517071 2.89374685
 2.90653181 2.91879869 2.92536807 2.92854238 2.92959595 2.92708111
 2.92124796 2.91163158 2.9020009 ]
计算初值self.z_0 [-0.3892296  -0.58856881 -0.78699362 -0.98389441 -1.18049037 -1.3767817
 -1.57246315 -1.76844966 -1.96474087 -2.16103196 -2.35671353 -2.54873776
 -2.72887444 -2.88432264 -3.00380397 -3.08488083 -3.13456345 -3.16443372
 -3.18241692 -3.19338965]
(True, 3, ('Starting Unsteady Computations', 'Computing', 'Computations Completed'), True)
[-0.38496241 -1.38165843 -2.36311436 -3.08549047 -3.19979048]
下一阶段的初值 [2.73002768 2.7183454  2.71060348 2.7073915  2.70992208 2.71735787
 2.72968817 2.74945235 2.7738564  2.79904532 2.82562399 2.84950447
 2.87073922 2.88927245 2.89965343 2.90700746 2.91281223 2.9146502
 2.91433573 2.91305304 2.9119997 ]
下一阶段初值 [-0.38496241 -0.58613038 -0.78638399 -0.9857232  -1.18384326 -1.38165843
 -1.57886398 -1.77576494 -1.97205591 -2.16804242 -2.36311436 -2.55391908
 -2.73314166 -2.88767529 -3.00593781 -3.08549047 -3.13456345 -3.16412878
 -3.18180728 -3.19278026]
INFO:root:	Iter: 284/299,	J: 1.64e-05,	t: 68160.00 s,	u1: 2.70,	u2: 0.01,	u3: 2.91,\目标处水位: -319.979, 误差百分比: 0.01%, IAQ累计: 20.99	OCP-solving-time: 6.91e+00 s
i 284  t [68160]
X0 [-0.38496241 -1.38165843 -2.36311436 -3.08549047 -3.19979048]
计算初值self.q_0 [2.73002768 2.7183454  2.71060348 2.7073915  2.70992208 2.71735787
 2.72968817 2.74945235 2.7738564  2.79904532 2.82562399 2.84950447
 2.87073922 2.88927245 2.89965343 2.90700746 2.91281223 2.9146502
 2.91433573 2.91305304 2.9119997 ]
计算初值self.z_0 [-0.38496241 -0.58613038 -0.78638399 -0.9857232  -1.18384326 -1.38165843
 -1.57886398 -1.77576494 -1.97205591 -2.16804242 -2.36311436 -2.55391908
 -2.73314166 -2.88767529 -3.00593781 -3.08549047 -3.13456345 -3.16412878
 -3.18180728 -3.19278026]
(True, 3, ('Starting Unsteady Computations', 'Computing', 'Computations Completed'), True)
[-0.3788664  -1.38318241 -2.36951518 -3.08762407 -3.1988759 ]
下一阶段的初值 [2.77003932 2.75078607 2.73613548 2.72581816 2.71999574 2.71832228
 2.72203445 2.72923923 2.74182296 2.75983119 2.77958083 2.80323005
 2.82632565 2.84588289 2.86550617 2.87818074 2.88221312 2.88375926
 2.88527989 2.88808036 2.89299893]
下一阶段初值 [-0.3788664  -0.58155841 -0.78333598 -0.98419923 -1.18414795 -1.38318241
 -1.58191204 -1.78003204 -1.9775424  -2.17444324 -2.36951518 -2.56062484
 -2.73923779 -2.8919425  -3.00929046 -3.08762407 -3.13547754 -3.16412878
 -3.18150234 -3.19217038]
INFO:root:	Iter: 285/299,	J: 2.72e-05,	t: 68400.00 s,	u1: 2.73,	u2: 0.01,	u3: 2.89,\目标处水位: -319.888, 误差百分比: 0.04%, IAQ累计: 21.01	OCP-solving-time: 6.76e+00 s
=== 控制性能指标 ===
MAE (最大绝对水位误差百分比): 1.16%
IAQ (综合绝对排量变化): 19.94 m³/s
WARNING:matplotlib.backends.backend_ps:The PostScript backend does not support transparency; partially transparent artists will be rendered opaque.
WARNING:matplotlib.backends.backend_ps:The PostScript backend does not support transparency; partially transparent artists will be rendered opaque.
(300, 5)
WARNING:matplotlib.backends.backend_ps:The PostScript backend does not support transparency; partially transparent artists will be rendered opaque.
WARNING:matplotlib.backends.backend_ps:The PostScript backend does not support transparency; partially transparent artists will be rendered opaque.
