0.88		7.28
0.82		7.21
0.72		7.16
0.62		7.12
0.52		7.1
0.73		7.05
0.71		6.98
0.69		6.92
0.66		6.85
0.62		6.8
0.57		6.77
0.51		6.74
0.47		6.72
0.64		7.07
0.63		7.01
0.62		6.96
0.6		6.91
0.58		6.86
0.55		6.82
0.5		6.78
0.45		6.75
0.4		6.72
0.39		6.71
0.4		6.7
0.39		6.68
0.39		6.66
0.89		7.27
0.84		7.2
0.76		7.14
0.68		7.1
0.57		7.07
0.78		7.07
0.76		7
0.72		6.93
0.69		6.86
0.65		6.8
0.59		6.77
0.54		6.74
0.49		6.72
0.65		7.07
0.64		7.02
0.62		6.96
0.6		6.91
0.58		6.86
0.55		6.82
0.51		6.78
0.46		6.74
0.41		6.72
0.4		6.72
0.41		6.7
0.4		6.68
0.4		6.66
0.91		7.27
0.85		7.19
0.77		7.14
0.67		7.09
0.56		7.07
0.75		7.07
0.74		7
0.72		6.94
0.7		6.86
0.67		6.8
0.61		6.77
0.55		6.74
0.5		6.72
0.64		7.07
0.63		7.02
0.62		6.96
0.61		6.91
0.58		6.86
0.56		6.82
0.51		6.78
0.46		6.74
0.41		6.72
0.4		6.72
0.41		6.7
0.41		6.68
0.41		6.66
0.91		7.27
0.86		7.19
0.77		7.13
0.67		7.09
0.56		7.07
0.75		7.07
0.74		7
0.72		6.93
0.7		6.86
0.67		6.8
0.61		6.77
0.55		6.74
0.51		6.72
0.64		7.07
0.63		7.01
0.62		6.96
0.6		6.91
0.58		6.86
0.56		6.82
0.51		6.78
0.46		6.74
0.41		6.72
0.41		6.72
0.41		6.7
0.41		6.68
0.41		6.66
0.92		7.27
0.86		7.19
0.77		7.13
0.67		7.09
0.56		7.07
0.75		7.07
0.74		7
0.72		6.93
0.7		6.86
0.66		6.8
0.61		6.77
0.55		6.74
0.5		6.72
0.64		7.07
0.63		7.01
0.62		6.96
0.6		6.91
0.58		6.86
0.56		6.81
0.51		6.78
0.46		6.74
0.41		6.72
0.4		6.72
0.41		6.7
0.41		6.68
0.41		6.66
0.92		7.27
0.87		7.2
0.78		7.14
0.67		7.09
0.56		7.07
0.75		7.07
0.74		7
0.72		6.93
0.7		6.86
0.66		6.8
0.61		6.77
0.55		6.74
0.5		6.72
0.64		7.07
0.63		7.01
0.62		6.96
0.6		6.91
0.58		6.86
0.55		6.81
0.51		6.78
0.46		6.74
0.41		6.72
0.4		6.72
0.41		6.7
0.41		6.68
0.41		6.66
0.93		7.27
0.87		7.2
0.78		7.14
0.68		7.09
0.56		7.07
0.76		7.07
0.74		7
0.72		6.93
0.7		6.86
0.66		6.8
0.61		6.77
0.55		6.74
0.5		6.72
0.65		7.07
0.64		7.01
0.62		6.96
0.6		6.91
0.58		6.86
0.56		6.81
0.51		6.78
0.46		6.74
0.4		6.72
0.4		6.72
0.41		6.7
0.41		6.68
0.41		6.66
0.93		7.28
0.88		7.2
0.79		7.14
0.68		7.09
0.57		7.07
0.76		7.07
0.75		7
0.72		6.93
0.7		6.86
0.67		6.8
0.61		6.77
0.55		6.74
0.5		6.72
0.65		7.07
0.64		7.02
0.62		6.96
0.61		6.91
0.58		6.86
0.56		6.81
0.51		6.78
0.46		6.74
0.4		6.72
0.4		6.72
0.41		6.7
0.41		6.68
0.41		6.66
0.94		7.28
0.88		7.2
0.79		7.14
0.68		7.1
0.57		7.07
0.76		7.07
0.75		7
0.72		6.94
0.7		6.86
0.67		6.8
0.61		6.77
0.56		6.74
0.5		6.72
0.65		7.07
0.64		7.02
0.63		6.96
0.61		6.91
0.59		6.86
0.56		6.81
0.51		6.78
0.46		6.74
0.4		6.72
0.4		6.72
0.41		6.7
0.41		6.68
0.41		6.66
0.94		7.28
0.88		7.21
0.79		7.15
0.68		7.1
0.57		7.08
0.76		7.08
0.75		7.01
0.73		6.94
0.71		6.87
0.67		6.8
0.61		6.77
0.56		6.74
0.51		6.72
0.66		7.08
0.65		7.02
0.63		6.96
0.61		6.91
0.59		6.86
0.56		6.82
0.51		6.78
0.46		6.74
0.4		6.72
0.4		6.72
0.41		6.7
0.41		6.68
0.41		6.66
0.94		7.29
0.89		7.21
0.8		7.15
0.69		7.1
0.58		7.08
0.77		7.08
0.75		7.01
0.73		6.94
0.71		6.87
0.67		6.8
0.62		6.77
0.56		6.74
0.51		6.72
0.66		7.08
0.65		7.02
0.63		6.96
0.61		6.91
0.59		6.86
0.56		6.82
0.51		6.78
0.46		6.74
0.4		6.72
0.41		6.72
0.41		6.7
0.41		6.68
0.41		6.66
0.95		7.29
0.89		7.21
0.8		7.15
0.69		7.1
0.58		7.08
0.77		7.08
0.76		7.01
0.73		6.94
0.71		6.87
0.68		6.81
0.62		6.77
0.56		6.74
0.51		6.72
0.66		7.08
0.65		7.02
0.64		6.97
0.62		6.92
0.59		6.86
0.56		6.82
0.51		6.78
0.46		6.75
0.41		6.72
0.41		6.72
0.41		6.7
0.41		6.68
0.41		6.66
0.95		7.29
0.89		7.22
0.8		7.15
0.69		7.11
0.58		7.09
0.77		7.09
0.76		7.01
0.73		6.94
0.71		6.87
0.68		6.81
0.62		6.77
0.57		6.74
0.52		6.72
0.66		7.09
0.65		7.03
0.64		6.97
0.62		6.92
0.59		6.87
0.57		6.82
0.51		6.78
0.46		6.75
0.41		6.72
0.41		6.72
0.42		6.7
0.42		6.68
0.41		6.66
0.95		7.3
0.9		7.22
0.8		7.16
0.7		7.11
0.58		7.09
0.77		7.09
0.76		7.02
0.74		6.95
0.72		6.87
0.68		6.81
0.63		6.77
0.57		6.74
0.52		6.72
0.66		7.09
0.65		7.03
0.64		6.97
0.62		6.92
0.6		6.87
0.57		6.82
0.52		6.78
0.46		6.75
0.41		6.72
0.41		6.72
0.42		6.7
0.42		6.68
0.42		6.66
0.95		7.3
0.9		7.22
0.81		7.16
0.7		7.11
0.59		7.09
0.78		7.09
0.76		7.02
0.74		6.95
0.72		6.88
0.69		6.81
0.63		6.78
0.57		6.75
0.52		6.72
0.67		7.09
0.66		7.03
0.64		6.97
0.62		6.92
0.6		6.87
0.57		6.82
0.52		6.78
0.47		6.75
0.41		6.72
0.41		6.72
0.42		6.7
0.42		6.68
0.42		6.66
0.96		7.3
0.9		7.23
0.81		7.16
0.7		7.12
0.59		7.09
0.78		7.09
0.77		7.02
0.74		6.95
0.72		6.88
0.69		6.81
0.63		6.78
0.58		6.75
0.53		6.72
0.67		7.09
0.66		7.04
0.64		6.98
0.62		6.93
0.6		6.87
0.57		6.82
0.52		6.78
0.47		6.75
0.41		6.72
0.42		6.72
0.42		6.7
0.42		6.68
0.42		6.66
0.96		7.31
0.9		7.23
0.81		7.17
0.7		7.12
0.59		7.1
0.78		7.1
0.77		7.02
0.75		6.95
0.73		6.88
0.69		6.81
0.64		6.78
0.58		6.75
0.53		6.72
0.67		7.1
0.66		7.04
0.65		6.98
0.63		6.93
0.6		6.87
0.58		6.83
0.52		6.79
0.47		6.75
0.42		6.72
0.42		6.72
0.43		6.7
0.43		6.68
0.43		6.66
0.96		7.31
0.91		7.23
0.81		7.17
0.71		7.12
0.59		7.1
0.78		7.1
0.77		7.03
0.75		6.96
0.73		6.88
0.7		6.82
0.64		6.78
0.58		6.75
0.53		6.72
0.67		7.1
0.66		7.04
0.65		6.98
0.63		6.93
0.61		6.88
0.58		6.83
0.52		6.79
0.47		6.75
0.42		6.72
0.42		6.72
0.43		6.7
0.43		6.68
0.43		6.66
0.96		7.31
0.91		7.24
0.82		7.17
0.71		7.13
0.59		7.1
0.78		7.1
0.77		7.03
0.75		6.96
0.73		6.88
0.7		6.82
0.64		6.78
0.59		6.75
0.54		6.72
0.67		7.1
0.66		7.04
0.65		6.98
0.63		6.93
0.61		6.88
0.58		6.83
0.53		6.79
0.47		6.75
0.42		6.72
0.42		6.72
0.43		6.7
0.43		6.68
0.43		6.66
0.97		7.32
0.91		7.24
0.82		7.18
0.71		7.13
0.6		7.11
0.79		7.11
0.77		7.03
0.75		6.96
0.74		6.89
0.7		6.82
0.65		6.78
0.59		6.75
0.54		6.72
0.67		7.11
0.67		7.05
0.65		6.99
0.63		6.94
0.61		6.88
0.58		6.83
0.53		6.79
0.48		6.75
0.42		6.72
0.43		6.72
0.43		6.7
0.43		6.69
0.43		6.66
0.97		7.32
0.91		7.24
0.82		7.18
0.71		7.13
0.6		7.11
0.79		7.11
0.78		7.04
0.76		6.97
0.74		6.89
0.71		6.82
0.65		6.78
0.59		6.75
0.54		6.73
0.68		7.11
0.67		7.05
0.65		6.99
0.64		6.94
0.61		6.88
0.58		6.83
0.53		6.79
0.48		6.76
0.43		6.73
0.43		6.73
0.44		6.71
0.44		6.69
0.44		6.66
0.97		7.32
0.92		7.25
0.82		7.18
0.72		7.14
0.6		7.11
0.79		7.11
0.78		7.04
0.76		6.97
0.74		6.89
0.71		6.82
0.65		6.79
0.6		6.75
0.55		6.73
0.68		7.11
0.67		7.05
0.66		6.99
0.64		6.94
0.62		6.89
0.58		6.83
0.53		6.79
0.48		6.76
0.43		6.73
0.43		6.73
0.44		6.71
0.44		6.69
0.44		6.66
0.97		7.33
0.92		7.25
0.83		7.19
0.72		7.14
0.6		7.12
0.79		7.12
0.78		7.04
0.76		6.97
0.75		6.89
0.71		6.83
0.66		6.79
0.6		6.75
0.55		6.73
0.68		7.12
0.67		7.06
0.66		6.99
0.64		6.94
0.62		6.89
0.59		6.84
0.54		6.79
0.48		6.76
0.43		6.73
0.44		6.73
0.44		6.71
0.44		6.69
0.45		6.66
0.98		7.33
0.92		7.25
0.83		7.19
0.72		7.14
0.61		7.12
0.8		7.12
0.78		7.05
0.76		6.97
0.75		6.9
0.72		6.83
0.66		6.79
0.61		6.76
0.55		6.73
0.68		7.12
0.67		7.06
0.66		7
0.64		6.95
0.62		6.89
0.59		6.84
0.54		6.8
0.49		6.76
0.43		6.73
0.44		6.73
0.45		6.71
0.45		6.69
0.45		6.66
0.98		7.34
0.92		7.26
0.83		7.19
0.72		7.15
0.61		7.12
0.8		7.12
0.79		7.05
0.77		6.98
0.75		6.9
0.72		6.83
0.66		6.79
0.61		6.76
0.56		6.73
0.68		7.12
0.67		7.06
0.66		7
0.64		6.95
0.62		6.89
0.59		6.84
0.54		6.8
0.49		6.76
0.44		6.73
0.44		6.73
0.45		6.71
0.45		6.69
0.45		6.66
0.98		7.34
0.92		7.26
0.83		7.2
0.72		7.15
0.61		7.13
0.8		7.13
0.79		7.05
0.77		6.98
0.75		6.9
0.73		6.83
0.67		6.79
0.61		6.76
0.56		6.73
0.68		7.13
0.68		7.07
0.66		7
0.65		6.95
0.63		6.89
0.59		6.84
0.54		6.8
0.49		6.76
0.44		6.73
0.44		6.73
0.45		6.71
0.45		6.69
0.46		6.66
0.98		7.34
0.93		7.26
0.84		7.2
0.73		7.15
0.61		7.13
0.8		7.13
0.79		7.05
0.77		6.98
0.76		6.9
0.73		6.83
0.67		6.79
0.62		6.76
0.57		6.73
0.68		7.13
0.68		7.07
0.67		7.01
0.65		6.95
0.63		6.9
0.6		6.84
0.55		6.8
0.49		6.76
0.44		6.73
0.45		6.73
0.45		6.71
0.46		6.69
0.46		6.66
0.99		7.35
0.93		7.27
0.84		7.2
0.73		7.16
0.61		7.13
0.8		7.13
0.79		7.06
0.77		6.98
0.76		6.9
0.73		6.84
0.68		6.8
0.62		6.76
0.57		6.73
0.69		7.13
0.68		7.07
0.67		7.01
0.65		6.96
0.63		6.9
0.6		6.85
0.55		6.8
0.5		6.76
0.44		6.73
0.45		6.73
0.46		6.71
0.46		6.69
0.46		6.66
0.99		7.35
0.93		7.27
0.84		7.21
0.73		7.16
0.62		7.14
0.81		7.14
0.8		7.06
0.78		6.99
0.76		6.91
0.74		6.84
0.68		6.8
0.62		6.76
0.57		6.73
0.69		7.14
0.68		7.07
0.67		7.01
0.65		6.96
0.63		6.9
0.6		6.85
0.55		6.8
0.5		6.77
0.45		6.73
0.45		6.73
0.46		6.71
0.46		6.69
0.47		6.66
0.99		7.35
0.93		7.27
0.84		7.21
0.73		7.16
0.62		7.14
0.81		7.14
0.8		7.06
0.78		6.99
0.77		6.91
0.74		6.84
0.68		6.8
0.63		6.76
0.58		6.73
0.69		7.14
0.68		7.08
0.67		7.01
0.65		6.96
0.64		6.9
0.6		6.85
0.55		6.81
0.5		6.77
0.45		6.73
0.45		6.73
0.46		6.71
0.47		6.69
0.47		6.66
0.99		7.36
0.94		7.28
0.84		7.21
0.74		7.17
0.62		7.14
0.81		7.14
0.8		7.07
0.78		6.99
0.77		6.91
0.74		6.84
0.69		6.8
0.63		6.77
0.58		6.74
0.69		7.14
0.68		7.08
0.67		7.02
0.66		6.96
0.64		6.91
0.6		6.85
0.55		6.81
0.5		6.77
0.45		6.74
0.46		6.74
0.47		6.71
0.47		6.69
0.47		6.66
0.99		7.36
0.94		7.28
0.85		7.22
0.74		7.17
0.62		7.15
0.81		7.15
0.8		7.07
0.78		7
0.77		6.91
0.75		6.84
0.69		6.8
0.64		6.77
0.58		6.74
0.69		7.15
0.69		7.08
0.67		7.02
0.66		6.97
0.64		6.91
0.61		6.85
0.56		6.81
0.51		6.77
0.45		6.74
0.46		6.74
0.47		6.71
0.47		6.69
0.48		6.66
1		7.36
0.94		7.28
0.85		7.22
0.74		7.17
0.63		7.15
0.81		7.15
0.8		7.07
0.79		7
0.77		6.92
0.75		6.85
0.69		6.8
0.64		6.77
0.59		6.74
0.69		7.15
0.69		7.09
0.68		7.02
0.66		6.97
0.64		6.91
0.61		6.86
0.56		6.81
0.51		6.77
0.46		6.74
0.46		6.74
0.47		6.71
0.47		6.69
0.48		6.66
1		7.37
0.94		7.29
0.85		7.22
0.74		7.18
0.63		7.15
0.82		7.15
0.81		7.07
0.79		7
0.78		6.92
0.75		6.85
0.7		6.81
0.64		6.77
0.59		6.74
0.7		7.15
0.69		7.09
0.68		7.03
0.66		6.97
0.64		6.91
0.61		6.86
0.56		6.81
0.51		6.77
0.46		6.74
0.46		6.74
0.47		6.71
0.48		6.69
0.48		6.66
1		7.37
0.94		7.29
0.85		7.23
0.74		7.18
0.63		7.16
0.82		7.16
0.81		7.08
0.79		7
0.78		6.92
0.76		6.85
0.7		6.81
0.65		6.77
0.59		6.74
0.7		7.16
0.69		7.09
0.68		7.03
0.66		6.97
0.65		6.91
0.61		6.86
0.56		6.81
0.51		6.77
0.46		6.74
0.47		6.74
0.48		6.72
0.48		6.69
0.49		6.66
1		7.37
0.95		7.29
0.86		7.23
0.75		7.18
0.63		7.16
0.82		7.16
0.81		7.08
0.79		7.01
0.78		6.92
0.76		6.85
0.7		6.81
0.65		6.77
0.6		6.74
0.7		7.16
0.69		7.1
0.68		7.03
0.67		6.98
0.65		6.92
0.61		6.86
0.57		6.82
0.52		6.77
0.46		6.74
0.47		6.74
0.48		6.72
0.48		6.69
0.49		6.66
1.01		7.38
0.95		7.3
0.86		7.23
0.75		7.19
0.63		7.16
0.82		7.16
0.81		7.08
0.8		7.01
0.79		6.93
0.76		6.85
0.71		6.81
0.65		6.77
0.6		6.74
0.7		7.16
0.69		7.1
0.68		7.03
0.67		6.98
0.65		6.92
0.62		6.86
0.57		6.82
0.52		6.78
0.47		6.74
0.47		6.74
0.48		6.72
0.49		6.69
0.49		6.66
1.01		7.38
0.95		7.3
0.86		7.24
0.75		7.19
0.64		7.16
0.82		7.16
0.82		7.09
0.8		7.01
0.79		6.93
0.76		6.85
0.71		6.81
0.66		6.77
0.6		6.74
0.7		7.16
0.69		7.1
0.68		7.04
0.67		6.98
0.65		6.92
0.62		6.87
0.57		6.82
0.52		6.78
0.47		6.74
0.47		6.74
0.49		6.72
0.49		6.69
0.5		6.66
1.01		7.38
0.95		7.3
0.86		7.24
0.75		7.19
0.64		7.17
0.82		7.17
0.82		7.09
0.8		7.01
0.79		6.93
0.77		6.86
0.71		6.81
0.66		6.78
0.61		6.74
0.7		7.17
0.7		7.1
0.69		7.04
0.67		6.98
0.65		6.92
0.62		6.87
0.57		6.82
0.52		6.78
0.47		6.74
0.48		6.74
0.49		6.72
0.49		6.69
0.5		6.66
1.01		7.38
0.96		7.31
0.86		7.24
0.76		7.2
0.64		7.17
0.83		7.17
0.82		7.09
0.8		7.02
0.79		6.93
0.77		6.86
0.72		6.82
0.66		6.78
0.61		6.74
0.7		7.17
0.7		7.11
0.69		7.04
0.67		6.99
0.65		6.93
0.62		6.87
0.57		6.82
0.53		6.78
0.47		6.74
0.48		6.74
0.49		6.72
0.5		6.69
0.5		6.66
1.02		7.39
0.96		7.31
0.87		7.25
0.76		7.2
0.64		7.17
0.83		7.17
0.82		7.09
0.8		7.02
0.8		6.94
0.77		6.86
0.72		6.82
0.67		6.78
0.62		6.75
0.7		7.17
0.7		7.11
0.69		7.05
0.68		6.99
0.66		6.93
0.62		6.87
0.58		6.82
0.53		6.78
0.47		6.75
0.48		6.75
0.49		6.72
0.5		6.69
0.51		6.66
1.02		7.39
0.96		7.31
0.87		7.25
0.76		7.2
0.64		7.18
0.83		7.18
0.82		7.1
0.81		7.02
0.8		6.94
0.78		6.86
0.72		6.82
0.67		6.78
0.62		6.75
0.71		7.18
0.7		7.11
0.69		7.05
0.68		6.99
0.66		6.93
0.62		6.87
0.58		6.83
0.53		6.78
0.48		6.75
0.48		6.75
0.5		6.72
0.5		6.69
0.51		6.66
1.02		7.39
0.96		7.32
0.87		7.25
0.76		7.2
0.65		7.18
0.83		7.18
0.83		7.1
0.81		7.02
0.8		6.94
0.78		6.86
0.73		6.82
0.67		6.78
0.62		6.75
0.71		7.18
0.7		7.12
0.69		7.05
0.68		6.99
0.66		6.93
0.63		6.88
0.58		6.83
0.53		6.78
0.48		6.75
0.49		6.75
0.5		6.72
0.5		6.69
0.51		6.66
1.02		7.4
0.96		7.32
0.87		7.26
0.76		7.21
0.65		7.18
0.83		7.18
0.83		7.1
0.81		7.03
0.8		6.94
0.78		6.87
0.73		6.82
0.68		6.78
0.63		6.75
0.71		7.18
0.7		7.12
0.7		7.05
0.68		7
0.66		6.94
0.63		6.88
0.58		6.83
0.53		6.78
0.48		6.75
0.49		6.75
0.5		6.72
0.51		6.7
0.52		6.66
1.02		7.4
0.97		7.32
0.87		7.26
0.77		7.21
0.65		7.19
0.84		7.19
0.83		7.11
0.81		7.03
0.81		6.95
0.79		6.87
0.73		6.82
0.68		6.78
0.63		6.75
0.71		7.19
0.71		7.12
0.7		7.06
0.68		7
0.66		6.94
0.63		6.88
0.58		6.83
0.54		6.79
0.48		6.75
0.49		6.75
0.5		6.72
0.51		6.7
0.52		6.66
1.03		7.4
0.97		7.32
0.88		7.26
0.77		7.21
0.65		7.19
0.84		7.19
0.83		7.11
0.82		7.03
0.81		6.95
0.79		6.87
0.74		6.83
0.68		6.78
0.63		6.75
0.71		7.19
0.71		7.12
0.7		7.06
0.69		7
0.66		6.94
0.63		6.88
0.59		6.83
0.54		6.79
0.49		6.75
0.49		6.75
0.51		6.72
0.51		6.7
0.53		6.66
1.03		7.41
0.97		7.33
0.88		7.27
0.77		7.22
0.66		7.19
0.84		7.19
0.83		7.11
0.82		7.04
0.81		6.95
0.79		6.87
0.74		6.83
0.69		6.79
0.64		6.75
0.71		7.19
0.71		7.13
0.7		7.06
0.69		7
0.67		6.94
0.63		6.88
0.59		6.83
0.54		6.79
0.49		6.75
0.5		6.75
0.51		6.72
0.52		6.7
0.53		6.66
1.03		7.41
0.97		7.33
0.88		7.27
0.77		7.22
0.66		7.19
0.84		7.19
0.84		7.11
0.82		7.04
0.81		6.95
0.8		6.87
0.74		6.83
0.69		6.79
0.64		6.75
0.71		7.19
0.71		7.13
0.7		7.06
0.69		7.01
0.67		6.94
0.64		6.89
0.59		6.84
0.54		6.79
0.49		6.75
0.5		6.75
0.51		6.72
0.52		6.7
0.53		6.66
1.03		7.41
0.97		7.33
0.88		7.27
0.78		7.22
0.66		7.2
0.84		7.2
0.84		7.12
0.82		7.04
0.82		6.95
0.8		6.88
0.75		6.83
0.69		6.79
0.64		6.75
0.71		7.2
0.71		7.13
0.7		7.07
0.69		7.01
0.67		6.95
0.64		6.89
0.59		6.84
0.55		6.79
0.49		6.75
0.5		6.75
0.52		6.73
0.52		6.7
0.54		6.66
1.04		7.42
0.98		7.34
0.89		7.27
0.78		7.23
0.66		7.2
0.85		7.2
0.84		7.12
0.82		7.04
0.82		6.96
0.8		6.88
0.75		6.83
0.7		6.79
0.65		6.75
0.72		7.2
0.71		7.14
0.71		7.07
0.69		7.01
0.67		6.95
0.64		6.89
0.59		6.84
0.55		6.79
0.5		6.75
0.5		6.75
0.52		6.73
0.53		6.7
0.54		6.66
1.04		7.42
0.98		7.34
0.89		7.28
0.78		7.23
0.66		7.2
0.85		7.2
0.84		7.12
0.83		7.05
0.82		6.96
0.8		6.88
0.75		6.83
0.7		6.79
0.65		6.76
0.72		7.2
0.71		7.14
0.71		7.07
0.69		7.01
0.67		6.95
0.64		6.89
0.6		6.84
0.55		6.79
0.5		6.76
0.51		6.76
0.52		6.73
0.53		6.7
0.54		6.66
1.04		7.42
0.98		7.34
0.89		7.28
0.78		7.23
0.67		7.21
0.85		7.21
0.84		7.13
0.83		7.05
0.82		6.96
0.81		6.88
0.76		6.84
0.7		6.79
0.65		6.76
0.72		7.21
0.72		7.14
0.71		7.07
0.69		7.02
0.67		6.95
0.64		6.89
0.6		6.84
0.55		6.8
0.5		6.76
0.51		6.76
0.52		6.73
0.53		6.7
0.55		6.66
1.04		7.43
0.98		7.35
0.89		7.28
0.78		7.23
0.67		7.21
0.85		7.21
0.85		7.13
0.83		7.05
0.83		6.96
0.81		6.88
0.76		6.84
0.71		6.79
0.66		6.76
0.72		7.21
0.72		7.14
0.71		7.08
0.7		7.02
0.68		6.95
0.64		6.89
0.6		6.84
0.55		6.8
0.5		6.76
0.51		6.76
0.53		6.73
0.53		6.7
0.55		6.66
1.04		7.43
0.99		7.35
0.89		7.29
0.79		7.24
0.67		7.21
0.85		7.21
0.85		7.13
0.83		7.05
0.83		6.97
0.81		6.89
0.76		6.84
0.71		6.8
0.66		6.76
0.72		7.21
0.72		7.15
0.71		7.08
0.7		7.02
0.68		6.96
0.65		6.9
0.6		6.85
0.56		6.8
0.5		6.76
0.51		6.76
0.53		6.73
0.54		6.7
0.55		6.66
1.05		7.43
0.99		7.35
0.9		7.29
0.79		7.24
0.67		7.21
0.86		7.21
0.85		7.13
0.84		7.06
0.83		6.97
0.82		6.89
0.77		6.84
0.71		6.8
0.66		6.76
0.72		7.21
0.72		7.15
0.71		7.08
0.7		7.02
0.68		6.96
0.65		6.9
0.6		6.85
0.56		6.8
0.51		6.76
0.52		6.76
0.53		6.73
0.54		6.7
0.56		6.66
1.05		7.44
0.99		7.36
0.9		7.29
0.79		7.24
0.67		7.22
0.86		7.22
0.85		7.14
0.84		7.06
0.84		6.97
0.82		6.89
0.77		6.84
0.72		6.8
0.67		6.76
0.72		7.22
0.72		7.15
0.72		7.08
0.7		7.03
0.68		6.96
0.65		6.9
0.61		6.85
0.56		6.8
0.51		6.76
0.52		6.76
0.53		6.73
0.54		6.7
0.56		6.66
1.05		7.44
0.99		7.36
0.9		7.3
0.79		7.25
0.68		7.22
0.86		7.22
0.85		7.14
0.84		7.06
0.84		6.97
0.82		6.89
0.77		6.84
0.72		6.8
0.67		6.76
0.72		7.22
0.72		7.15
0.72		7.09
0.7		7.03
0.68		6.96
0.65		6.9
0.61		6.85
0.56		6.8
0.51		6.76
0.52		6.76
0.54		6.73
0.55		6.7
0.56		6.66
1.05		7.44
0.99		7.36
0.9		7.3
0.79		7.25
0.68		7.22
0.86		7.22
0.86		7.14
0.84		7.06
0.84		6.98
0.82		6.89
0.77		6.85
0.72		6.8
0.67		6.76
0.73		7.22
0.72		7.16
0.72		7.09
0.7		7.03
0.68		6.96
0.65		6.9
0.61		6.85
0.56		6.8
0.51		6.76
0.52		6.76
0.54		6.73
0.55		6.7
0.57		6.66
1.05		7.44
1		7.36
0.9		7.3
0.8		7.25
0.68		7.23
0.86		7.23
0.86		7.14
0.84		7.07
0.84		6.98
0.83		6.9
0.78		6.85
0.73		6.8
0.68		6.76
0.73		7.23
0.72		7.16
0.72		7.09
0.7		7.03
0.68		6.97
0.65		6.91
0.61		6.85
0.57		6.81
0.51		6.76
0.53		6.76
0.54		6.73
0.55		6.7
0.57		6.66
1.06		7.45
1		7.37
0.91		7.3
0.8		7.25
0.68		7.23
0.86		7.23
0.86		7.15
0.85		7.07
0.84		6.98
0.83		6.9
0.78		6.85
0.73		6.8
0.68		6.77
0.73		7.23
0.73		7.16
0.72		7.09
0.7		7.03
0.69		6.97
0.66		6.91
0.61		6.86
0.57		6.81
0.52		6.77
0.53		6.77
0.54		6.73
0.55		6.7
0.57		6.66
1.06		7.45
1		7.37
0.91		7.31
0.8		7.26
0.68		7.23
0.87		7.23
0.86		7.15
0.85		7.07
0.85		6.98
0.83		6.9
0.78		6.85
0.73		6.81
0.68		6.77
0.73		7.23
0.73		7.16
0.72		7.1
0.71		7.04
0.69		6.97
0.66		6.91
0.61		6.86
0.57		6.81
0.52		6.77
0.53		6.77
0.55		6.73
0.56		6.7
0.58		6.66
1.06		7.45
1		7.37
0.91		7.31
0.8		7.26
0.69		7.23
0.87		7.23
0.86		7.15
0.85		7.07
0.85		6.99
0.84		6.9
0.79		6.85
0.74		6.81
0.69		6.77
0.73		7.23
0.73		7.17
0.72		7.1
0.71		7.04
0.69		6.97
0.66		6.91
0.62		6.86
0.57		6.81
0.52		6.77
0.53		6.77
0.55		6.74
0.56		6.7
0.58		6.66
1.06		7.46
1		7.38
0.91		7.31
0.8		7.26
0.69		7.24
0.87		7.24
0.86		7.16
0.85		7.08
0.85		6.99
0.84		6.9
0.79		6.85
0.74		6.81
0.69		6.77
0.73		7.24
0.73		7.17
0.73		7.1
0.71		7.04
0.69		6.98
0.66		6.91
0.62		6.86
0.57		6.81
0.52		6.77
0.53		6.77
0.55		6.74
0.56		6.7
0.58		6.66
1.06		7.46
1.01		7.38
0.91		7.32
0.81		7.27
0.69		7.24
0.87		7.24
0.87		7.16
0.85		7.08
0.85		6.99
0.84		6.91
0.79		6.86
0.74		6.81
0.7		6.77
0.73		7.24
0.73		7.17
0.73		7.1
0.71		7.04
0.69		6.98
0.66		6.92
0.62		6.86
0.58		6.81
0.53		6.77
0.54		6.77
0.55		6.74
0.57		6.71
0.59		6.66
1.07		7.46
1.01		7.38
0.92		7.32
0.81		7.27
0.69		7.24
0.87		7.24
0.87		7.16
0.86		7.08
0.86		6.99
0.84		6.91
0.8		6.86
0.75		6.81
0.7		6.77
0.74		7.24
0.73		7.17
0.73		7.1
0.71		7.05
0.69		6.98
0.66		6.92
0.62		6.86
0.58		6.81
0.53		6.77
0.54		6.77
0.56		6.74
0.57		6.71
0.59		6.66
1.07		7.47
1.01		7.39
0.92		7.32
0.81		7.27
0.69		7.25
0.87		7.25
0.87		7.16
0.86		7.08
0.86		6.99
0.85		6.91
0.8		6.86
0.75		6.81
0.7		6.77
0.74		7.25
0.74		7.18
0.73		7.11
0.71		7.05
0.69		6.98
0.67		6.92
0.62		6.87
0.58		6.82
0.53		6.77
0.54		6.77
0.56		6.74
0.57		6.71
0.6		6.66
1.07		7.47
1.01		7.39
0.92		7.32
0.81		7.27
0.7		7.25
0.88		7.25
0.87		7.17
0.86		7.09
0.86		7
0.85		6.91
0.8		6.86
0.75		6.81
0.7		6.77
0.74		7.25
0.74		7.18
0.73		7.11
0.71		7.05
0.69		6.98
0.67		6.92
0.63		6.87
0.58		6.82
0.53		6.77
0.54		6.77
0.56		6.74
0.57		6.71
0.6		6.66
1.07		7.47
1.01		7.39
0.92		7.33
0.81		7.28
0.7		7.25
0.88		7.25
0.87		7.17
0.86		7.09
0.86		7
0.85		6.91
0.8		6.86
0.76		6.82
0.71		6.77
0.74		7.25
0.74		7.18
0.73		7.11
0.72		7.05
0.7		6.99
0.67		6.92
0.63		6.87
0.58		6.82
0.53		6.77
0.55		6.77
0.56		6.74
0.58		6.71
0.6		6.66
1.07		7.47
1.02		7.39
0.92		7.33
0.82		7.28
0.7		7.25
0.88		7.25
0.88		7.17
0.86		7.09
0.87		7
0.86		6.92
0.81		6.87
0.76		6.82
0.71		6.77
0.74		7.25
0.74		7.19
0.73		7.11
0.72		7.06
0.7		6.99
0.67		6.93
0.63		6.87
0.59		6.82
0.54		6.77
0.55		6.77
0.57		6.74
0.58		6.71
0.61		6.66
1.08		7.48
1.02		7.4
0.93		7.33
0.82		7.28
0.7		7.26
0.88		7.26
0.88		7.17
0.87		7.09
0.87		7
0.86		6.92
0.81		6.87
0.76		6.82
0.71		6.78
0.74		7.26
0.74		7.19
0.73		7.12
0.72		7.06
0.7		6.99
0.67		6.93
0.63		6.87
0.59		6.82
0.54		6.78
0.55		6.78
0.57		6.74
0.58		6.71
0.61		6.66
1.08		7.48
1.02		7.4
0.93		7.34
0.82		7.28
0.7		7.26
0.88		7.26
0.88		7.18
0.87		7.1
0.87		7
0.86		6.92
0.81		6.87
0.76		6.82
0.72		6.78
0.74		7.26
0.74		7.19
0.74		7.12
0.72		7.06
0.7		6.99
0.67		6.93
0.63		6.87
0.59		6.82
0.54		6.78
0.55		6.78
0.57		6.74
0.59		6.71
0.61		6.66
1.08		7.48
1.02		7.4
0.93		7.34
0.82		7.29
0.71		7.26
0.88		7.26
0.88		7.18
0.87		7.1
0.87		7.01
0.86		6.92
0.82		6.87
0.77		6.82
0.72		6.78
0.74		7.26
0.74		7.19
0.74		7.12
0.72		7.06
0.7		6.99
0.67		6.93
0.63		6.88
0.59		6.82
0.54		6.78
0.55		6.78
0.57		6.74
0.59		6.71
0.62		6.66
1.08		7.49
1.02		7.41
0.93		7.34
0.82		7.29
0.71		7.26
0.88		7.26
0.88		7.18
0.87		7.1
0.87		7.01
0.87		6.92
0.82		6.87
0.77		6.82
0.72		6.78
0.75		7.26
0.74		7.2
0.74		7.12
0.72		7.06
0.7		7
0.68		6.93
0.64		6.88
0.59		6.82
0.54		6.78
0.56		6.78
0.58		6.74
0.59		6.71
0.62		6.66
1.09		7.49
1.03		7.41
0.93		7.34
0.83		7.29
0.71		7.27
0.89		7.27
0.88		7.18
0.87		7.1
0.88		7.01
0.87		6.93
0.82		6.87
0.77		6.82
0.73		6.78
0.75		7.27
0.75		7.2
0.74		7.13
0.72		7.07
0.7		7
0.68		6.93
0.64		6.88
0.6		6.83
0.55		6.78
0.56		6.78
0.58		6.75
0.59		6.71
0.62		6.66
1.09		7.49
1.03		7.41
0.94		7.35
0.83		7.3
0.71		7.27
0.89		7.27
0.89		7.19
0.88		7.11
0.88		7.01
0.87		6.93
0.82		6.88
0.78		6.83
0.73		6.78
0.75		7.27
0.75		7.2
0.74		7.13
0.72		7.07
0.71		7
0.68		6.94
0.64		6.88
0.6		6.83
0.55		6.78
0.56		6.78
0.58		6.75
0.6		6.71
0.63		6.66
1.09		7.49
1.03		7.41
0.94		7.35
0.83		7.3
0.71		7.27
0.89		7.27
0.89		7.19
0.88		7.11
0.88		7.02
0.87		6.93
0.83		6.88
0.78		6.83
0.73		6.78
0.75		7.27
0.75		7.2
0.74		7.13
0.72		7.07
0.71		7
0.68		6.94
0.64		6.88
0.6		6.83
0.55		6.78
0.56		6.78
0.58		6.75
0.6		6.71
0.63		6.66
1.09		7.5
1.03		7.42
0.94		7.35
0.83		7.3
0.72		7.27
0.89		7.27
0.89		7.19
0.88		7.11
0.88		7.02
0.87		6.93
0.83		6.88
0.78		6.83
0.74		6.78
0.75		7.27
0.75		7.21
0.74		7.13
0.73		7.07
0.71		7
0.68		6.94
0.64		6.88
0.6		6.83
0.55		6.78
0.57		6.78
0.59		6.75
0.6		6.71
0.63		6.66
1.09		7.5
1.03		7.42
0.94		7.35
0.83		7.3
0.72		7.28
0.89		7.28
0.89		7.19
0.88		7.11
0.89		7.02
0.88		6.93
0.83		6.88
0.79		6.83
0.74		6.78
0.75		7.28
0.75		7.21
0.74		7.14
0.73		7.08
0.71		7.01
0.68		6.94
0.64		6.88
0.6		6.83
0.55		6.78
0.57		6.78
0.59		6.75
0.6		6.71
0.64		6.66
1.1		7.5
1.04		7.42
0.94		7.36
0.84		7.31
0.72		7.28
0.89		7.28
0.89		7.2
0.88		7.11
0.89		7.02
0.88		6.94
0.83		6.88
0.79		6.83
0.74		6.79
0.75		7.28
0.75		7.21
0.74		7.14
0.73		7.08
0.71		7.01
0.68		6.94
0.65		6.89
0.61		6.83
0.56		6.79
0.57		6.79
0.59		6.75
0.61		6.71
0.64		6.66
1.1		7.5
1.04		7.42
0.95		7.36
0.84		7.31
0.72		7.28
0.9		7.28
0.89		7.2
0.89		7.12
0.89		7.02
0.88		6.94
0.84		6.88
0.79		6.83
0.74		6.79
0.75		7.28
0.75		7.21
0.75		7.14
0.73		7.08
0.71		7.01
0.69		6.95
0.65		6.89
0.61		6.83
0.56		6.79
0.57		6.79
0.59		6.75
0.61		6.71
0.64		6.66
1.1		7.51
1.04		7.43
0.95		7.36
0.84		7.31
0.72		7.28
0.9		7.28
0.9		7.2
0.89		7.12
0.89		7.03
0.88		6.94
0.84		6.89
0.79		6.83
0.75		6.79
0.76		7.28
0.75		7.22
0.75		7.14
0.73		7.08
0.71		7.01
0.69		6.95
0.65		6.89
0.61		6.84
0.56		6.79
0.57		6.79
0.59		6.75
0.61		6.71
0.65		6.66
1.1		7.51
1.04		7.43
0.95		7.37
0.84		7.31
0.72		7.29
0.9		7.29
0.9		7.2
0.89		7.12
0.89		7.03
0.89		6.94
0.84		6.89
0.8		6.84
0.75		6.79
0.76		7.29
0.75		7.22
0.75		7.15
0.73		7.09
0.71		7.02
0.69		6.95
0.65		6.89
0.61		6.84
0.56		6.79
0.58		6.79
0.6		6.75
0.61		6.72
0.65		6.66
1.1		7.51
1.04		7.43
0.95		7.37
0.84		7.32
0.73		7.29
0.9		7.29
0.9		7.21
0.89		7.12
0.9		7.03
0.89		6.94
0.85		6.89
0.8		6.84
0.75		6.79
0.76		7.29
0.75		7.22
0.75		7.15
0.73		7.09
0.72		7.02
0.69		6.95
0.65		6.89
0.61		6.84
0.56		6.79
0.58		6.79
0.6		6.75
0.62		6.72
0.65		6.66
1.11		7.52
1.04		7.44
0.95		7.37
0.85		7.32
0.73		7.29
0.9		7.29
0.9		7.21
0.89		7.13
0.9		7.03
0.89		6.94
0.85		6.89
0.8		6.84
0.76		6.79
0.76		7.29
0.76		7.22
0.75		7.15
0.73		7.09
0.72		7.02
0.69		6.95
0.65		6.89
0.61		6.84
0.57		6.79
0.58		6.79
0.6		6.75
0.62		6.72
0.66		6.66
1.11		7.52
1.05		7.44
0.95		7.37
0.85		7.32
0.73		7.29
0.9		7.29
0.9		7.21
0.89		7.13
0.9		7.03
0.89		6.95
0.85		6.89
0.81		6.84
0.76		6.79
0.76		7.29
0.76		7.23
0.75		7.15
0.73		7.09
0.72		7.02
0.69		6.96
0.65		6.9
0.62		6.84
0.57		6.79
0.58		6.79
0.6		6.76
0.62		6.72
0.66		6.66
1.11		7.52
1.05		7.44
0.96		7.38
0.85		7.32
0.73		7.3
0.9		7.3
0.9		7.21
0.9		7.13
0.9		7.04
0.9		6.95
0.85		6.89
0.81		6.84
0.76		6.79
0.76		7.3
0.76		7.23
0.75		7.16
0.74		7.09
0.72		7.02
0.69		6.96
0.66		6.9
0.62		6.84
0.57		6.79
0.58		6.79
0.61		6.76
0.63		6.72
0.67		6.66
1.11		7.52
1.05		7.44
0.96		7.38
0.85		7.33
0.73		7.3
0.91		7.3
0.91		7.22
0.9		7.13
0.9		7.04
0.9		6.95
0.86		6.9
0.81		6.84
0.77		6.8
0.76		7.3
0.76		7.23
0.75		7.16
0.74		7.1
0.72		7.03
0.7		6.96
0.66		6.9
0.62		6.84
0.57		6.8
0.59		6.8
0.61		6.76
0.63		6.72
0.67		6.66
1.11		7.53
1.05		7.45
0.96		7.38
0.85		7.33
0.74		7.3
0.91		7.3
0.91		7.22
0.9		7.14
0.91		7.04
0.9		6.95
0.86		6.9
0.81		6.84
0.77		6.8
0.76		7.3
0.76		7.23
0.75		7.16
0.74		7.1
0.72		7.03
0.7		6.96
0.66		6.9
0.62		6.85
0.57		6.8
0.59		6.8
0.61		6.76
0.63		6.72
0.67		6.66
1.11		7.53
1.05		7.45
0.96		7.38
0.86		7.33
0.74		7.3
0.91		7.3
0.91		7.22
0.9		7.14
0.91		7.04
0.9		6.95
0.86		6.9
0.82		6.85
0.77		6.8
0.76		7.3
0.76		7.24
0.76		7.16
0.74		7.1
0.72		7.03
0.7		6.96
0.66		6.9
0.62		6.85
0.58		6.8
0.59		6.8
0.61		6.76
0.63		6.72
0.68		6.66
1.12		7.53
1.06		7.45
0.96		7.39
0.86		7.34
0.74		7.31
0.91		7.31
0.91		7.22
0.9		7.14
0.91		7.05
0.91		6.96
0.86		6.9
0.82		6.85
0.77		6.8
0.76		7.31
0.76		7.24
0.76		7.16
0.74		7.1
0.72		7.03
0.7		6.96
0.66		6.9
0.62		6.85
0.58		6.8
0.59		6.8
0.62		6.76
0.64		6.72
0.68		6.66
1.12		7.53
1.06		7.45
0.97		7.39
0.86		7.34
0.74		7.31
0.91		7.31
0.91		7.22
0.9		7.14
0.91		7.05
0.91		6.96
0.87		6.9
0.82		6.85
0.78		6.8
0.77		7.31
0.76		7.24
0.76		7.17
0.74		7.1
0.72		7.03
0.7		6.97
0.66		6.91
0.63		6.85
0.58		6.8
0.59		6.8
0.62		6.76
0.64		6.72
0.68		6.66
1.12		7.54
1.06		7.46
0.97		7.39
0.86		7.34
0.74		7.31
0.91		7.31
0.91		7.23
0.91		7.14
0.91		7.05
0.91		6.96
0.87		6.9
0.82		6.85
0.78		6.8
0.77		7.31
0.76		7.24
0.76		7.17
0.74		7.11
0.73		7.04
0.7		6.97
0.67		6.91
0.63		6.85
0.58		6.8
0.6		6.8
0.62		6.76
0.64		6.72
0.69		6.66
1.12		7.54
1.06		7.46
0.97		7.4
0.86		7.34
0.74		7.31
0.91		7.31
0.91		7.23
0.91		7.15
0.92		7.05
0.91		6.96
0.87		6.91
0.83		6.85
0.78		6.8
0.77		7.31
0.76		7.24
0.76		7.17
0.74		7.11
0.73		7.04
0.7		6.97
0.67		6.91
0.63		6.85
0.58		6.8
0.6		6.8
0.62		6.76
0.64		6.72
0.69		6.66
1.12		7.54
1.06		7.46
0.97		7.4
0.86		7.35
0.75		7.32
0.92		7.32
0.92		7.23
0.91		7.15
0.92		7.05
0.92		6.96
0.87		6.91
0.83		6.85
0.79		6.8
0.77		7.32
0.77		7.25
0.76		7.17
0.74		7.11
0.73		7.04
0.7		6.97
0.67		6.91
0.63		6.85
0.59		6.8
0.6		6.8
0.62		6.76
0.65		6.72
0.69		6.66
1.13		7.55
1.07		7.47
0.97		7.4
0.87		7.35
0.75		7.32
0.92		7.32
0.92		7.23
0.91		7.15
0.92		7.06
0.92		6.97
0.88		6.91
0.83		6.85
0.79		6.8
0.77		7.32
0.77		7.25
0.76		7.18
0.75		7.11
0.73		7.04
0.71		6.97
0.67		6.91
0.63		6.86
0.59		6.8
0.6		6.8
0.63		6.76
0.65		6.72
0.7		6.66
1.13		7.55
1.07		7.47
0.98		7.4
0.87		7.35
0.75		7.32
0.92		7.32
0.92		7.24
0.91		7.15
0.92		7.06
0.92		6.97
0.88		6.91
0.84		6.86
0.79		6.81
0.77		7.32
0.77		7.25
0.76		7.18
0.75		7.12
0.73		7.04
0.71		6.98
0.67		6.91
0.63		6.86
0.59		6.81
0.6		6.81
0.63		6.77
0.65		6.72
0.7		6.66
1.13		7.55
1.07		7.47
0.98		7.41
0.87		7.35
0.75		7.32
0.92		7.32
0.92		7.24
0.92		7.16
0.92		7.06
0.92		6.97
0.88		6.91
0.84		6.86
0.79		6.81
0.77		7.32
0.77		7.25
0.76		7.18
0.75		7.12
0.73		7.05
0.71		6.98
0.67		6.92
0.64		6.86
0.59		6.81
0.6		6.81
0.63		6.77
0.65		6.72
0.7		6.66
1.13		7.55
1.07		7.47
0.98		7.41
0.87		7.36
0.75		7.33
0.92		7.33
0.92		7.24
0.92		7.16
0.93		7.06
0.92		6.97
0.88		6.91
0.84		6.86
0.8		6.81
0.77		7.33
0.77		7.26
0.76		7.18
0.75		7.12
0.73		7.05
0.71		6.98
0.67		6.92
0.64		6.86
0.59		6.81
0.61		6.81
0.63		6.77
0.66		6.72
0.71		6.66
1.13		7.56
1.07		7.48
0.98		7.41
0.87		7.36
0.75		7.33
0.92		7.33
0.92		7.24
0.92		7.16
0.93		7.06
0.93		6.97
0.89		6.92
0.84		6.86
0.8		6.81
0.77		7.33
0.77		7.26
0.77		7.19
0.75		7.12
0.73		7.05
0.71		6.98
0.68		6.92
0.64		6.86
0.59		6.81
0.61		6.81
0.63		6.77
0.66		6.73
0.71		6.66
1.13		7.56
1.07		7.48
0.98		7.41
0.88		7.36
0.76		7.33
0.92		7.33
0.93		7.25
0.92		7.16
0.93		7.07
0.93		6.98
0.89		6.92
0.85		6.86
0.8		6.81
0.77		7.33
0.77		7.26
0.77		7.19
0.75		7.12
0.73		7.05
0.71		6.98
0.68		6.92
0.64		6.86
0.6		6.81
0.61		6.81
0.64		6.77
0.66		6.73
0.71		6.66
1.14		7.56
1.08		7.48
0.98		7.42
0.88		7.36
0.76		7.33
0.93		7.33
0.93		7.25
0.92		7.17
0.93		7.07
0.93		6.98
0.89		6.92
0.85		6.86
0.81		6.81
0.77		7.33
0.77		7.26
0.77		7.19
0.75		7.13
0.74		7.05
0.71		6.99
0.68		6.92
0.64		6.86
0.6		6.81
0.61		6.81
0.64		6.77
0.66		6.73
0.72		6.66
1.14		7.56
1.08		7.48
0.99		7.42
0.88		7.36
0.76		7.34
0.93		7.34
0.93		7.25
0.92		7.17
0.93		7.07
0.93		6.98
0.89		6.92
0.85		6.87
0.81		6.81
0.78		7.34
0.77		7.27
0.77		7.19
0.75		7.13
0.74		7.06
0.71		6.99
0.68		6.93
0.64		6.87
0.6		6.81
0.61		6.81
0.64		6.77
0.67		6.73
0.72		6.66
1.14		7.57
1.08		7.49
0.99		7.42
0.88		7.37
0.76		7.34
0.93		7.34
0.93		7.25
0.92		7.17
0.93		7.07
0.93		6.98
0.89		6.92
0.85		6.87
0.81		6.81
0.78		7.34
0.77		7.27
0.77		7.19
0.75		7.13
0.74		7.06
0.72		6.99
0.68		6.93
0.65		6.87
0.6		6.81
0.62		6.81
0.64		6.77
0.67		6.73
0.73		6.66
1.14		7.57
1.08		7.49
0.99		7.42
0.88		7.37
0.76		7.34
0.93		7.34
0.93		7.26
0.93		7.17
0.94		7.08
0.94		6.98
0.9		6.93
0.86		6.87
0.81		6.82
0.78		7.34
0.77		7.27
0.77		7.2
0.75		7.13
0.74		7.06
0.72		6.99
0.68		6.93
0.65		6.87
0.6		6.82
0.62		6.82
0.64		6.77
0.67		6.73
0.73		6.66
1.14		7.57
1.08		7.49
0.99		7.43
0.88		7.37
0.77		7.34
0.93		7.34
0.93		7.26
0.93		7.17
0.94		7.08
0.94		6.99
0.9		6.93
0.86		6.87
0.82		6.82
0.78		7.34
0.78		7.27
0.77		7.2
0.75		7.13
0.74		7.06
0.72		6.99
0.68		6.93
0.65		6.87
0.61		6.82
0.62		6.82
0.65		6.77
0.67		6.73
0.73		6.66
1.15		7.57
1.08		7.49
0.99		7.43
0.89		7.37
0.77		7.35
0.93		7.35
0.93		7.26
0.93		7.18
0.94		7.08
0.94		6.99
0.9		6.93
0.86		6.87
0.82		6.82
0.78		7.35
0.78		7.27
0.77		7.2
0.76		7.14
0.74		7.06
0.72		6.99
0.68		6.93
0.65		6.87
0.61		6.82
0.62		6.82
0.65		6.77
0.68		6.73
0.74		6.66
1.15		7.58
1.09		7.5
1		7.43
0.89		7.38
0.77		7.35
0.93		7.35
0.94		7.26
0.93		7.18
0.94		7.08
0.94		6.99
0.9		6.93
0.86		6.87
0.82		6.82
0.78		7.35
0.78		7.28
0.77		7.2
0.76		7.14
0.74		7.07
0.72		7
0.69		6.93
0.65		6.87
0.61		6.82
0.62		6.82
0.65		6.78
0.68		6.73
0.74		6.66
1.15		7.58
1.09		7.5
1		7.43
0.89		7.38
0.77		7.35
0.94		7.35
0.94		7.26
0.93		7.18
0.94		7.08
0.95		6.99
0.91		6.93
0.87		6.87
0.83		6.82
0.78		7.35
0.78		7.28
0.77		7.2
0.76		7.14
0.74		7.07
0.72		7
0.69		6.94
0.65		6.87
0.61		6.82
0.62		6.82
0.65		6.78
0.68		6.73
0.74		6.66
1.15		7.58
1.09		7.5
1		7.44
0.89		7.38
0.77		7.35
0.94		7.35
0.94		7.27
0.93		7.18
0.95		7.09
0.95		6.99
0.91		6.93
0.87		6.88
0.83		6.82
0.78		7.35
0.78		7.28
0.77		7.21
0.76		7.14
0.74		7.07
0.72		7
0.69		6.94
0.65		6.88
0.61		6.82
0.63		6.82
0.66		6.78
0.68		6.73
0.75		6.66
1.15		7.58
1.09		7.5
1		7.44
0.89		7.38
0.77		7.36
0.94		7.36
0.94		7.27
0.94		7.19
0.95		7.09
0.95		6.99
0.91		6.94
0.87		6.88
0.83		6.82
0.78		7.36
0.78		7.28
0.77		7.21
0.76		7.15
0.74		7.07
0.72		7
0.69		6.94
0.66		6.88
0.61		6.82
0.63		6.82
0.66		6.78
0.69		6.73
0.75		6.66
1.16		7.59
1.09		7.51
1		7.44
0.9		7.39
0.78		7.36
0.94		7.36
0.94		7.27
0.94		7.19
0.95		7.09
0.95		7
0.91		6.94
0.87		6.88
0.83		6.82
0.78		7.36
0.78		7.29
0.78		7.21
0.76		7.15
0.75		7.07
0.72		7
0.69		6.94
0.66		6.88
0.62		6.82
0.63		6.82
0.66		6.78
0.69		6.73
0.75		6.66
1.16		7.59
1.1		7.51
1		7.44
0.9		7.39
0.78		7.36
0.94		7.36
0.94		7.27
0.94		7.19
0.95		7.09
0.95		7
0.92		6.94
0.88		6.88
0.84		6.82
0.78		7.36
0.78		7.29
0.78		7.21
0.76		7.15
0.75		7.08
0.73		7.01
0.69		6.94
0.66		6.88
0.62		6.82
0.63		6.82
0.66		6.78
0.69		6.73
0.76		6.66
1.16		7.59
1.1		7.51
1.01		7.45
0.9		7.39
0.78		7.36
0.94		7.36
0.94		7.28
0.94		7.19
0.95		7.09
0.96		7
0.92		6.94
0.88		6.88
0.84		6.83
0.78		7.36
0.78		7.29
0.78		7.22
0.76		7.15
0.75		7.08
0.73		7.01
0.69		6.94
0.66		6.88
0.62		6.83
0.63		6.83
0.66		6.78
0.69		6.73
0.76		6.66
1.16		7.6
1.1		7.51
1.01		7.45
0.9		7.39
0.78		7.36
0.94		7.36
0.95		7.28
0.94		7.19
0.95		7.1
0.96		7
0.92		6.94
0.88		6.88
0.84		6.83
0.79		7.36
0.78		7.29
0.78		7.22
0.76		7.15
0.75		7.08
0.73		7.01
0.7		6.94
0.66		6.88
0.62		6.83
0.64		6.83
0.66		6.78
0.69		6.73
0.76		6.66
1.16		7.6
1.1		7.52
1.01		7.45
0.9		7.4
0.78		7.37
0.95		7.37
0.95		7.28
0.94		7.2
0.96		7.1
0.96		7
0.92		6.94
0.88		6.88
0.85		6.83
0.79		7.37
0.78		7.3
0.78		7.22
0.76		7.16
0.75		7.08
0.73		7.01
0.7		6.95
0.66		6.88
0.62		6.83
0.64		6.83
0.67		6.78
0.7		6.74
0.77		6.66
1.16		7.6
1.1		7.52
1.01		7.45
0.9		7.4
0.78		7.37
0.95		7.37
0.95		7.28
0.95		7.2
0.96		7.1
0.96		7.01
0.92		6.95
0.89		6.89
0.85		6.83
0.79		7.37
0.78		7.3
0.78		7.22
0.76		7.16
0.75		7.08
0.73		7.01
0.7		6.95
0.66		6.89
0.62		6.83
0.64		6.83
0.67		6.78
0.7		6.74
0.77		6.66
1.17		7.6
1.11		7.52
1.01		7.45
0.91		7.4
0.79		7.37
0.95		7.37
0.95		7.29
0.95		7.2
0.96		7.1
0.96		7.01
0.93		6.95
0.89		6.89
0.85		6.83
0.79		7.37
0.78		7.3
0.78		7.22
0.76		7.16
0.75		7.09
0.73		7.01
0.7		6.95
0.67		6.89
0.63		6.83
0.64		6.83
0.67		6.78
0.7		6.74
0.77		6.66
1.17		7.6
1.11		7.52
1.02		7.46
0.91		7.4
0.79		7.37
0.95		7.37
0.95		7.29
0.95		7.2
0.96		7.11
0.97		7.01
0.93		6.95
0.89		6.89
0.85		6.83
0.79		7.37
0.79		7.3
0.78		7.23
0.77		7.16
0.75		7.09
0.73		7.02
0.7		6.95
0.67		6.89
0.63		6.83
0.64		6.83
0.67		6.79
0.7		6.74
0.78		6.66
1.17		7.61
1.11		7.53
1.02		7.46
0.91		7.4
0.79		7.38
0.95		7.38
0.95		7.29
0.95		7.21
0.96		7.11
0.97		7.01
0.93		6.95
0.89		6.89
0.86		6.83
0.79		7.38
0.79		7.3
0.78		7.23
0.77		7.16
0.75		7.09
0.73		7.02
0.7		6.95
0.67		6.89
0.63		6.83
0.64		6.83
0.67		6.79
0.71		6.74
0.78		6.66
1.17		7.61
1.11		7.53
1.02		7.46
0.91		7.41
0.79		7.38
0.95		7.38
0.95		7.29
0.95		7.21
0.96		7.11
0.97		7.01
0.93		6.95
0.9		6.89
0.86		6.83
0.79		7.38
0.79		7.31
0.78		7.23
0.77		7.17
0.75		7.09
0.73		7.02
0.7		6.95
0.67		6.89
0.63		6.83
0.65		6.83
0.68		6.79
0.71		6.74
0.78		6.66
1.17		7.61
1.11		7.53
1.02		7.46
0.91		7.41
0.79		7.38
0.95		7.38
0.96		7.29
0.95		7.21
0.97		7.11
0.97		7.02
0.94		6.95
0.9		6.89
0.86		6.84
0.79		7.38
0.79		7.31
0.78		7.23
0.77		7.17
0.75		7.09
0.74		7.02
0.7		6.96
0.67		6.89
0.63		6.84
0.65		6.84
0.68		6.79
0.71		6.74
0.79		6.66
1.18		7.61
1.11		7.53
1.02		7.47
0.92		7.41
0.79		7.38
0.95		7.38
0.96		7.3
0.96		7.21
0.97		7.11
0.97		7.02
0.94		6.96
0.9		6.89
0.86		6.84
0.79		7.38
0.79		7.31
0.78		7.23
0.77		7.17
0.76		7.1
0.74		7.02
0.71		6.96
0.67		6.89
0.63		6.84
0.65		6.84
0.68		6.79
0.71		6.74
0.79		6.66
1.18		7.62
1.12		7.53
1.02		7.47
0.92		7.41
0.8		7.39
0.96		7.39
0.96		7.3
0.96		7.21
0.97		7.12
0.98		7.02
0.94		6.96
0.9		6.9
0.87		6.84
0.79		7.39
0.79		7.31
0.78		7.24
0.77		7.17
0.76		7.1
0.74		7.03
0.71		6.96
0.67		6.9
0.64		6.84
0.65		6.84
0.68		6.79
0.72		6.74
0.8		6.66
1.18		7.62
1.12		7.54
1.03		7.47
0.92		7.42
0.8		7.39
0.96		7.39
0.96		7.3
0.96		7.22
0.97		7.12
0.98		7.02
0.94		6.96
0.91		6.9
0.87		6.84
0.79		7.39
0.79		7.32
0.79		7.24
0.77		7.17
0.76		7.1
0.74		7.03
0.71		6.96
0.68		6.9
0.64		6.84
0.65		6.84
0.68		6.79
0.72		6.74
0.8		6.66
1.18		7.62
1.12		7.54
1.03		7.47
0.92		7.42
0.8		7.39
0.96		7.39
0.96		7.3
0.96		7.22
0.97		7.12
0.98		7.02
0.94		6.96
0.91		6.9
0.87		6.84
0.79		7.39
0.79		7.32
0.79		7.24
0.77		7.18
0.76		7.1
0.74		7.03
0.71		6.96
0.68		6.9
0.64		6.84
0.65		6.84
0.69		6.79
0.72		6.74
0.8		6.66
1.18		7.62
1.12		7.54
1.03		7.48
0.92		7.42
0.8		7.39
0.96		7.39
0.96		7.31
0.96		7.22
0.98		7.12
0.98		7.03
0.95		6.96
0.91		6.9
0.87		6.84
0.79		7.39
0.79		7.32
0.79		7.24
0.77		7.18
0.76		7.1
0.74		7.03
0.71		6.96
0.68		6.9
0.64		6.84
0.66		6.84
0.69		6.79
0.72		6.74
0.81		6.66
1.19		7.63
1.12		7.54
1.03		7.48
0.92		7.42
0.8		7.39
0.96		7.39
0.96		7.31
0.96		7.22
0.98		7.12
0.98		7.03
0.95		6.96
0.91		6.9
0.88		6.84
0.79		7.39
0.79		7.32
0.79		7.25
0.77		7.18
0.76		7.1
0.74		7.03
0.71		6.97
0.68		6.9
0.64		6.84
0.66		6.84
0.69		6.79
0.72		6.74
0.81		6.66
1.19		7.63
1.12		7.55
1.03		7.48
0.93		7.43
0.8		7.4
0.96		7.4
0.97		7.31
0.96		7.23
0.98		7.13
0.99		7.03
0.95		6.97
0.92		6.9
0.88		6.84
0.79		7.4
0.79		7.32
0.79		7.25
0.77		7.18
0.76		7.11
0.74		7.03
0.71		6.97
0.68		6.9
0.64		6.84
0.66		6.84
0.69		6.8
0.73		6.74
0.81		6.66
1.19		7.63
1.13		7.55
1.03		7.48
0.93		7.43
0.81		7.4
0.96		7.4
0.97		7.31
0.97		7.23
0.98		7.13
0.99		7.03
0.95		6.97
0.92		6.9
0.88		6.85
0.79		7.4
0.79		7.33
0.79		7.25
0.77		7.18
0.76		7.11
0.74		7.04
0.71		6.97
0.68		6.9
0.64		6.85
0.66		6.85
0.69		6.8
0.73		6.74
0.82		6.66
1.19		7.63
1.13		7.55
1.04		7.49
0.93		7.43
0.81		7.4
0.97		7.4
0.97		7.31
0.97		7.23
0.98		7.13
0.99		7.03
0.96		6.97
0.92		6.91
0.89		6.85
0.79		7.4
0.79		7.33
0.79		7.25
0.78		7.19
0.76		7.11
0.74		7.04
0.71		6.97
0.68		6.91
0.65		6.85
0.66		6.85
0.69		6.8
0.73		6.75
0.82		6.66
1.19		7.64
1.13		7.55
1.04		7.49
0.93		7.43
0.81		7.4
0.97		7.4
0.97		7.32
0.97		7.23
0.98		7.13
0.99		7.03
0.96		6.97
0.92		6.91
0.89		6.85
0.79		7.4
0.79		7.33
0.79		7.25
0.78		7.19
0.76		7.11
0.75		7.04
0.72		6.97
0.69		6.91
0.65		6.85
0.66		6.85
0.7		6.8
0.73		6.75
0.82		6.66
1.19		7.64
1.13		7.56
1.04		7.49
0.93		7.43
0.81		7.41
0.97		7.41
0.97		7.32
0.97		7.23
0.99		7.13
0.99		7.04
0.96		6.97
0.93		6.91
0.89		6.85
0.8		7.41
0.79		7.33
0.79		7.26
0.78		7.19
0.76		7.11
0.75		7.04
0.72		6.97
0.69		6.91
0.65		6.85
0.66		6.85
0.7		6.8
0.74		6.75
0.83		6.66
1.2		7.64
1.13		7.56
1.04		7.49
0.93		7.44
0.81		7.41
0.97		7.41
0.97		7.32
0.97		7.24
0.99		7.14
1		7.04
0.96		6.97
0.93		6.91
0.89		6.85
0.8		7.41
0.8		7.33
0.79		7.26
0.78		7.19
0.77		7.12
0.75		7.04
0.72		6.98
0.69		6.91
0.65		6.85
0.67		6.85
0.7		6.8
0.74		6.75
0.83		6.66
1.2		7.64
1.13		7.56
1.04		7.49
0.94		7.44
0.81		7.41
0.97		7.41
0.98		7.32
0.97		7.24
0.99		7.14
1		7.04
0.96		6.98
0.93		6.91
0.9		6.85
0.8		7.41
0.8		7.34
0.79		7.26
0.78		7.19
0.77		7.12
0.75		7.04
0.72		6.98
0.69		6.91
0.65		6.85
0.67		6.85
0.7		6.8
0.74		6.75
0.83		6.66
1.2		7.64
1.14		7.56
1.04		7.5
0.94		7.44
0.81		7.41
0.97		7.41
0.98		7.33
0.98		7.24
0.99		7.14
1		7.04
0.97		6.98
0.93		6.91
0.9		6.85
0.8		7.41
0.8		7.34
0.79		7.26
0.78		7.2
0.77		7.12
0.75		7.05
0.72		6.98
0.69		6.91
0.65		6.85
0.67		6.85
0.7		6.8
0.74		6.75
0.84		6.66
1.2		7.65
1.14		7.57
1.05		7.5
0.94		7.44
0.82		7.41
0.97		7.41
0.98		7.33
0.98		7.24
0.99		7.14
1		7.04
0.97		6.98
0.94		6.92
0.9		6.85
0.8		7.41
0.8		7.34
0.79		7.26
0.78		7.2
0.77		7.12
0.75		7.05
0.72		6.98
0.69		6.91
0.66		6.85
0.67		6.85
0.71		6.8
0.74		6.75
0.84		6.66
1.2		7.65
1.14		7.57
1.05		7.5
0.94		7.45
0.82		7.42
0.97		7.42
0.98		7.33
0.98		7.24
0.99		7.14
1		7.05
0.97		6.98
0.94		6.92
0.9		6.85
0.8		7.42
0.8		7.34
0.8		7.27
0.78		7.2
0.77		7.12
0.75		7.05
0.72		6.98
0.69		6.92
0.66		6.85
0.67		6.85
0.71		6.8
0.75		6.75
0.84		6.66
1.2		7.65
1.14		7.57
1.05		7.5
0.94		7.45
0.82		7.42
0.98		7.42
0.98		7.33
0.98		7.25
1		7.15
1.01		7.05
0.97		6.98
0.94		6.92
0.91		6.86
0.8		7.42
0.8		7.35
0.8		7.27
0.78		7.2
0.77		7.13
0.75		7.05
0.72		6.98
0.69		6.92
0.66		6.86
0.67		6.86
0.71		6.81
0.75		6.75
0.85		6.66
1.21		7.65
1.14		7.57
1.05		7.51
0.94		7.45
0.82		7.42
0.98		7.42
0.98		7.33
0.98		7.25
1		7.15
1.01		7.05
0.98		6.98
0.94		6.92
0.91		6.86
0.8		7.42
0.8		7.35
0.8		7.27
0.78		7.2
0.77		7.13
0.75		7.05
0.72		6.99
0.7		6.92
0.66		6.86
0.68		6.86
0.71		6.81
0.75		6.75
0.85		6.66
1.21		7.66
1.15		7.57
1.05		7.51
0.95		7.45
0.82		7.42
0.98		7.42
0.98		7.34
0.98		7.25
1		7.15
1.01		7.05
0.98		6.99
0.95		6.92
0.91		6.86
0.8		7.42
0.8		7.35
0.8		7.27
0.78		7.21
0.77		7.13
0.75		7.05
0.73		6.99
0.7		6.92
0.66		6.86
0.68		6.86
0.71		6.81
0.75		6.75
0.86		6.66
1.21		7.66
1.15		7.58
1.05		7.51
0.95		7.45
0.82		7.43
0.98		7.43
0.99		7.34
0.99		7.25
1		7.15
1.01		7.05
0.98		6.99
0.95		6.92
0.91		6.86
0.8		7.43
0.8		7.35
0.8		7.27
0.78		7.21
0.77		7.13
0.76		7.06
0.73		6.99
0.7		6.92
0.66		6.86
0.68		6.86
0.71		6.81
0.75		6.75
0.86		6.66
1.21		7.66
1.15		7.58
1.06		7.51
0.95		7.46
0.83		7.43
0.98		7.43
0.99		7.34
0.99		7.25
1		7.15
1.01		7.05
0.98		6.99
0.95		6.92
0.92		6.86
0.8		7.43
0.8		7.35
0.8		7.28
0.78		7.21
0.77		7.13
0.76		7.06
0.73		6.99
0.7		6.92
0.66		6.86
0.68		6.86
0.72		6.81
0.76		6.75
0.86		6.66
1.21		7.66
1.15		7.58
1.06		7.51
0.95		7.46
0.83		7.43
0.98		7.43
0.99		7.34
0.99		7.26
1.01		7.15
1.02		7.06
0.98		6.99
0.95		6.93
0.92		6.86
0.8		7.43
0.8		7.36
0.8		7.28
0.78		7.21
0.77		7.13
0.76		7.06
0.73		6.99
0.7		6.92
0.67		6.86
0.68		6.86
0.72		6.81
0.76		6.75
0.87		6.66
1.21		7.67
1.15		7.58
1.06		7.52
0.95		7.46
0.83		7.43
0.98		7.43
0.99		7.34
0.99		7.26
1.01		7.16
1.02		7.06
0.99		6.99
0.95		6.93
0.92		6.86
0.8		7.43
0.8		7.36
0.8		7.28
0.79		7.21
0.77		7.14
0.76		7.06
0.73		6.99
0.7		6.93
0.67		6.86
0.68		6.86
0.72		6.81
0.76		6.76
0.87		6.66
1.22		7.67
1.15		7.59
1.06		7.52
0.95		7.46
0.83		7.43
0.98		7.43
0.99		7.35
0.99		7.26
1.01		7.16
1.02		7.06
0.99		6.99
0.96		6.93
0.92		6.86
0.8		7.43
0.8		7.36
0.8		7.28
0.79		7.22
0.78		7.14
0.76		7.06
0.73		6.99
0.7		6.93
0.67		6.86
0.68		6.86
0.72		6.81
0.76		6.76
0.87		6.66
1.22		7.67
1.16		7.59
1.06		7.52
0.96		7.47
0.83		7.44
0.98		7.44
0.99		7.35
0.99		7.26
1.01		7.16
1.02		7.06
0.99		7
0.96		6.93
0.93		6.87
0.8		7.44
0.8		7.36
0.8		7.28
0.79		7.22
0.78		7.14
0.76		7.07
0.73		7
0.71		6.93
0.67		6.87
0.69		6.87
0.72		6.81
0.77		6.76
0.88		6.66
1.22		7.67
1.16		7.59
1.06		7.52
0.96		7.47
0.83		7.44
0.99		7.44
0.99		7.35
0.99		7.26
1.01		7.16
1.02		7.06
0.99		7
0.96		6.93
0.93		6.87
0.8		7.44
0.8		7.36
0.8		7.29
0.79		7.22
0.78		7.14
0.76		7.07
0.73		7
0.71		6.93
0.67		6.87
0.69		6.87
0.72		6.82
0.77		6.76
0.88		6.66
1.22		7.68
1.16		7.59
1.07		7.53
0.96		7.47
0.83		7.44
0.99		7.44
0.99		7.35
1		7.27
1.01		7.16
1.03		7.06
0.99		7
0.96		6.93
0.93		6.87
0.8		7.44
0.8		7.37
0.8		7.29
0.79		7.22
0.78		7.14
0.76		7.07
0.73		7
0.71		6.93
0.67		6.87
0.69		6.87
0.73		6.82
0.77		6.76
0.88		6.66
1.22		7.68
1.16		7.6
1.07		7.53
0.96		7.47
0.84		7.44
0.99		7.44
1		7.35
1		7.27
1.01		7.17
1.03		7.07
1		7
0.97		6.93
0.93		6.87
0.81		7.44
0.81		7.37
0.8		7.29
0.79		7.22
0.78		7.15
0.76		7.07
0.74		7
0.71		6.93
0.67		6.87
0.69		6.87
0.73		6.82
0.77		6.76
0.89		6.66
1.22		7.68
1.16		7.6
1.07		7.53
0.96		7.47
0.84		7.44
0.99		7.44
1		7.36
1		7.27
1.02		7.17
1.03		7.07
1		7
0.97		6.94
0.94		6.87
0.81		7.44
0.81		7.37
0.8		7.29
0.79		7.22
0.78		7.15
0.76		7.07
0.74		7
0.71		6.93
0.68		6.87
0.69		6.87
0.73		6.82
0.77		6.76
0.89		6.66
1.23		7.68
1.16		7.6
1.07		7.53
0.96		7.48
0.84		7.45
0.99		7.45
1		7.36
1		7.27
1.02		7.17
1.03		7.07
1		7
0.97		6.94
0.94		6.87
0.81		7.45
0.81		7.37
0.81		7.29
0.79		7.23
0.78		7.15
0.77		7.07
0.74		7
0.71		6.94
0.68		6.87
0.69		6.87
0.73		6.82
0.78		6.76
0.89		6.66
1.23		7.68
1.17		7.6
1.07		7.53
0.97		7.48
0.84		7.45
0.99		7.45
1		7.36
1		7.27
1.02		7.17
1.03		7.07
1		7.01
0.97		6.94
0.94		6.87
0.81		7.45
0.81		7.37
0.81		7.3
0.79		7.23
0.78		7.15
0.77		7.08
0.74		7.01
0.71		6.94
0.68		6.87
0.69		6.87
0.73		6.82
0.78		6.76
0.9		6.66
1.23		7.69
1.17		7.6
1.07		7.54
0.97		7.48
0.84		7.45
0.99		7.45
1		7.36
1		7.28
1.02		7.17
1.03		7.07
1		7.01
0.97		6.94
0.94		6.87
0.81		7.45
0.81		7.38
0.81		7.3
0.79		7.23
0.78		7.15
0.77		7.08
0.74		7.01
0.71		6.94
0.68		6.87
0.7		6.87
0.73		6.82
0.78		6.76
0.9		6.66
1.23		7.69
1.17		7.61
1.08		7.54
0.97		7.48
0.84		7.45
0.99		7.45
1		7.36
1		7.28
1.02		7.18
1.04		7.08
1.01		7.01
0.98		6.94
0.95		6.88
0.81		7.45
0.81		7.38
0.81		7.3
0.79		7.23
0.78		7.15
0.77		7.08
0.74		7.01
0.71		6.94
0.68		6.88
0.7		6.88
0.74		6.82
0.78		6.76
0.9		6.66
1.23		7.69
1.17		7.61
1.08		7.54
0.97		7.48
0.85		7.45
0.99		7.45
1		7.37
1		7.28
1.02		7.18
1.04		7.08
1.01		7.01
0.98		6.94
0.95		6.88
0.81		7.45
0.81		7.38
0.81		7.3
0.79		7.23
0.78		7.16
0.77		7.08
0.74		7.01
0.72		6.94
0.68		6.88
0.7		6.88
0.74		6.82
0.78		6.76
0.91		6.66
1.23		7.69
1.17		7.61
1.08		7.54
0.97		7.49
0.85		7.46
0.99		7.46
1		7.37
1.01		7.28
1.03		7.18
1.04		7.08
1.01		7.01
0.98		6.94
0.95		6.88
0.81		7.46
0.81		7.38
0.81		7.3
0.79		7.24
0.78		7.16
0.77		7.08
0.74		7.01
0.72		6.94
0.68		6.88
0.7		6.88
0.74		6.82
0.79		6.76
0.91		6.66
1.24		7.7
1.17		7.61
1.08		7.55
0.97		7.49
0.85		7.46
1		7.46
1		7.37
1.01		7.28
1.03		7.18
1.04		7.08
1.01		7.01
0.98		6.95
0.95		6.88
0.81		7.46
0.81		7.38
0.81		7.31
0.8		7.24
0.79		7.16
0.77		7.08
0.74		7.01
0.72		6.94
0.69		6.88
0.7		6.88
0.74		6.83
0.79		6.77
0.91		6.66
1.24		7.7
1.17		7.62
1.08		7.55
0.97		7.49
0.85		7.46
1		7.46
1.01		7.37
1.01		7.29
1.03		7.18
1.04		7.08
1.01		7.02
0.99		6.95
0.96		6.88
0.81		7.46
0.81		7.39
0.81		7.31
0.8		7.24
0.79		7.16
0.77		7.09
0.75		7.02
0.72		6.95
0.69		6.88
0.7		6.88
0.74		6.83
0.79		6.77
0.92		6.66
1.24		7.7
1.18		7.62
1.08		7.55
0.98		7.49
0.85		7.46
1		7.46
1.01		7.37
1.01		7.29
1.03		7.19
1.04		7.08
1.02		7.02
0.99		6.95
0.96		6.88
0.81		7.46
0.81		7.39
0.81		7.31
0.8		7.24
0.79		7.16
0.77		7.09
0.75		7.02
0.72		6.95
0.69		6.88
0.7		6.88
0.74		6.83
0.79		6.77
0.92		6.66
1.24		7.7
1.18		7.62
1.09		7.55
0.98		7.5
0.85		7.46
1		7.46
1.01		7.38
1.01		7.29
1.03		7.19
1.05		7.09
1.02		7.02
0.99		6.95
0.96		6.88
0.81		7.46
0.81		7.39
0.81		7.31
0.8		7.24
0.79		7.17
0.77		7.09
0.75		7.02
0.72		6.95
0.69		6.88
0.71		6.88
0.74		6.83
0.79		6.77
0.93		6.66
1.24		7.7
1.18		7.62
1.09		7.55
0.98		7.5
0.85		7.47
1		7.47
1.01		7.38
1.01		7.29
1.03		7.19
1.05		7.09
1.02		7.02
0.99		6.95
0.96		6.88
0.81		7.47
0.81		7.39
0.81		7.31
0.8		7.25
0.79		7.17
0.77		7.09
0.75		7.02
0.72		6.95
0.69		6.88
0.71		6.88
0.75		6.83
0.8		6.77
0.93		6.66
1.24		7.71
1.18		7.62
1.09		7.56
0.98		7.5
0.86		7.47
1		7.47
1.01		7.38
1.01		7.29
1.04		7.19
1.05		7.09
1.02		7.02
0.99		6.95
0.96		6.89
0.81		7.47
0.81		7.39
0.81		7.32
0.8		7.25
0.79		7.17
0.77		7.09
0.75		7.02
0.72		6.95
0.69		6.89
0.71		6.89
0.75		6.83
0.8		6.77
0.93		6.66
1.25		7.71
1.18		7.63
1.09		7.56
0.98		7.5
0.86		7.47
1		7.47
1.01		7.38
1.01		7.3
1.04		7.19
1.05		7.09
1.02		7.02
1		6.95
0.97		6.89
0.81		7.47
0.81		7.4
0.81		7.32
0.8		7.25
0.79		7.17
0.78		7.09
0.75		7.02
0.73		6.95
0.69		6.89
0.71		6.89
0.75		6.83
0.8		6.77
0.94		6.66
1.25		7.71
1.18		7.63
1.09		7.56
0.98		7.5
0.86		7.47
1		7.47
1.01		7.38
1.02		7.3
1.04		7.19
1.05		7.09
1.03		7.03
1		6.96
0.97		6.89
0.81		7.47
0.81		7.4
0.81		7.32
0.8		7.25
0.79		7.17
0.78		7.1
0.75		7.03
0.73		6.95
0.69		6.89
0.71		6.89
0.75		6.83
0.8		6.77
0.94		6.66
1.25		7.71
1.19		7.63
1.09		7.56
0.99		7.51
0.86		7.47
1.01		7.47
1.01		7.39
1.02		7.3
1.04		7.2
1.06		7.09
1.03		7.03
1		6.96
0.97		6.89
0.81		7.47
0.81		7.4
0.81		7.32
0.8		7.25
0.79		7.17
0.78		7.1
0.75		7.03
0.73		6.96
0.7		6.89
0.71		6.89
0.75		6.83
0.8		6.77
0.94		6.66
1.25		7.71
1.19		7.63
1.1		7.56
0.99		7.51
0.86		7.48
1.01		7.48
1.01		7.39
1.02		7.3
1.04		7.2
1.06		7.1
1.03		7.03
1		6.96
0.97		6.89
0.81		7.48
0.82		7.4
0.81		7.32
0.8		7.25
0.79		7.18
0.78		7.1
0.75		7.03
0.73		6.96
0.7		6.89
0.71		6.89
0.75		6.83
0.8		6.77
0.95		6.66
1.25		7.72
1.19		7.63
1.1		7.57
0.99		7.51
0.86		7.48
1.01		7.48
1.02		7.39
1.02		7.3
1.04		7.2
1.06		7.1
1.03		7.03
1		6.96
0.98		6.89
0.81		7.48
0.82		7.4
0.81		7.32
0.8		7.26
0.79		7.18
0.78		7.1
0.75		7.03
0.73		6.96
0.7		6.89
0.72		6.89
0.76		6.84
0.81		6.77
0.95		6.66
1.25		7.72
1.19		7.64
1.1		7.57
0.99		7.51
0.86		7.48
1.01		7.48
1.02		7.39
1.02		7.31
1.04		7.2
1.06		7.1
1.03		7.03
1.01		6.96
0.98		6.89
0.82		7.48
0.82		7.41
0.82		7.33
0.8		7.26
0.79		7.18
0.78		7.1
0.76		7.03
0.73		6.96
0.7		6.89
0.72		6.89
0.76		6.84
0.81		6.77
0.95		6.66
1.26		7.72
1.19		7.64
1.1		7.57
0.99		7.51
0.87		7.48
1.01		7.48
1.02		7.39
1.02		7.31
1.05		7.2
1.06		7.1
1.03		7.03
1.01		6.96
0.98		6.89
0.82		7.48
0.82		7.41
0.82		7.33
0.8		7.26
0.79		7.18
0.78		7.1
0.76		7.03
0.73		6.96
0.7		6.89
0.72		6.89
0.76		6.84
0.81		6.77
0.96		6.66
1.26		7.72
1.19		7.64
1.1		7.57
0.99		7.52
0.87		7.48
1.01		7.48
1.02		7.4
1.02		7.31
1.05		7.21
1.06		7.1
1.04		7.04
1.01		6.96
0.98		6.9
0.82		7.48
0.82		7.41
0.82		7.33
0.8		7.26
0.8		7.18
0.78		7.11
0.76		7.03
0.73		6.96
0.7		6.9
0.72		6.9
0.76		6.84
0.81		6.78
0.96		6.66
1.26		7.72
1.2		7.64
1.1		7.57
1		7.52
0.87		7.49
1.01		7.49
1.02		7.4
1.03		7.31
1.05		7.21
1.07		7.1
1.04		7.04
1.01		6.97
0.99		6.9
0.82		7.49
0.82		7.41
0.82		7.33
0.8		7.26
0.8		7.18
0.78		7.11
0.76		7.04
0.73		6.96
0.7		6.9
0.72		6.9
0.76		6.84
0.81		6.78
0.96		6.66
1.26		7.73
1.2		7.64
1.11		7.58
1		7.52
0.87		7.49
1.01		7.49
1.02		7.4
1.03		7.31
1.05		7.21
1.07		7.11
1.04		7.04
1.02		6.97
0.99		6.9
0.82		7.49
0.82		7.41
0.82		7.33
0.8		7.27
0.8		7.19
0.78		7.11
0.76		7.04
0.74		6.97
0.7		6.9
0.72		6.9
0.76		6.84
0.82		6.78
0.97		6.66
1.26		7.73
1.2		7.65
1.11		7.58
1		7.52
0.87		7.49
1.02		7.49
1.02		7.4
1.03		7.32
1.05		7.21
1.07		7.11
1.04		7.04
1.02		6.97
0.99		6.9
0.82		7.49
0.82		7.42
0.82		7.34
0.81		7.27
0.8		7.19
0.78		7.11
0.76		7.04
0.74		6.97
0.71		6.9
0.72		6.9
0.76		6.84
0.82		6.78
0.97		6.66
1.26		7.73
1.2		7.65
1.11		7.58
1		7.52
0.87		7.49
1.02		7.49
1.02		7.4
1.03		7.32
1.05		7.21
1.07		7.11
1.04		7.04
1.02		6.97
0.99		6.9
0.82		7.49
0.82		7.42
0.82		7.34
0.81		7.27
0.8		7.19
0.78		7.11
0.76		7.04
0.74		6.97
0.71		6.9
0.72		6.9
0.77		6.84
0.82		6.78
0.97		6.66
1.27		7.73
1.2		7.65
1.11		7.58
1		7.52
0.87		7.49
1.02		7.49
1.03		7.41
1.03		7.32
1.05		7.22
1.07		7.11
1.05		7.04
1.02		6.97
1		6.9
0.82		7.49
0.82		7.42
0.82		7.34
0.81		7.27
0.8		7.19
0.79		7.11
0.76		7.04
0.74		6.97
0.71		6.9
0.73		6.9
0.77		6.84
0.82		6.78
0.98		6.66
1.27		7.73
1.2		7.65
1.11		7.58
1		7.53
0.88		7.5
1.02		7.5
1.03		7.41
1.03		7.32
1.06		7.22
1.07		7.11
1.05		7.05
1.02		6.97
1		6.9
0.82		7.5
0.82		7.42
0.82		7.34
0.81		7.27
0.8		7.19
0.79		7.12
0.76		7.04
0.74		6.97
0.71		6.9
0.73		6.9
0.77		6.85
0.82		6.78
0.98		6.66
1.27		7.74
1.21		7.65
1.11		7.59
1		7.53
0.88		7.5
1.02		7.5
1.03		7.41
1.03		7.32
1.06		7.22
1.08		7.12
1.05		7.05
1.03		6.98
1		6.9
0.82		7.5
0.82		7.42
0.82		7.34
0.81		7.27
0.8		7.2
0.79		7.12
0.76		7.04
0.74		6.97
0.71		6.9
0.73		6.9
0.77		6.85
0.82		6.78
0.99		6.66
1.27		7.74
1.21		7.66
1.12		7.59
1.01		7.53
0.88		7.5
1.02		7.5
1.03		7.41
1.03		7.33
1.06		7.22
1.08		7.12
1.05		7.05
1.03		6.98
1		6.91
0.82		7.5
0.82		7.42
0.82		7.34
0.81		7.28
0.8		7.2
0.79		7.12
0.76		7.05
0.74		6.97
0.71		6.91
0.73		6.91
0.77		6.85
0.83		6.78
0.99		6.66
1.27		7.74
1.21		7.66
1.12		7.59
1.01		7.53
0.88		7.5
1.02		7.5
1.03		7.41
1.03		7.33
1.06		7.22
1.08		7.12
1.05		7.05
1.03		6.98
1		6.91
0.82		7.5
0.82		7.43
0.82		7.35
0.81		7.28
0.8		7.2
0.79		7.12
0.77		7.05
0.74		6.98
0.71		6.91
0.73		6.91
0.77		6.85
0.83		6.78
0.99		6.66
1.27		7.74
1.21		7.66
1.12		7.59
1.01		7.53
0.88		7.5
1.02		7.5
1.03		7.42
1.04		7.33
1.06		7.22
1.08		7.12
1.06		7.05
1.03		6.98
1.01		6.91
0.82		7.5
0.82		7.43
0.82		7.35
0.81		7.28
0.8		7.2
0.79		7.12
0.77		7.05
0.74		6.98
0.71		6.91
0.73		6.91
0.77		6.85
0.83		6.78
1		6.66
1.28		7.74
1.21		7.66
1.12		7.59
1.01		7.54
0.88		7.51
1.02		7.51
1.03		7.42
1.04		7.33
1.06		7.23
1.08		7.12
1.06		7.05
1.03		6.98
1.01		6.91
0.82		7.51
0.82		7.43
0.82		7.35
0.81		7.28
0.8		7.2
0.79		7.12
0.77		7.05
0.74		6.98
0.71		6.91
0.73		6.91
0.78		6.85
0.83		6.78
1		6.66
1.28		7.75
1.21		7.66
1.12		7.6
1.01		7.54
0.88		7.51
1.03		7.51
1.03		7.42
1.04		7.33
1.06		7.23
1.08		7.12
1.06		7.06
1.04		6.98
1.01		6.91
0.82		7.51
0.82		7.43
0.82		7.35
0.81		7.28
0.8		7.2
0.79		7.13
0.77		7.05
0.75		6.98
0.72		6.91
0.73		6.91
0.78		6.85
0.83		6.78
1		6.66
1.28		7.75
1.22		7.67
1.12		7.6
1.01		7.54
0.89		7.51
1.03		7.51
1.03		7.42
1.04		7.33
1.07		7.23
1.09		7.13
1.06		7.06
1.04		6.98
1.01		6.91
0.82		7.51
0.82		7.43
0.82		7.35
0.81		7.29
0.8		7.21
0.79		7.13
0.77		7.05
0.75		6.98
0.72		6.91
0.74		6.91
0.78		6.85
0.84		6.79
1.01		6.66
1.28		7.75
1.22		7.67
1.13		7.6
1.02		7.54
0.89		7.51
1.03		7.51
1.04		7.42
1.04		7.34
1.07		7.23
1.09		7.13
1.06		7.06
1.04		6.99
1.02		6.91
0.82		7.51
0.82		7.44
0.82		7.36
0.81		7.29
0.8		7.21
0.79		7.13
0.77		7.06
0.75		6.98
0.72		6.91
0.74		6.91
0.78		6.85
0.84		6.79
1.01		6.66
1.28		7.75
1.22		7.67
1.13		7.6
1.02		7.54
0.89		7.51
1.03		7.51
1.04		7.43
1.04		7.34
1.07		7.23
1.09		7.13
1.06		7.06
1.04		6.99
1.02		6.91
0.82		7.51
0.83		7.44
0.82		7.36
0.81		7.29
0.81		7.21
0.79		7.13
0.77		7.06
0.75		6.98
0.72		6.91
0.74		6.91
0.78		6.85
0.84		6.79
1.01		6.66
1.28		7.75
1.22		7.67
1.13		7.6
1.02		7.55
0.89		7.52
1.03		7.52
1.04		7.43
1.04		7.34
1.07		7.24
1.09		7.13
1.07		7.06
1.04		6.99
1.02		6.92
0.82		7.52
0.83		7.44
0.83		7.36
0.81		7.29
0.81		7.21
0.79		7.13
0.77		7.06
0.75		6.99
0.72		6.92
0.74		6.92
0.78		6.86
0.84		6.79
1.02		6.66
1.29		7.76
1.22		7.67
1.13		7.61
1.02		7.55
0.89		7.52
1.03		7.52
1.04		7.43
1.04		7.34
1.07		7.24
1.09		7.13
1.07		7.06
1.05		6.99
1.02		6.92
0.83		7.52
0.83		7.44
0.83		7.36
0.81		7.29
0.81		7.21
0.79		7.13
0.77		7.06
0.75		6.99
0.72		6.92
0.74		6.92
0.78		6.86
0.84		6.79
1.02		6.66
1.29		7.76
1.22		7.68
1.13		7.61
1.02		7.55
0.89		7.52
1.03		7.52
1.04		7.43
1.05		7.34
1.07		7.24
1.09		7.14
1.07		7.06
1.05		6.99
1.02		6.92
0.83		7.52
0.83		7.44
0.83		7.36
0.81		7.29
0.81		7.21
0.8		7.14
0.77		7.06
0.75		6.99
0.72		6.92
0.74		6.92
0.79		6.86
0.84		6.79
1.02		6.66
1.29		7.76
1.23		7.68
1.13		7.61
1.02		7.55
0.89		7.52
1.03		7.52
1.04		7.43
1.05		7.35
1.07		7.24
1.1		7.14
1.07		7.07
1.05		6.99
1.03		6.92
0.83		7.52
0.83		7.45
0.83		7.36
0.82		7.3
0.81		7.22
0.8		7.14
0.77		7.06
0.75		6.99
0.72		6.92
0.74		6.92
0.79		6.86
0.85		6.79
1.03		6.66
1.29		7.76
1.23		7.68
1.13		7.61
1.02		7.55
0.9		7.52
1.03		7.52
1.04		7.44
1.05		7.35
1.07		7.24
1.1		7.14
1.07		7.07
1.05		6.99
1.03		6.92
0.83		7.52
0.83		7.45
0.83		7.37
0.82		7.3
0.81		7.22
0.8		7.14
0.77		7.06
0.75		6.99
0.72		6.92
0.74		6.92
0.79		6.86
0.85		6.79
1.03		6.66
1.29		7.76
1.23		7.68
1.14		7.61
1.03		7.56
0.9		7.52
1.04		7.52
1.04		7.44
1.05		7.35
1.08		7.25
1.1		7.14
1.07		7.07
1.05		7
1.03		6.92
0.83		7.52
0.83		7.45
0.83		7.37
0.82		7.3
0.81		7.22
0.8		7.14
0.78		7.07
0.75		6.99
0.73		6.92
0.75		6.92
0.79		6.86
0.85		6.79
1.03		6.66
1.29		7.77
1.23		7.68
1.14		7.61
1.03		7.56
0.9		7.53
1.04		7.53
1.04		7.44
1.05		7.35
1.08		7.25
1.1		7.14
1.08		7.07
1.06		7
1.03		6.92
0.83		7.53
0.83		7.45
0.83		7.37
0.82		7.3
0.81		7.22
0.8		7.14
0.78		7.07
0.76		6.99
0.73		6.92
0.75		6.92
0.79		6.86
0.85		6.79
1.04		6.66
1.3		7.77
1.23		7.68
1.14		7.62
1.03		7.56
0.9		7.53
1.04		7.53
1.04		7.44
1.05		7.35
1.08		7.25
1.1		7.14
1.08		7.07
1.06		7
1.04		6.92
0.83		7.53
0.83		7.45
0.83		7.37
0.82		7.3
0.81		7.22
0.8		7.14
0.78		7.07
0.76		7
0.73		6.92
0.75		6.92
0.79		6.86
0.85		6.79
1.04		6.66
1.3		7.77
1.23		7.69
1.14		7.62
1.03		7.56
0.9		7.53
1.04		7.53
1.05		7.44
1.05		7.36
1.08		7.25
1.1		7.15
1.08		7.07
1.06		7
1.04		6.93
0.83		7.53
0.83		7.45
0.83		7.37
0.82		7.3
0.81		7.22
0.8		7.14
0.78		7.07
0.76		7
0.73		6.93
0.75		6.93
0.79		6.86
0.85		6.79
1.04		6.66
1.3		7.77
1.24		7.69
1.14		7.62
1.03		7.56
0.9		7.53
1.04		7.53
1.05		7.45
1.05		7.36
1.08		7.25
1.1		7.15
1.08		7.08
1.06		7
1.04		6.93
0.83		7.53
0.83		7.46
0.83		7.38
0.82		7.31
0.81		7.23
0.8		7.15
0.78		7.07
0.76		7
0.73		6.93
0.75		6.93
0.79		6.87
0.86		6.8
1.05		6.66
1.3		7.77
1.24		7.69
1.14		7.62
1.03		7.57
0.9		7.53
1.04		7.53
1.05		7.45
1.05		7.36
1.08		7.25
1.11		7.15
1.08		7.08
1.06		7
1.04		6.93
0.83		7.53
0.83		7.46
0.83		7.38
0.82		7.31
0.81		7.23
0.8		7.15
0.78		7.07
0.76		7
0.73		6.93
0.75		6.93
0.8		6.87
0.86		6.8
1.05		6.66
1.3		7.78
1.24		7.69
1.15		7.62
1.03		7.57
0.91		7.54
1.04		7.54
1.05		7.45
1.06		7.36
1.08		7.26
1.11		7.15
1.08		7.08
1.06		7
1.04		6.93
0.83		7.54
0.83		7.46
0.83		7.38
0.82		7.31
0.81		7.23
0.8		7.15
0.78		7.08
0.76		7
0.73		6.93
0.75		6.93
0.8		6.87
0.86		6.8
1.06		6.66
1.3		7.78
1.24		7.69
1.15		7.63
1.04		7.57
0.91		7.54
1.04		7.54
1.05		7.45
1.06		7.36
1.08		7.26
1.11		7.15
1.09		7.08
1.07		7.01
1.05		6.93
0.83		7.54
0.83		7.46
0.83		7.38
0.82		7.31
0.81		7.23
0.8		7.15
0.78		7.08
0.76		7
0.73		6.93
0.75		6.93
0.8		6.87
0.86		6.8
1.06		6.66
1.31		7.78
1.24		7.7
1.15		7.63
1.04		7.57
0.91		7.54
1.04		7.54
1.05		7.45
1.06		7.36
1.09		7.26
1.11		7.15
1.09		7.08
1.07		7.01
1.05		6.93
0.83		7.54
0.83		7.46
0.83		7.38
0.82		7.31
0.82		7.23
0.8		7.15
0.78		7.08
0.76		7
0.74		6.93
0.75		6.93
0.8		6.87
0.86		6.8
1.06		6.66
1.31		7.78
1.24		7.7
1.15		7.63
1.04		7.57
0.91		7.54
1.04		7.54
1.05		7.45
1.06		7.37
1.09		7.26
1.11		7.16
1.09		7.08
1.07		7.01
1.05		6.93
0.83		7.54
0.83		7.47
0.83		7.38
0.82		7.31
0.82		7.23
0.8		7.15
0.78		7.08
0.76		7.01
0.74		6.93
0.76		6.93
0.8		6.87
0.86		6.8
1.07		6.66
1.31		7.78
1.24		7.7
1.15		7.63
1.04		7.57
0.91		7.54
1.05		7.54
1.05		7.46
1.06		7.37
1.09		7.26
1.11		7.16
1.09		7.09
1.07		7.01
1.05		6.93
0.83		7.54
0.83		7.47
0.83		7.39
0.82		7.32
0.82		7.24
0.81		7.16
0.78		7.08
0.76		7.01
0.74		6.93
0.76		6.93
0.8		6.87
0.86		6.8
1.07		6.66
1.31		7.78
1.25		7.7
1.15		7.63
1.04		7.58
0.91		7.55
1.05		7.55
1.05		7.46
1.06		7.37
1.09		7.26
1.11		7.16
1.09		7.09
1.07		7.01
1.05		6.94
0.83		7.55
0.84		7.47
0.84		7.39
0.82		7.32
0.82		7.24
0.81		7.16
0.78		7.08
0.77		7.01
0.74		6.94
0.76		6.94
0.8		6.87
0.87		6.8
1.07		6.66
1.31		7.79
1.25		7.7
1.15		7.64
1.04		7.58
0.91		7.55
1.05		7.55
1.05		7.46
1.06		7.37
1.09		7.27
1.12		7.16
1.09		7.09
1.08		7.01
1.06		6.94
0.83		7.55
0.84		7.47
0.84		7.39
0.82		7.32
0.82		7.24
0.81		7.16
0.79		7.08
0.77		7.01
0.74		6.94
0.76		6.94
0.81		6.87
0.87		6.8
1.08		6.66
1.31		7.79
1.25		7.71
1.16		7.64
1.04		7.58
0.91		7.55
1.05		7.55
1.06		7.46
1.06		7.37
1.09		7.27
1.12		7.16
1.1		7.09
1.08		7.01
1.06		6.94
0.83		7.55
0.84		7.47
0.84		7.39
0.82		7.32
0.82		7.24
0.81		7.16
0.79		7.09
0.77		7.01
0.74		6.94
0.76		6.94
0.81		6.88
0.87		6.8
1.08		6.66
1.31		7.79
1.25		7.71
1.16		7.64
1.05		7.58
0.92		7.55
1.05		7.55
1.06		7.46
1.06		7.38
1.09		7.27
1.12		7.16
1.1		7.09
1.08		7.02
1.06		6.94
0.84		7.55
0.84		7.47
0.84		7.39
0.83		7.32
0.82		7.24
0.81		7.16
0.79		7.09
0.77		7.01
0.74		6.94
0.76		6.94
0.81		6.88
0.87		6.8
1.08		6.66
1.32		7.79
1.25		7.71
1.16		7.64
1.05		7.58
0.92		7.55
1.05		7.55
1.06		7.47
1.06		7.38
1.09		7.27
1.12		7.17
1.1		7.09
1.08		7.02
1.06		6.94
0.84		7.55
0.84		7.48
0.84		7.39
0.83		7.32
0.82		7.24
0.81		7.16
0.79		7.09
0.77		7.01
0.74		6.94
0.76		6.94
0.81		6.88
0.87		6.81
1.09		6.66
1.32		7.79
1.25		7.71
1.16		7.64
1.05		7.59
0.92		7.55
1.05		7.55
1.06		7.47
1.07		7.38
1.09		7.27
1.12		7.17
1.1		7.1
1.08		7.02
1.06		6.94
0.84		7.55
0.84		7.48
0.84		7.4
0.83		7.33
0.82		7.25
0.81		7.17
0.79		7.09
0.77		7.01
0.74		6.94
0.76		6.94
0.81		6.88
0.87		6.81
1.09		6.66
1.32		7.8
1.26		7.71
1.16		7.64
1.05		7.59
0.92		7.56
1.05		7.56
1.02		7.47
1.07		7.38
1.1		7.28
1.12		7.17
1.1		7.1
1.08		7.02
1.07		6.94
0.84		7.56
0.84		7.48
0.84		7.4
0.83		7.33
0.82		7.25
0.81		7.17
0.79		7.09
0.77		7.02
0.74		6.94
0.76		6.94
0.81		6.88
0.88		6.81
1.09		6.66
1.32		7.8
1.26		7.72
1.16		7.65
1.05		7.59
0.92		7.56
1.05		7.56
1.02		7.47
1.07		7.38
1.1		7.28
1.12		7.17
1.1		7.1
1.09		7.02
1.07		6.94
0.84		7.56
0.84		7.48
0.84		7.4
0.83		7.33
0.82		7.25
0.81		7.17
0.79		7.09
0.77		7.02
0.75		6.94
0.77		6.94
0.81		6.88
0.88		6.81
1.1		6.66
1.32		7.8
1.26		7.72
1.16		7.65
1.05		7.59
0.92		7.56
1.06		7.56
1.02		7.47
1.07		7.38
1.1		7.28
1.13		7.17
1.1		7.1
1.09		7.02
1.07		6.95
0.84		7.56
0.84		7.48
0.84		7.4
0.83		7.33
0.82		7.25
0.81		7.17
0.79		7.09
0.77		7.02
0.75		6.95
0.77		6.95
0.81		6.88
0.88		6.81
1.1		6.66
1.32		7.8
1.26		7.72
1.17		7.65
1.05		7.59
0.92		7.56
1.06		7.56
1.02		7.47
1.07		7.39
1.1		7.28
1.13		7.17
1.11		7.1
1.09		7.03
1.07		6.95
0.84		7.56
0.84		7.48
0.84		7.4
0.83		7.33
0.82		7.25
0.81		7.17
0.79		7.1
0.77		7.02
0.75		6.95
0.77		6.95
0.81		6.88
0.88		6.81
1.1		6.66
1.32		7.8
1.26		7.72
1.17		7.65
1.06		7.59
0.92		7.56
1.06		7.56
1.02		7.48
1.07		7.39
1.1		7.28
1.13		7.18
1.11		7.1
1.09		7.03
1.07		6.95
0.84		7.56
0.84		7.49
0.84		7.41
0.83		7.34
0.82		7.25
0.81		7.17
0.79		7.1
0.77		7.02
0.75		6.95
0.77		6.95
0.82		6.88
0.88		6.81
1.11		6.66
1.33		7.81
1.26		7.72
1.17		7.65
1.06		7.6
0.93		7.57
1.06		7.57
1.02		7.48
1.07		7.39
1.1		7.28
1.13		7.18
1.11		7.11
1.09		7.03
1.08		6.95
0.84		7.57
0.84		7.49
0.84		7.41
0.83		7.34
0.82		7.26
0.81		7.17
0.79		7.1
0.77		7.02
0.75		6.95
0.77		6.95
0.82		6.89
0.88		6.81
1.11		6.66
1.33		7.81
1.26		7.72
1.17		7.66
1.06		7.6
0.93		7.57
1.06		7.57
1.02		7.48
1.07		7.39
1.1		7.29
1.13		7.18
1.11		7.11
1.09		7.03
1.08		6.95
0.84		7.57
0.84		7.49
0.84		7.41
0.83		7.34
0.82		7.26
0.81		7.18
0.79		7.1
0.78		7.02
0.75		6.95
0.77		6.95
0.82		6.89
0.88		6.81
1.12		6.66
1.33		7.81
1.27		7.73
1.17		7.66
1.06		7.6
0.93		7.57
1.06		7.57
1.02		7.48
1.07		7.39
1.1		7.29
1.13		7.18
1.11		7.11
1.1		7.03
1.08		6.95
0.84		7.57
0.84		7.49
0.84		7.41
0.83		7.34
0.83		7.26
0.82		7.18
0.8		7.1
0.78		7.03
0.75		6.95
0.77		6.95
0.82		6.89
0.89		6.81
1.12		6.66
1.33		7.81
1.27		7.73
1.17		7.66
1.06		7.6
0.93		7.57
1.06		7.57
1.02		7.48
1.08		7.4
1.11		7.29
1.13		7.18
1.11		7.11
1.1		7.03
1.08		6.95
0.84		7.57
0.84		7.49
0.84		7.41
0.83		7.34
0.83		7.26
0.82		7.18
0.8		7.1
0.78		7.03
0.75		6.95
0.77		6.95
0.82		6.89
0.89		6.81
1.12		6.66
1.33		7.81
1.27		7.73
1.17		7.66
1.06		7.6
0.93		7.57
1.06		7.57
1.02		7.49
1.08		7.4
1.11		7.29
1.14		7.18
1.12		7.11
1.1		7.03
1.08		6.95
0.84		7.57
0.84		7.5
0.84		7.41
0.83		7.34
0.83		7.26
0.82		7.18
0.8		7.11
0.78		7.03
0.75		6.95
0.77		6.95
0.82		6.89
0.89		6.82
1.13		6.66
1.33		7.82
1.27		7.73
1.18		7.66
1.06		7.61
0.93		7.57
1.06		7.57
1.02		7.49
1.08		7.4
1.11		7.29
1.14		7.19
1.12		7.11
1.1		7.04
1.09		6.96
0.84		7.57
0.84		7.5
0.84		7.42
0.83		7.35
0.83		7.26
0.82		7.18
0.8		7.11
0.78		7.03
0.76		6.96
0.78		6.96
0.82		6.89
0.89		6.82
1.13		6.66
1.33		7.82
1.27		7.73
1.18		7.67
1.07		7.61
0.93		7.58
1.06		7.58
1.02		7.49
1.08		7.4
1.11		7.29
1.14		7.19
1.12		7.11
1.1		7.04
1.09		6.96
0.84		7.58
0.84		7.5
0.84		7.42
0.83		7.35
0.83		7.26
0.82		7.18
0.8		7.11
0.78		7.03
0.76		6.96
0.78		6.96
0.82		6.89
0.89		6.82
1.13		6.66
1.34		7.82
1.27		7.74
1.18		7.67
1.07		7.61
0.93		7.58
1.07		7.58
1.02		7.49
1.08		7.4
1.11		7.3
1.14		7.19
1.12		7.12
1.1		7.04
1.09		6.96
0.84		7.58
0.85		7.5
0.85		7.42
0.83		7.35
0.83		7.27
0.82		7.19
0.8		7.11
0.78		7.03
0.76		6.96
0.78		6.96
0.83		6.89
0.89		6.82
1.14		6.66
1.34		7.82
1.27		7.74
1.18		7.67
1.07		7.61
0.94		7.58
1.07		7.58
1.02		7.49
1.08		7.4
1.11		7.3
1.14		7.19
1.12		7.12
1.11		7.04
1.09		6.96
0.84		7.58
0.85		7.5
0.85		7.42
0.84		7.35
0.83		7.27
0.82		7.19
0.8		7.11
0.78		7.03
0.76		6.96
0.78		6.96
0.83		6.89
0.89		6.82
1.14		6.66
1.34		7.82
1.28		7.74
1.18		7.67
1.07		7.61
0.94		7.58
1.07		7.58
1.02		7.49
1.08		7.41
1.11		7.3
1.14		7.19
1.12		7.12
1.11		7.04
1.09		6.96
0.84		7.58
0.85		7.5
0.85		7.42
0.84		7.35
0.83		7.27
0.82		7.19
0.8		7.11
0.78		7.04
0.76		6.96
0.78		6.96
0.83		6.9
0.9		6.82
1.14		6.66
1.34		7.82
1.28		7.74
1.18		7.67
1.07		7.61
0.94		7.58
1.07		7.58
1.02		7.5
1.08		7.41
1.11		7.3
1.14		7.19
1.12		7.12
1.11		7.04
1.1		6.96
0.84		7.58
0.85		7.51
0.85		7.42
0.84		7.35
0.83		7.27
0.82		7.19
0.8		7.11
0.78		7.04
0.76		6.96
0.78		6.96
0.83		6.9
0.9		6.82
1.15		6.66
1.34		7.83
1.28		7.74
1.18		7.67
1.07		7.62
0.94		7.58
1.07		7.58
1.02		7.5
1.08		7.41
1.11		7.3
1.14		7.2
1.13		7.12
1.11		7.04
1.1		6.96
0.85		7.58
0.85		7.51
0.85		7.43
0.84		7.36
0.83		7.27
0.82		7.19
0.8		7.12
0.78		7.04
0.76		6.96
0.78		6.96
0.83		6.9
0.9		6.82
1.15		6.66
1.34		7.83
1.28		7.74
1.19		7.68
1.07		7.62
0.94		7.59
1.07		7.59
1.02		7.5
1.08		7.41
1.12		7.3
1.15		7.2
1.13		7.12
1.11		7.05
1.1		6.96
0.85		7.59
0.85		7.51
0.85		7.43
0.84		7.36
0.83		7.27
0.82		7.19
0.8		7.12
0.79		7.04
0.76		6.96
0.78		6.96
0.83		6.9
0.9		6.82
1.15		6.66
1.34		7.83
1.28		7.75
1.19		7.68
1.07		7.62
0.94		7.59
1.07		7.59
1.02		7.5
1.09		7.41
1.12		7.31
1.15		7.2
1.13		7.13
1.11		7.05
1.1		6.97
0.85		7.59
0.85		7.51
0.85		7.43
0.84		7.36
0.83		7.28
0.82		7.19
0.8		7.12
0.79		7.04
0.76		6.97
0.78		6.97
0.83		6.9
0.9		6.82
1.16		6.66
1.35		7.83
1.28		7.75
1.19		7.68
1.08		7.62
0.94		7.59
1.07		7.59
1.02		7.5
1.09		7.41
1.12		7.31
1.15		7.2
1.13		7.13
1.12		7.05
1.1		6.97
0.85		7.59
0.85		7.51
0.85		7.43
0.84		7.36
0.83		7.28
0.82		7.2
0.8		7.12
0.79		7.04
0.76		6.97
0.78		6.97
0.83		6.9
0.9		6.82
1.16		6.66
1.35		7.83
1.28		7.75
1.19		7.68
1.08		7.62
0.94		7.59
1.07		7.59
1.02		7.51
1.09		7.42
1.12		7.31
1.15		7.2
1.13		7.13
1.12		7.05
1.1		6.97
0.85		7.59
0.85		7.51
0.85		7.43
0.84		7.36
0.83		7.28
0.82		7.2
0.81		7.12
0.79		7.04
0.76		6.97
0.78		6.97
0.83		6.9
0.9		6.83
1.16		6.66
1.35		7.84
1.28		7.75
1.19		7.68
1.08		7.63
0.95		7.59
1.07		7.59
1.02		7.51
1.09		7.42
1.12		7.31
1.15		7.2
1.13		7.13
1.12		7.05
1.11		6.97
0.85		7.59
0.85		7.52
0.85		7.43
0.84		7.36
0.83		7.28
0.83		7.2
0.81		7.12
0.79		7.05
0.77		6.97
0.79		6.97
0.83		6.9
0.91		6.83
1.17		6.66
1.35		7.84
1.29		7.75
1.19		7.69
1.08		7.63
0.95		7.6
1.07		7.6
1.02		7.51
1.09		7.42
1.12		7.31
1.15		7.2
1.13		7.13
1.12		7.05
1.11		6.97
0.85		7.6
0.85		7.52
0.85		7.44
0.84		7.37
0.83		7.28
0.83		7.2
0.81		7.12
0.79		7.05
0.77		6.97
0.79		6.97
0.84		6.9
0.91		6.83
1.17		6.66
1.35		7.84
1.29		7.76
1.19		7.69
1.08		7.63
0.95		7.6
1.08		7.6
1.02		7.51
1.09		7.42
1.12		7.31
1.15		7.21
1.14		7.13
1.12		7.05
1.11		6.97
0.85		7.6
0.85		7.52
0.85		7.44
0.84		7.37
0.84		7.28
0.83		7.2
0.81		7.13
0.79		7.05
0.77		6.97
0.79		6.97
0.84		6.91
0.91		6.83
1.17		6.66
1.35		7.84
1.29		7.76
1.19		7.69
1.08		7.63
0.95		7.6
1.08		7.6
1.02		7.51
1.09		7.42
1.12		7.32
1.15		7.21
1.14		7.13
1.12		7.05
1.11		6.97
0.85		7.6
0.85		7.52
0.85		7.44
0.84		7.37
0.84		7.29
0.83		7.2
0.81		7.13
0.79		7.05
0.77		6.97
0.79		6.97
0.84		6.91
0.91		6.83
1.18		6.66
1.35		7.84
1.29		7.76
1.2		7.69
1.08		7.63
0.95		7.6
1.08		7.6
1.02		7.51
1.09		7.42
1.12		7.32
1.16		7.21
1.14		7.14
1.13		7.06
1.11		6.97
0.85		7.6
0.85		7.52
0.85		7.44
0.84		7.37
0.84		7.29
0.83		7.21
0.81		7.13
0.79		7.05
0.77		6.97
0.79		6.97
0.84		6.91
0.91		6.83
1.18		6.66
1.36		7.84
1.29		7.76
1.2		7.69
1.08		7.63
0.95		7.6
1.08		7.6
1.02		7.52
1.09		7.43
1.12		7.32
1.16		7.21
1.14		7.14
1.13		7.06
1.12		6.98
0.85		7.6
0.85		7.52
0.85		7.44
0.84		7.37
0.84		7.29
0.83		7.21
0.81		7.13
0.79		7.05
0.77		6.98
0.79		6.98
0.84		6.91
0.91		6.83
1.18		6.66
1.36		7.85
1.29		7.76
1.2		7.69
1.09		7.64
0.95		7.6
1.08		7.6
1.02		7.52
1.09		7.43
1.13		7.32
1.16		7.21
1.14		7.14
1.13		7.06
1.12		6.98
0.85		7.6
0.85		7.53
0.85		7.44
0.84		7.37
0.84		7.29
0.83		7.21
0.81		7.13
0.79		7.05
0.77		6.98
0.79		6.98
0.84		6.91
0.91		6.83
1.19		6.66
1.36		7.85
1.29		7.76
1.2		7.7
1.09		7.64
0.95		7.61
1.08		7.61
1.02		7.52
1.1		7.43
1.13		7.32
1.16		7.21
1.14		7.14
1.13		7.06
1.12		6.98
0.85		7.61
0.85		7.53
0.85		7.45
0.84		7.38
0.84		7.29
0.83		7.21
0.81		7.13
0.8		7.05
0.77		6.98
0.79		6.98
0.84		6.91
0.91		6.83
1.19		6.66
1.36		7.85
1.3		7.77
1.2		7.7
1.09		7.64
0.96		7.61
1.08		7.61
1.02		7.52
1.1		7.43
1.13		7.32
1.16		7.22
1.14		7.14
1.13		7.06
1.12		6.98
0.85		7.61
0.85		7.53
0.85		7.45
0.84		7.38
0.84		7.29
0.83		7.21
0.81		7.13
0.8		7.06
0.77		6.98
0.79		6.98
0.84		6.91
0.92		6.83
1.2		6.66
1.36		7.85
1.3		7.77
1.2		7.7
1.09		7.64
0.96		7.61
1.08		7.61
1.02		7.52
1.1		7.43
1.13		7.33
1.16		7.22
1.14		7.14
1.13		7.06
1.12		6.98
0.85		7.61
0.85		7.53
0.86		7.45
0.85		7.38
0.84		7.3
0.83		7.21
0.81		7.14
0.8		7.06
0.77		6.98
0.79		6.98
0.84		6.91
0.92		6.83
1.2		6.66
1.36		7.85
1.3		7.77
1.2		7.7
1.09		7.64
0.96		7.61
1.08		7.61
1.02		7.52
1.1		7.43
1.13		7.33
1.16		7.22
1.15		7.14
1.13		7.06
1.12		6.98
0.85		7.61
0.86		7.53
0.86		7.45
0.85		7.38
0.84		7.3
0.83		7.21
0.81		7.14
0.8		7.06
0.78		6.98
0.79		6.98
0.85		6.91
0.92		6.84
1.2		6.66
1.36		7.85
1.3		7.77
1.2		7.7
1.09		7.64
0.96		7.61
1.08		7.61
1.02		7.53
1.1		7.44
1.13		7.33
1.16		7.22
1.15		7.15
1.14		7.07
1.13		6.98
0.85		7.61
0.86		7.54
0.86		7.45
0.85		7.38
0.84		7.3
0.83		7.22
0.81		7.14
0.8		7.06
0.78		6.98
0.8		6.98
0.85		6.92
0.92		6.84
1.21		6.66
1.37		7.86
1.3		7.77
1.21		7.7
1.09		7.65
0.96		7.62
1.08		7.62
1.02		7.53
1.1		7.44
1.13		7.33
1.16		7.22
1.15		7.15
1.14		7.07
1.13		6.98
0.85		7.62
0.86		7.54
0.86		7.45
0.85		7.38
0.84		7.3
0.83		7.22
0.82		7.14
0.8		7.06
0.78		6.98
0.8		6.98
0.85		6.92
0.92		6.84
1.21		6.66
1.37		7.86
1.3		7.77
1.21		7.71
1.09		7.65
0.96		7.62
1.09		7.62
1.02		7.53
1.1		7.44
1.13		7.33
1.17		7.22
1.15		7.15
1.14		7.07
1.13		6.99
0.85		7.62
0.86		7.54
0.86		7.46
0.85		7.38
0.84		7.3
0.83		7.22
0.82		7.14
0.8		7.06
0.78		6.99
0.8		6.99
0.85		6.92
0.92		6.84
1.21		6.66
1.37		7.86
1.3		7.78
1.21		7.71
1.1		7.65
0.96		7.62
1.09		7.62
1.02		7.53
1.1		7.44
1.13		7.33
1.17		7.22
1.15		7.15
1.14		7.07
1.13		6.99
0.86		7.62
0.86		7.54
0.86		7.46
0.85		7.39
0.84		7.3
0.83		7.22
0.82		7.14
0.8		7.06
0.78		6.99
0.8		6.99
0.85		6.92
0.92		6.84
1.22		6.66
1.37		7.86
1.31		7.78
1.21		7.71
1.1		7.65
0.96		7.62
1.09		7.62
1.02		7.53
1.1		7.44
1.13		7.34
1.17		7.23
1.15		7.15
1.14		7.07
1.13		6.99
0.86		7.62
0.86		7.54
0.86		7.46
0.85		7.39
0.84		7.3
0.84		7.22
0.82		7.14
0.8		7.07
0.78		6.99
0.8		6.99
0.85		6.92
0.92		6.84
1.22		6.66
1.37		7.86
1.31		7.78
1.21		7.71
1.1		7.65
0.96		7.62
1.09		7.62
1.02		7.53
1.1		7.44
1.14		7.34
1.17		7.23
1.15		7.15
1.14		7.07
1.14		6.99
0.86		7.62
0.86		7.54
0.86		7.46
0.85		7.39
0.84		7.31
0.84		7.22
0.82		7.15
0.8		7.07
0.78		6.99
0.8		6.99
0.85		6.92
0.93		6.84
1.22		6.66
1.37		7.87
1.31		7.78
1.21		7.71
1.1		7.66
0.97		7.62
1.09		7.62
1.02		7.54
1.1		7.45
1.14		7.34
1.17		7.23
1.15		7.16
1.15		7.07
1.14		6.99
0.86		7.62
0.86		7.55
0.86		7.46
0.85		7.39
0.84		7.31
0.84		7.23
0.82		7.15
0.8		7.07
0.78		6.99
0.8		6.99
0.85		6.92
0.93		6.84
1.23		6.66
1.37		7.87
1.31		7.78
1.21		7.72
1.1		7.66
0.97		7.63
1.09		7.63
1.02		7.54
1.11		7.45
1.14		7.34
1.17		7.23
1.16		7.16
1.15		7.08
1.14		6.99
0.86		7.63
0.86		7.55
0.86		7.46
0.85		7.39
0.85		7.31
0.84		7.23
0.82		7.15
0.8		7.07
0.78		6.99
0.8		6.99
0.85		6.92
0.93		6.84
1.23		6.66
1.38		7.87
1.31		7.79
1.21		7.72
1.1		7.66
0.97		7.63
1.09		7.63
1.02		7.54
1.11		7.45
1.14		7.34
1.17		7.23
1.16		7.16
1.15		7.08
1.14		6.99
0.86		7.63
0.86		7.55
0.86		7.47
0.85		7.39
0.85		7.31
0.84		7.23
0.82		7.15
0.81		7.07
0.78		6.99
0.8		6.99
0.85		6.92
0.93		6.84
1.23		6.66
1.38		7.87
1.31		7.79
1.22		7.72
1.1		7.66
0.97		7.63
1.09		7.63
1.02		7.54
1.11		7.45
1.14		7.34
1.17		7.23
1.16		7.16
1.15		7.08
1.14		6.99
0.86		7.63
0.86		7.55
0.86		7.47
0.85		7.4
0.85		7.31
0.84		7.23
0.82		7.15
0.81		7.07
0.78		6.99
0.8		6.99
0.85		6.93
0.93		6.85
1.24		6.66
1.38		7.87
1.31		7.79
1.22		7.72
1.1		7.66
0.97		7.63
1.09		7.63
1.02		7.54
1.11		7.45
1.14		7.35
1.17		7.24
1.16		7.16
1.15		7.08
1.14		7
0.86		7.63
0.86		7.55
0.86		7.47
0.85		7.4
0.85		7.31
0.84		7.23
0.82		7.15
0.81		7.07
0.79		7
0.8		7
0.86		6.93
0.93		6.85
1.24		6.66
1.38		7.87
1.31		7.79
1.22		7.72
1.11		7.66
0.97		7.63
1.09		7.63
1.02		7.55
1.11		7.46
1.14		7.35
1.18		7.24
1.16		7.16
1.15		7.08
1.15		7
0.86		7.63
0.86		7.55
0.86		7.47
0.85		7.4
0.85		7.32
0.84		7.23
0.82		7.15
0.81		7.08
0.79		7
0.81		7
0.86		6.93
0.93		6.85
1.24		6.66
1.38		7.88
1.32		7.79
1.22		7.72
1.11		7.67
0.97		7.63
1.1		7.63
1.02		7.55
1.11		7.46
1.14		7.35
1.18		7.24
1.16		7.16
1.15		7.08
1.15		7
0.86		7.63
0.86		7.56
0.86		7.47
0.85		7.4
0.85		7.32
0.84		7.23
0.82		7.16
0.81		7.08
0.79		7
0.81		7
0.86		6.93
0.93		6.85
1.25		6.66
1.38		7.88
1.32		7.79
1.22		7.73
1.11		7.67
0.97		7.64
1.1		7.64
1.02		7.55
1.11		7.46
1.14		7.35
1.18		7.24
1.16		7.17
1.15		7.08
1.15		7
0.86		7.64
0.86		7.56
0.86		7.47
0.85		7.4
0.85		7.32
0.84		7.24
0.82		7.16
0.81		7.08
0.79		7
0.81		7
0.86		6.93
0.93		6.85
1.25		6.66
1.38		7.88
1.32		7.8
1.22		7.73
1.11		7.67
0.98		7.64
1.1		7.64
1.02		7.55
1.11		7.46
1.14		7.35
1.18		7.24
1.16		7.17
1.16		7.09
1.15		7
0.86		7.64
0.86		7.56
0.86		7.48
0.85		7.4
0.85		7.32
0.84		7.24
0.82		7.16
0.81		7.08
0.79		7
0.81		7
0.86		6.93
0.94		6.85
1.26		6.66
1.39		7.88
1.32		7.8
1.22		7.73
1.11		7.67
0.98		7.64
1.1		7.64
1.02		7.55
1.11		7.46
1.15		7.35
1.18		7.24
1.17		7.17
1.16		7.09
1.15		7
0.86		7.64
0.86		7.56
0.86		7.48
0.85		7.41
0.85		7.32
0.84		7.24
0.83		7.16
0.81		7.08
0.79		7
0.81		7
0.86		6.93
0.94		6.85
1.26		6.66
1.39		7.88
1.32		7.8
1.23		7.73
1.11		7.67
0.98		7.64
1.1		7.64
1.02		7.55
1.11		7.46
1.15		7.36
1.18		7.25
1.17		7.17
1.16		7.09
1.15		7
0.86		7.64
0.86		7.56
0.87		7.48
0.86		7.41
0.85		7.32
0.84		7.24
0.83		7.16
0.81		7.08
0.79		7
0.81		7
0.86		6.93
0.94		6.85
1.26		6.66
1.39		7.88
1.32		7.8
1.23		7.73
1.11		7.67
0.98		7.64
1.1		7.64
1.02		7.56
1.11		7.47
1.15		7.36
1.18		7.25
1.17		7.17
1.16		7.09
1.16		7
0.86		7.64
0.87		7.56
0.87		7.48
0.86		7.41
0.85		7.33
0.84		7.24
0.83		7.16
0.81		7.08
0.79		7
0.81		7
0.86		6.94
0.94		6.85
1.27		6.66
1.39		7.89
1.32		7.8
1.23		7.73
1.11		7.68
0.98		7.64
1.1		7.64
1.02		7.56
1.12		7.47
1.15		7.36
1.18		7.25
1.17		7.17
1.16		7.09
1.16		7.01
0.86		7.64
0.87		7.57
0.87		7.48
0.86		7.41
0.85		7.33
0.84		7.24
0.83		7.16
0.81		7.08
0.79		7.01
0.81		7.01
0.86		6.94
0.94		6.85
1.27		6.66
1.39		7.89
1.33		7.8
1.23		7.74
1.11		7.68
0.98		7.65
1.1		7.65
1.02		7.56
1.12		7.47
1.15		7.36
1.18		7.25
1.17		7.18
1.16		7.09
1.16		7.01
0.86		7.65
0.87		7.57
0.87		7.48
0.86		7.41
0.85		7.33
0.84		7.24
0.83		7.17
0.81		7.09
0.79		7.01
0.81		7.01
0.86		6.94
0.94		6.86
1.27		6.66
1.39		7.89
1.33		7.81
1.23		7.74
1.12		7.68
0.98		7.65
1.1		7.65
1.02		7.56
1.12		7.47
1.15		7.36
1.18		7.25
1.17		7.18
1.16		7.09
1.16		7.01
0.86		7.65
0.87		7.57
0.87		7.49
0.86		7.41
0.85		7.33
0.85		7.25
0.83		7.17
0.81		7.09
0.79		7.01
0.81		7.01
0.87		6.94
0.94		6.86
1.28		6.66
1.39		7.89
1.33		7.81
1.23		7.74
1.12		7.68
0.98		7.65
1.1		7.65
1.02		7.56
1.12		7.47
1.15		7.36
1.19		7.25
1.17		7.18
1.16		7.1
1.16		7.01
0.86		7.65
0.87		7.57
0.87		7.49
0.86		7.42
0.85		7.33
0.85		7.25
0.83		7.17
0.82		7.09
0.79		7.01
0.81		7.01
0.87		6.94
0.94		6.86
1.28		6.66
1.39		7.89
1.33		7.81
1.23		7.74
1.12		7.68
0.98		7.65
1.1		7.65
1.02		7.56
1.12		7.47
1.15		7.37
1.19		7.26
1.17		7.18
1.17		7.1
1.16		7.01
0.87		7.65
0.87		7.57
0.87		7.49
0.86		7.42
0.85		7.33
0.85		7.25
0.83		7.17
0.82		7.09
0.8		7.01
0.81		7.01
0.87		6.94
0.94		6.86
1.28		6.66
1.4		7.89
1.33		7.81
1.23		7.74
1.12		7.68
0.99		7.65
1.1		7.65
1.02		7.57
1.12		7.48
1.15		7.37
1.19		7.26
1.17		7.18
1.17		7.1
1.17		7.01
0.87		7.65
0.87		7.57
0.87		7.49
0.86		7.42
0.85		7.33
0.85		7.25
0.83		7.17
0.82		7.09
0.8		7.01
0.82		7.01
0.87		6.94
0.95		6.86
1.29		6.66
1.4		7.9
1.33		7.81
1.23		7.74
1.12		7.69
0.99		7.65
1.11		7.65
1.02		7.57
1.12		7.48
1.15		7.37
1.19		7.26
1.17		7.18
1.17		7.1
1.17		7.01
0.87		7.65
0.87		7.58
0.87		7.49
0.86		7.42
0.86		7.34
0.85		7.25
0.83		7.17
0.82		7.09
0.8		7.01
0.82		7.01
0.87		6.94
0.95		6.86
1.29		6.66
1.4		7.9
1.33		7.81
1.24		7.75
1.12		7.69
0.99		7.66
1.11		7.66
1.02		7.57
1.12		7.48
1.15		7.37
1.19		7.26
1.18		7.18
1.17		7.1
1.17		7.02
0.87		7.66
0.87		7.58
0.87		7.49
0.86		7.42
0.86		7.34
0.85		7.25
0.83		7.17
0.82		7.09
0.8		7.02
0.82		7.02
0.87		6.94
0.95		6.86
1.29		6.66
1.4		7.9
1.33		7.82
1.24		7.75
1.12		7.69
0.99		7.66
1.11		7.66
1.02		7.57
1.12		7.48
1.16		7.37
1.19		7.26
1.18		7.19
1.17		7.1
1.17		7.02
0.87		7.66
0.87		7.58
0.87		7.5
0.86		7.42
0.86		7.34
0.85		7.26
0.83		7.18
0.82		7.1
0.8		7.02
0.82		7.02
0.87		6.95
0.95		6.86
1.3		6.66
1.4		7.9
1.34		7.82
1.24		7.75
1.12		7.69
0.99		7.66
1.11		7.66
1.02		7.57
1.12		7.48
1.16		7.37
1.19		7.26
1.18		7.19
1.17		7.1
1.17		7.02
0.87		7.66
0.87		7.58
0.87		7.5
0.86		7.42
0.86		7.34
0.85		7.26
0.83		7.18
0.82		7.1
0.8		7.02
0.82		7.02
0.87		6.95
0.95		6.86
1.3		6.66
1.4		7.9
1.34		7.82
1.24		7.75
1.12		7.69
0.99		7.66
1.11		7.66
1.02		7.57
1.12		7.48
1.16		7.38
1.19		7.26
1.18		7.19
1.17		7.11
1.17		7.02
0.87		7.66
0.87		7.58
0.87		7.5
0.86		7.43
0.86		7.34
0.85		7.26
0.83		7.18
0.82		7.1
0.8		7.02
0.82		7.02
0.87		6.95
0.95		6.86
1.3		6.66
1.4		7.9
1.34		7.82
1.24		7.75
1.13		7.69
0.99		7.66
1.11		7.66
1.02		7.58
1.13		7.49
1.16		7.38
1.19		7.27
1.18		7.19
1.17		7.11
1.17		7.02
0.87		7.66
0.87		7.58
0.87		7.5
0.86		7.43
0.86		7.34
0.85		7.26
0.83		7.18
0.82		7.1
0.8		7.02
0.82		7.02
0.87		6.95
0.95		6.87
1.31		6.66
1.4		7.91
1.34		7.82
1.24		7.75
1.13		7.7
0.99		7.66
1.11		7.66
1.02		7.58
1.13		7.49
1.16		7.38
1.19		7.27
1.18		7.19
1.18		7.11
1.17		7.02
0.87		7.66
0.87		7.59
0.87		7.5
0.86		7.43
0.86		7.35
0.85		7.26
0.84		7.18
0.82		7.1
0.8		7.02
0.82		7.02
0.87		6.95
0.95		6.87
1.31		6.66
1.41		7.91
1.34		7.82
1.24		7.76
1.13		7.7
0.99		7.67
1.11		7.67
1.02		7.58
1.13		7.49
1.16		7.38
1.2		7.27
1.18		7.19
1.18		7.11
1.18		7.02
0.87		7.67
0.87		7.59
0.87		7.5
0.86		7.43
0.86		7.35
0.85		7.26
0.84		7.18
0.82		7.1
0.8		7.02
0.82		7.02
0.87		6.95
0.95		6.87
1.31		6.66
1.41		7.91
1.34		7.83
1.24		7.76
1.13		7.7
1		7.67
0.98		7.67
1.02		7.58
1.13		7.49
1.16		7.38
1.2		7.27
1.18		7.2
1.18		7.11
1.18		7.02
0.87		7.67
0.87		7.59
0.87		7.5
0.86		7.43
0.86		7.35
0.85		7.26
0.84		7.19
0.82		7.1
0.8		7.02
0.82		7.02
0.88		6.95
0.95		6.87
1.32		6.66
1.41		7.91
1.34		7.83
1.25		7.76
1.13		7.7
1		7.67
0.98		7.67
1.02		7.58
1.13		7.49
1.16		7.38
1.2		7.27
1.18		7.2
1.18		7.11
1.18		7.03
0.87		7.67
0.87		7.59
0.87		7.51
0.86		7.43
0.86		7.35
0.85		7.27
0.84		7.19
0.82		7.11
0.81		7.03
0.82		7.03
0.88		6.95
0.96		6.87
1.32		6.66
1.41		7.91
1.34		7.83
1.25		7.76
1.13		7.7
1		7.67
0.98		7.67
1.02		7.58
1.13		7.49
1.16		7.38
1.2		7.27
1.19		7.2
1.18		7.11
1.18		7.03
0.87		7.67
0.87		7.59
0.88		7.51
0.87		7.44
0.86		7.35
0.85		7.27
0.84		7.19
0.82		7.11
0.81		7.03
0.82		7.03
0.88		6.96
0.96		6.87
1.33		6.66
1.41		7.92
1.34		7.83
1.25		7.76
1.13		7.7
1		7.67
0.98		7.67
1.02		7.59
1.13		7.49
1.16		7.39
1.2		7.28
1.19		7.2
1.18		7.12
1.18		7.03
0.87		7.67
0.87		7.59
0.88		7.51
0.87		7.44
0.86		7.35
0.85		7.27
0.84		7.19
0.83		7.11
0.81		7.03
0.82		7.03
0.88		6.96
0.96		6.87
1.33		6.66
1.41		7.92
1.35		7.83
1.25		7.76
1.13		7.71
1		7.67
0.98		7.67
1.02		7.59
1.13		7.5
1.16		7.39
1.2		7.28
1.19		7.2
1.18		7.12
1.18		7.03
0.87		7.67
0.87		7.59
0.88		7.51
0.87		7.44
0.86		7.35
0.86		7.27
0.84		7.19
0.83		7.11
0.81		7.03
0.83		7.03
0.88		6.96
0.96		6.87
1.33		6.66
1.41		7.92
1.35		7.83
1.25		7.77
1.13		7.71
1		7.68
0.98		7.68
1.02		7.59
1.13		7.5
1.17		7.39
1.2		7.28
1.19		7.2
1.18		7.12
1.18		7.03
0.87		7.68
0.88		7.6
0.88		7.51
0.87		7.44
0.86		7.36
0.86		7.27
0.84		7.19
0.83		7.11
0.81		7.03
0.83		7.03
0.88		6.96
0.96		6.87
1.34		6.66
1.41		7.92
1.35		7.84
1.25		7.77
1.14		7.71
1		7.68
0.98		7.68
1.02		7.59
1.13		7.5
1.17		7.39
1.2		7.28
1.19		7.2
1.19		7.12
1.19		7.03
0.87		7.68
0.88		7.6
0.88		7.51
0.87		7.44
0.86		7.36
0.86		7.27
0.84		7.19
0.83		7.11
0.81		7.03
0.83		7.03
0.88		6.96
0.96		6.88
1.34		6.66
1.42		7.92
1.35		7.84
1.25		7.77
1.14		7.71
1		7.68
0.98		7.68
1.02		7.59
1.13		7.5
1.17		7.39
1.2		7.28
1.19		7.21
1.19		7.12
1.19		7.03
0.87		7.68
0.88		7.6
0.88		7.52
0.87		7.44
0.86		7.36
0.86		7.27
0.84		7.19
0.83		7.11
0.81		7.03
0.83		7.03
0.88		6.96
0.96		6.88
1.34		6.66
1.42		7.92
1.35		7.84
1.25		7.77
1.14		7.71
1		7.68
0.98		7.68
1.02		7.59
1.14		7.5
1.17		7.39
1.2		7.28
1.19		7.21
1.19		7.12
1.19		7.03
0.87		7.68
0.88		7.6
0.88		7.52
0.87		7.44
0.86		7.36
0.86		7.28
0.84		7.2
0.83		7.11
0.81		7.03
0.83		7.03
0.88		6.96
0.96		6.88
1.35		6.66
1.42		7.93
1.35		7.84
1.25		7.77
1.14		7.71
1.01		7.68
0.98		7.68
1.02		7.6
1.14		7.51
1.17		7.4
1.21		7.29
1.19		7.21
1.19		7.12
1.19		7.04
0.87		7.68
0.88		7.6
0.88		7.52
0.87		7.45
0.86		7.36
0.86		7.28
0.84		7.2
0.83		7.12
0.81		7.04
0.83		7.04
0.88		6.96
0.96		6.88
1.35		6.66
1.42		7.93
1.35		7.84
1.26		7.77
1.14		7.72
1.01		7.68
0.98		7.68
1.02		7.6
1.14		7.51
1.17		7.4
1.21		7.29
1.19		7.21
1.19		7.13
1.19		7.04
0.88		7.68
0.88		7.6
0.88		7.52
0.87		7.45
0.87		7.36
0.86		7.28
0.84		7.2
0.83		7.12
0.81		7.04
0.83		7.04
0.88		6.96
0.96		6.88
1.35		6.66
1.42		7.93
1.35		7.84
1.26		7.78
1.14		7.72
1.01		7.69
0.98		7.69
1.02		7.6
1.14		7.51
1.17		7.4
1.21		7.29
1.19		7.21
1.19		7.13
1.19		7.04
0.88		7.69
0.88		7.61
0.88		7.52
0.87		7.45
0.87		7.36
0.86		7.28
0.84		7.2
0.83		7.12
0.81		7.04
0.83		7.04
0.88		6.97
0.97		6.88
1.36		6.66
1.42		7.93
1.36		7.85
1.26		7.78
1.14		7.72
1.01		7.69
0.98		7.69
1.02		7.6
1.14		7.51
1.17		7.4
1.21		7.29
1.2		7.21
1.19		7.13
1.19		7.04
0.88		7.69
0.88		7.61
0.88		7.52
0.87		7.45
0.87		7.37
0.86		7.28
0.84		7.2
0.83		7.12
0.81		7.04
0.83		7.04
0.89		6.97
0.97		6.88
1.36		6.66
1.42		7.93
1.36		7.85
1.26		7.78
1.14		7.72
1.01		7.69
0.98		7.69
1.02		7.6
1.14		7.51
1.17		7.4
1.21		7.29
1.2		7.21
1.19		7.13
1.2		7.04
0.88		7.69
0.88		7.61
0.88		7.52
0.87		7.45
0.87		7.37
0.86		7.28
0.85		7.2
0.83		7.12
0.81		7.04
0.83		7.04
0.89		6.97
0.97		6.88
1.36		6.66
1.42		7.93
1.36		7.85
1.26		7.78
1.14		7.72
1.01		7.69
0.98		7.69
1.02		7.6
1.14		7.51
1.17		7.4
1.21		7.29
1.2		7.22
1.19		7.13
1.2		7.04
0.88		7.69
0.88		7.61
0.88		7.53
0.87		7.45
0.87		7.37
0.86		7.28
0.85		7.2
0.83		7.12
0.81		7.04
0.83		7.04
0.89		6.97
0.97		6.88
1.37		6.66
1.43		7.93
1.36		7.85
1.26		7.78
1.15		7.72
1.01		7.69
0.98		7.69
1.02		7.61
1.14		7.52
1.17		7.41
1.21		7.29
1.2		7.22
1.2		7.13
1.2		7.04
0.88		7.69
0.88		7.61
0.88		7.53
0.87		7.46
0.87		7.37
0.86		7.29
0.85		7.21
0.83		7.12
0.82		7.04
0.83		7.04
0.89		6.97
0.97		6.88
1.37		6.66
1.43		7.94
1.36		7.85
1.26		7.78
1.15		7.73
1.01		7.69
0.98		7.69
1.02		7.61
1.14		7.52
1.18		7.41
1.21		7.3
1.2		7.22
1.2		7.13
1.2		7.04
0.88		7.69
0.88		7.61
0.88		7.53
0.87		7.46
0.87		7.37
0.86		7.29
0.85		7.21
0.83		7.13
0.82		7.04
0.83		7.04
0.89		6.97
0.97		6.89
1.37		6.66
1.43		7.94
1.36		7.85
1.26		7.79
1.15		7.73
1.01		7.69
0.98		7.69
1.02		7.61
1.14		7.52
1.18		7.41
1.21		7.3
1.2		7.22
1.2		7.14
1.2		7.05
0.88		7.69
0.88		7.62
0.88		7.53
0.87		7.46
0.87		7.37
0.86		7.29
0.85		7.21
0.83		7.13
0.82		7.05
0.83		7.05
0.89		6.97
0.97		6.89
1.38		6.66
1.43		7.94
1.36		7.86
1.26		7.79
1.15		7.73
1.02		7.7
0.98		7.7
1.02		7.61
1.14		7.52
1.18		7.41
1.21		7.3
1.2		7.22
1.2		7.14
1.2		7.05
0.88		7.7
0.88		7.62
0.88		7.53
0.87		7.46
0.87		7.37
0.86		7.29
0.85		7.21
0.84		7.13
0.82		7.05
0.84		7.05
0.89		6.97
0.97		6.89
1.38		6.66
1.43		7.94
1.36		7.86
1.27		7.79
1.15		7.73
1.02		7.7
0.98		7.7
1.02		7.61
1.14		7.52
1.18		7.41
1.21		7.3
1.2		7.22
1.2		7.14
1.2		7.05
0.88		7.7
0.88		7.62
0.88		7.53
0.87		7.46
0.87		7.38
0.86		7.29
0.85		7.21
0.84		7.13
0.82		7.05
0.84		7.05
0.89		6.97
0.97		6.89
1.38		6.66
1.43		7.94
1.36		7.86
1.27		7.79
1.15		7.73
1.02		7.7
0.98		7.7
1.02		7.61
1.15		7.52
1.18		7.41
1.22		7.3
1.2		7.23
1.2		7.14
1.21		7.05
0.88		7.7
0.88		7.62
0.88		7.54
0.87		7.46
0.87		7.38
0.86		7.29
0.85		7.21
0.84		7.13
0.82		7.05
0.84		7.05
0.89		6.98
0.97		6.89
1.39		6.66
1.43		7.94
1.37		7.86
1.27		7.79
1.15		7.73
1.02		7.7
0.98		7.7
1.02		7.61
1.15		7.52
1.18		7.42
1.22		7.3
1.21		7.23
1.2		7.14
1.21		7.05
0.88		7.7
0.88		7.62
0.88		7.54
0.87		7.46
0.87		7.38
0.86		7.29
0.85		7.21
0.84		7.13
0.82		7.05
0.84		7.05
0.89		6.98
0.97		6.89
1.39		6.66
1.43		7.95
1.37		7.86
1.27		7.79
1.15		7.73
1.02		7.7
0.98		7.7
1.02		7.62
1.15		7.53
1.18		7.42
1.22		7.31
1.21		7.23
1.2		7.14
1.21		7.05
0.88		7.7
0.88		7.62
0.88		7.54
0.88		7.47
0.87		7.38
0.87		7.3
0.85		7.22
0.84		7.13
0.82		7.05
0.84		7.05
0.89		6.98
0.98		6.89
1.4		6.66
1.43		7.95
1.37		7.86
1.27		7.8
1.15		7.74
1.02		7.7
0.98		7.7
1.02		7.62
1.15		7.53
1.18		7.42
1.22		7.31
1.21		7.23
1.2		7.14
1.21		7.05
0.88		7.7
0.88		7.62
0.89		7.54
0.88		7.47
0.87		7.38
0.87		7.3
0.85		7.22
0.84		7.13
0.82		7.05
0.84		7.05
0.89		6.98
0.98		6.89
1.4		6.66
1.44		7.95
1.37		7.87
1.27		7.8
1.16		7.74
1.02		7.71
0.98		7.71
1.02		7.62
1.06		7.53
1.18		7.42
1.22		7.31
1.21		7.23
1.21		7.15
1.21		7.05
0.88		7.71
0.88		7.63
0.89		7.54
0.88		7.47
0.87		7.38
0.87		7.3
0.85		7.22
0.84		7.14
0.82		7.05
0.84		7.05
0.89		6.98
0.98		6.89
1.4		6.66
1.44		7.95
1.37		7.87
1.27		7.8
1.16		7.74
1.02		7.71
0.98		7.71
1.02		7.62
1.06		7.53
1.18		7.42
1.22		7.31
1.21		7.23
1.21		7.15
1.21		7.06
0.88		7.71
0.89		7.63
0.89		7.54
0.88		7.47
0.87		7.38
0.87		7.3
0.85		7.22
0.84		7.14
0.82		7.06
0.84		7.06
0.9		6.98
0.98		6.9
1.41		6.66
1.44		7.95
1.37		7.87
1.27		7.8
1.16		7.74
1.02		7.71
0.98		7.71
1.02		7.62
1.06		7.53
1.18		7.42
1.22		7.31
1.21		7.23
1.21		7.15
1.21		7.06
0.88		7.71
0.89		7.63
0.89		7.54
0.88		7.47
0.87		7.39
0.87		7.3
0.85		7.22
0.84		7.14
0.82		7.06
0.84		7.06
0.9		6.98
0.98		6.9
1.41		6.66
1.44		7.95
1.37		7.87
1.27		7.8
1.16		7.74
1.02		7.71
0.98		7.71
1.02		7.62
1.06		7.53
1.18		7.42
1.22		7.31
1.21		7.24
1.21		7.15
1.21		7.06
0.88		7.71
0.89		7.63
0.89		7.55
0.88		7.47
0.87		7.39
0.87		7.3
0.85		7.22
0.84		7.14
0.82		7.06
0.84		7.06
0.9		6.98
0.98		6.9
1.41		6.66
1.44		7.96
1.37		7.87
1.28		7.8
1.16		7.74
1.03		7.71
0.98		7.71
1.02		7.63
1.06		7.54
1.19		7.43
1.22		7.31
1.21		7.24
1.21		7.15
1.22		7.06
0.88		7.71
0.89		7.63
0.89		7.55
0.88		7.47
0.88		7.39
0.87		7.3
0.85		7.22
0.84		7.14
0.82		7.06
0.84		7.06
0.9		6.99
0.98		6.9
1.42		6.66
1.44		7.96
1.37		7.87
1.28		7.81
1.16		7.75
1.03		7.71
0.98		7.71
1.02		7.63
1.06		7.54
1.19		7.43
1.22		7.32
1.21		7.24
1.21		7.15
1.22		7.06
0.88		7.71
0.89		7.63
0.89		7.55
0.88		7.48
0.88		7.39
0.87		7.31
0.86		7.22
0.84		7.14
0.83		7.06
0.84		7.06
0.9		6.99
0.98		6.9
1.42		6.66
1.44		7.96
1.38		7.88
1.28		7.81
1.16		7.75
1.03		7.72
0.98		7.72
1.02		7.63
1.06		7.54
1.19		7.43
1.22		7.32
1.21		7.24
1.21		7.15
1.22		7.06
0.88		7.72
0.89		7.64
0.89		7.55
0.88		7.48
0.88		7.39
0.87		7.31
0.86		7.23
0.84		7.14
0.83		7.06
0.84		7.06
0.9		6.99
0.98		6.9
1.42		6.66
1.44		7.96
1.38		7.88
1.28		7.81
1.16		7.75
1.03		7.72
0.98		7.72
1.02		7.63
1.06		7.54
1.19		7.43
1.23		7.32
1.21		7.24
1.21		7.16
1.22		7.06
0.89		7.72
0.89		7.64
0.89		7.55
0.88		7.48
0.88		7.39
0.87		7.31
0.86		7.23
0.84		7.15
0.83		7.06
0.84		7.06
0.9		6.99
0.98		6.9
1.43		6.66
1.44		7.96
1.38		7.88
1.28		7.81
1.16		7.75
1.03		7.72
0.98		7.72
1.02		7.63
1.06		7.54
1.19		7.43
1.23		7.32
1.22		7.24
1.21		7.16
1.22		7.06
0.89		7.72
0.89		7.64
0.89		7.55
0.88		7.48
0.88		7.4
0.87		7.31
0.86		7.23
0.84		7.15
0.83		7.06
0.84		7.06
0.9		6.99
0.98		6.9
1.43		6.66
1.45		7.96
1.38		7.88
1.28		7.81
1.16		7.75
1.03		7.72
0.98		7.72
1.02		7.63
1.06		7.54
1.19		7.43
1.23		7.32
1.22		7.24
1.22		7.16
1.22		7.07
0.89		7.72
0.89		7.64
0.89		7.56
0.88		7.48
0.88		7.4
0.87		7.31
0.86		7.23
0.85		7.15
0.83		7.07
0.85		7.07
0.9		6.99
0.98		6.9
1.43		6.66
1.45		7.97
1.38		7.88
1.28		7.81
1.17		7.75
1.03		7.72
0.98		7.72
1.02		7.64
1.06		7.55
1.19		7.44
1.23		7.32
1.22		7.25
1.22		7.16
1.22		7.07
0.89		7.72
0.89		7.64
0.89		7.56
0.88		7.48
0.88		7.4
0.87		7.31
0.86		7.23
0.85		7.15
0.83		7.07
0.85		7.07
0.9		6.99
0.98		6.91
1.44		6.66
1.45		7.97
1.38		7.88
1.28		7.81
1.17		7.76
1.03		7.72
0.98		7.72
1.02		7.64
1.06		7.55
1.19		7.44
1.23		7.32
1.22		7.25
1.22		7.16
1.22		7.07
0.89		7.72
0.89		7.64
0.89		7.56
0.88		7.49
0.88		7.4
0.87		7.31
0.86		7.23
0.85		7.15
0.83		7.07
0.85		7.07
0.9		6.99
0.99		6.91
1.44		6.66
1.45		7.97
1.38		7.89
1.28		7.82
1.17		7.76
1.03		7.72
0.98		7.72
1.02		7.64
1.06		7.55
1.19		7.44
1.23		7.33
1.22		7.25
1.22		7.16
1.23		7.07
0.89		7.72
0.89		7.64
0.89		7.56
0.88		7.49
0.88		7.4
0.87		7.32
0.86		7.23
0.85		7.15
0.83		7.07
0.85		7.07
0.9		7
0.99		6.91
1.44		6.66
1.45		7.97
1.38		7.89
1.28		7.82
1.17		7.76
1.04		7.73
0.98		7.73
1.02		7.64
1.06		7.55
1.19		7.44
1.23		7.33
1.22		7.25
1.22		7.16
1.23		7.07
0.89		7.73
0.89		7.65
0.89		7.56
0.88		7.49
0.88		7.4
0.87		7.32
0.86		7.24
0.85		7.15
0.83		7.07
0.85		7.07
0.9		7
0.99		6.91
1.45		6.66
1.45		7.97
1.39		7.89
1.29		7.82
1.17		7.76
1.04		7.73
0.98		7.73
1.02		7.64
1.06		7.55
1.19		7.44
1.23		7.33
1.22		7.25
1.22		7.17
1.23		7.07
0.89		7.73
0.89		7.65
0.89		7.56
0.88		7.49
0.88		7.4
0.87		7.32
0.86		7.24
0.85		7.15
0.83		7.07
0.85		7.07
0.9		7
0.99		6.91
1.45		6.66
1.45		7.97
1.39		7.89
1.29		7.82
1.17		7.76
1.04		7.73
0.98		7.73
1.02		7.64
1.06		7.55
1.19		7.44
1.23		7.33
1.22		7.25
1.22		7.17
1.23		7.07
0.89		7.73
0.89		7.65
0.89		7.56
0.88		7.49
0.88		7.41
0.87		7.32
0.86		7.24
0.85		7.16
0.83		7.07
0.85		7.07
0.91		7
0.99		6.91
1.45		6.66
1.45		7.98
1.39		7.89
1.29		7.82
1.17		7.76
1.04		7.73
0.98		7.73
1.02		7.64
1.06		7.56
1.2		7.45
1.23		7.33
1.22		7.25
1.22		7.17
1.23		7.07
0.89		7.73
0.89		7.65
0.89		7.57
0.88		7.49
0.88		7.41
0.88		7.32
0.86		7.24
0.85		7.16
0.83		7.07
0.85		7.07
0.91		7
0.99		6.91
1.46		6.66
1.46		7.98
1.39		7.89
1.29		7.82
1.17		7.76
1.04		7.73
0.98		7.73
1.02		7.65
1.06		7.56
1.2		7.45
1.23		7.33
1.22		7.26
1.22		7.17
1.23		7.08
0.89		7.73
0.89		7.65
0.89		7.57
0.89		7.49
0.88		7.41
0.88		7.32
0.86		7.24
0.85		7.16
0.83		7.08
0.85		7.08
0.91		7
0.99		6.91
1.46		6.66
1.46		7.98
1.39		7.89
1.29		7.83
1.17		7.77
1.04		7.73
0.98		7.73
1.02		7.65
1.07		7.56
1.2		7.45
1.23		7.34
1.22		7.26
1.22		7.17
1.23		7.08
0.89		7.73
0.89		7.65
0.89		7.57
0.89		7.5
0.88		7.41
0.88		7.32
0.86		7.24
0.85		7.16
0.83		7.08
0.85		7.08
0.91		7
0.99		6.91
1.47		6.66
1.46		7.98
1.39		7.9
1.29		7.83
1.18		7.77
1.04		7.74
0.98		7.74
1.02		7.65
1.07		7.56
1.2		7.45
1.24		7.34
1.23		7.26
1.23		7.17
1.23		7.08
0.89		7.74
0.89		7.66
0.9		7.57
0.89		7.5
0.88		7.41
0.88		7.33
0.86		7.24
0.85		7.16
0.83		7.08
0.85		7.08
0.91		7
0.99		6.92
1.47		6.66
1.46		7.98
1.39		7.9
1.29		7.83
1.18		7.77
1.04		7.74
0.98		7.74
1.02		7.65
1.07		7.56
1.2		7.45
1.24		7.34
1.23		7.26
1.23		7.17
1.24		7.08
0.89		7.74
0.89		7.66
0.9		7.57
0.89		7.5
0.88		7.41
0.88		7.33
0.86		7.25
0.85		7.16
0.84		7.08
0.85		7.08
0.91		7
0.99		6.92
1.47		6.66
1.46		7.98
1.39		7.9
1.29		7.83
1.18		7.77
1.04		7.74
0.98		7.74
1.03		7.65
1.07		7.56
1.2		7.45
1.24		7.34
1.23		7.26
1.23		7.17
1.24		7.08
0.89		7.74
0.89		7.66
0.9		7.57
0.89		7.5
0.88		7.41
0.88		7.33
0.86		7.25
0.85		7.16
0.84		7.08
0.85		7.08
0.91		7.01
0.99		6.92
1.48		6.66
1.46		7.98
1.39		7.9
1.29		7.83
1.18		7.77
1.04		7.74
0.98		7.74
1.03		7.65
1.07		7.56
1.2		7.45
1.24		7.34
1.23		7.26
1.23		7.18
1.24		7.08
0.89		7.74
0.9		7.66
0.9		7.57
0.89		7.5
0.88		7.42
0.88		7.33
0.86		7.25
0.85		7.16
0.84		7.08
0.85		7.08
0.91		7.01
0.99		6.92
1.48		6.66
1.46		7.99
1.39		7.9
1.3		7.83
1.18		7.77
1.05		7.74
0.98		7.74
1.03		7.65
1.07		7.57
1.2		7.46
1.24		7.34
1.23		7.27
1.23		7.18
1.24		7.08
0.89		7.74
0.9		7.66
0.9		7.58
0.89		7.5
0.88		7.42
0.88		7.33
0.87		7.25
0.85		7.17
0.84		7.08
0.85		7.08
0.91		7.01
0.99		6.92
1.48		6.66
1.46		7.99
1.4		7.9
1.3		7.83
1.18		7.78
1.05		7.74
0.98		7.74
1.03		7.66
1.07		7.57
1.2		7.46
1.24		7.34
1.23		7.27
1.23		7.18
1.24		7.08
0.89		7.74
0.9		7.66
0.9		7.58
0.89		7.5
0.89		7.42
0.88		7.33
0.87		7.25
0.85		7.17
0.84		7.08
0.86		7.08
0.91		7.01
0.99		6.92
1.49		6.66
1.46		7.99
1.4		7.91
1.3		7.84
1.18		7.78
1.05		7.74
0.98		7.74
1.03		7.66
1.07		7.57
1.2		7.46
1.24		7.35
1.23		7.27
1.23		7.18
1.24		7.09
0.89		7.74
0.9		7.66
0.9		7.58
0.89		7.51
0.89		7.42
0.88		7.33
0.87		7.25
0.85		7.17
0.84		7.09
0.86		7.09
0.91		7.01
1		6.92
1.49		6.66
1.47		7.99
1.4		7.91
1.3		7.84
1.18		7.78
1.05		7.75
0.98		7.75
1.03		7.66
1.07		7.57
1.2		7.46
1.24		7.35
1.23		7.27
1.23		7.18
1.24		7.09
0.89		7.75
0.9		7.67
0.9		7.58
0.89		7.51
0.89		7.42
0.88		7.34
0.87		7.25
0.86		7.17
0.84		7.09
0.86		7.09
0.91		7.01
1		6.92
1.49		6.66
1.47		7.99
1.4		7.91
1.3		7.84
1.18		7.78
1.05		7.75
0.98		7.75
1.03		7.66
1.07		7.57
1.2		7.46
1.24		7.35
1.23		7.27
1.23		7.18
1.24		7.09
0.89		7.75
0.9		7.67
0.9		7.58
0.89		7.51
0.89		7.42
0.88		7.34
0.87		7.25
0.86		7.17
0.84		7.09
0.86		7.09
0.91		7.01
1		6.93
1.5		6.66
1.47		7.99
1.4		7.91
1.3		7.84
1.18		7.78
1.05		7.75
0.98		7.75
1.03		7.66
1.07		7.57
1.2		7.46
1.24		7.35
1.23		7.27
1.23		7.18
1.25		7.09
0.89		7.75
0.9		7.67
0.9		7.58
0.89		7.51
0.89		7.42
0.88		7.34
0.87		7.26
0.86		7.17
0.84		7.09
0.86		7.09
0.91		7.01
1		6.93
1.5		6.66
1.47		8
1.4		7.91
1.3		7.84
1.19		7.78
1.05		7.75
0.98		7.75
1.03		7.66
1.07		7.58
1.21		7.47
1.24		7.35
1.23		7.27
1.24		7.19
1.25		7.09
0.9		7.75
0.9		7.67
0.9		7.58
0.89		7.51
0.89		7.42
0.88		7.34
0.87		7.26
0.86		7.17
0.84		7.09
0.86		7.09
0.91		7.02
1		6.93
1.5		6.66
1.47		8
1.4		7.91
1.3		7.84
1.19		7.78
1.05		7.75
0.99		7.75
1.03		7.67
1.07		7.58
1.21		7.47
1.25		7.35
1.24		7.28
1.24		7.19
1.25		7.09
0.9		7.75
0.9		7.67
0.9		7.59
0.89		7.51
0.89		7.43
0.88		7.34
0.87		7.26
0.86		7.18
0.84		7.09
0.86		7.09
0.92		7.02
1		6.93
1.51		6.66
1.47		8
1.4		7.91
1.3		7.85
1.19		7.79
1.05		7.75
0.99		7.75
1.03		7.67
1.07		7.58
1.21		7.47
1.25		7.36
1.24		7.28
1.24		7.19
1.25		7.09
0.9		7.75
0.9		7.67
0.9		7.59
0.89		7.51
0.89		7.43
0.88		7.34
0.87		7.26
0.86		7.18
0.84		7.09
0.86		7.09
0.92		7.02
1		6.93
1.51		6.66
1.47		8
1.4		7.92
1.3		7.85
1.19		7.79
1.06		7.75
0.99		7.75
1.03		7.67
1.07		7.58
1.21		7.47
1.25		7.36
1.24		7.28
1.24		7.19
1.25		7.09
0.9		7.75
0.9		7.67
0.9		7.59
0.89		7.52
0.89		7.43
0.88		7.34
0.87		7.26
0.86		7.18
0.84		7.09
0.86		7.09
0.92		7.02
1		6.93
1.51		6.66
1.47		8
1.41		7.92
1.31		7.85
1.19		7.79
1.06		7.76
0.99		7.76
1.03		7.67
1.07		7.58
1.21		7.47
1.25		7.36
1.24		7.28
1.24		7.19
1.25		7.1
0.9		7.76
0.9		7.68
0.9		7.59
0.89		7.52
0.89		7.43
0.88		7.34
0.87		7.26
0.86		7.18
0.84		7.1
0.86		7.1
0.92		7.02
1		6.93
1.52		6.66
1.47		8
1.41		7.92
1.31		7.85
1.19		7.79
1.06		7.76
0.99		7.76
1.03		7.67
1.07		7.58
1.21		7.47
1.25		7.36
1.24		7.28
1.24		7.19
1.25		7.1
0.9		7.76
0.9		7.68
0.9		7.59
0.89		7.52
0.89		7.43
0.88		7.35
0.87		7.26
0.86		7.18
0.84		7.1
0.86		7.1
0.92		7.02
1		6.93
1.52		6.66
1.48		8
1.41		7.92
1.31		7.85
1.19		7.79
1.06		7.76
0.99		7.76
1.03		7.67
1.07		7.58
1.21		7.48
1.25		7.36
1.24		7.28
1.24		7.19
1.25		7.1
0.9		7.76
0.9		7.68
0.9		7.59
0.89		7.52
0.89		7.43
0.89		7.35
0.87		7.27
0.86		7.18
0.84		7.1
0.86		7.1
0.92		7.02
1		6.93
1.52		6.66
1.48		8.01
1.41		7.92
1.31		7.85
1.19		7.79
1.06		7.76
0.99		7.76
1.03		7.67
1.07		7.59
1.21		7.48
1.25		7.36
1.24		7.28
1.24		7.2
1.26		7.1
0.9		7.76
0.9		7.68
0.9		7.59
0.89		7.52
0.89		7.43
0.89		7.35
0.87		7.27
0.86		7.18
0.84		7.1
0.86		7.1
0.92		7.02
1		6.94
1.53		6.66
1.48		8.01
1.41		7.92
1.31		7.85
1.19		7.79
1.06		7.76
0.99		7.76
1.03		7.68
1.07		7.59
1.21		7.48
1.25		7.36
1.24		7.29
1.24		7.2
1.26		7.1
0.9		7.76
0.9		7.68
0.9		7.6
0.89		7.52
0.89		7.44
0.89		7.35
0.87		7.27
0.86		7.18
0.84		7.1
0.86		7.1
0.92		7.03
1		6.94
1.53		6.66
1.48		8.01
1.41		7.93
1.31		7.86
1.19		7.8
1.06		7.76
0.99		7.76
1.03		7.68
1.07		7.59
1.21		7.48
1.25		7.37
1.24		7.29
1.24		7.2
1.26		7.1
0.9		7.76
0.9		7.68
0.9		7.6
0.89		7.52
0.89		7.44
0.89		7.35
0.87		7.27
0.86		7.19
0.85		7.1
0.86		7.1
0.92		7.03
1		6.94
1.54		6.66
1.48		8.01
1.41		7.93
1.31		7.86
1.2		7.8
1.06		7.77
0.99		7.77
1.03		7.68
1.07		7.59
1.21		7.48
1.25		7.37
1.24		7.29
1.25		7.2
1.26		7.1
0.9		7.77
0.9		7.68
0.9		7.6
0.9		7.53
0.89		7.44
0.89		7.35
0.87		7.27
0.86		7.19
0.85		7.1
0.86		7.1
0.92		7.03
1		6.94
1.54		6.66
1.48		8.01
1.41		7.93
1.31		7.86
1.2		7.8
1.06		7.77
0.99		7.77
1.03		7.68
1.07		7.59
1.21		7.48
1.25		7.37
1.24		7.29
1.25		7.2
1.26		7.11
0.9		7.77
0.9		7.69
0.9		7.6
0.9		7.53
0.89		7.44
0.89		7.35
0.87		7.27
0.86		7.19
0.85		7.11
0.86		7.11
0.92		7.03
1		6.94
1.54		6.66
1.48		8.01
1.41		7.93
1.31		7.86
1.2		7.8
1.06		7.77
0.99		7.77
1.03		7.68
1.07		7.59
1.21		7.48
1.25		7.37
1.25		7.29
1.25		7.2
1.26		7.11
0.9		7.77
0.9		7.69
0.9		7.6
0.9		7.53
0.89		7.44
0.89		7.36
0.87		7.27
0.86		7.19
0.85		7.11
0.87		7.11
0.92		7.03
1		6.94
1.55		6.66
1.48		8.02
1.42		7.93
1.31		7.86
1.2		7.8
1.07		7.77
0.99		7.77
1.03		7.68
1.07		7.6
1.22		7.49
1.26		7.37
1.25		7.29
1.25		7.2
1.26		7.11
0.9		7.77
0.9		7.69
0.91		7.6
0.9		7.53
0.89		7.44
0.89		7.36
0.87		7.27
0.86		7.19
0.85		7.11
0.87		7.11
0.92		7.03
1.01		6.94
1.55		6.66
1.48		8.02
1.42		7.93
1.32		7.86
1.2		7.8
1.07		7.77
0.99		7.77
1.03		7.68
1.07		7.6
1.22		7.49
1.26		7.37
1.25		7.29
1.25		7.21
1.26		7.11
0.9		7.77
0.9		7.69
0.91		7.6
0.9		7.53
0.89		7.44
0.89		7.36
0.88		7.28
0.86		7.19
0.85		7.11
0.87		7.11
0.92		7.03
1.01		6.94
1.55		6.66
1.48		8.02
1.42		7.93
1.32		7.87
1.2		7.81
1.07		7.77
0.99		7.77
1.03		7.69
1.07		7.6
1.22		7.49
1.26		7.37
1.25		7.3
1.25		7.21
1.26		7.11
0.9		7.77
0.91		7.69
0.91		7.61
0.9		7.53
0.89		7.45
0.89		7.36
0.88		7.28
0.86		7.19
0.85		7.11
0.87		7.11
0.92		7.03
1.01		6.95
1.56		6.66
1.49		8.02
1.42		7.94
1.32		7.87
1.2		7.81
1.07		7.77
0.99		7.77
1.03		7.69
1.07		7.6
1.22		7.49
1.26		7.38
1.25		7.3
1.25		7.21
1.27		7.11
0.9		7.77
0.91		7.69
0.91		7.61
0.9		7.53
0.89		7.45
0.89		7.36
0.88		7.28
0.86		7.2
0.85		7.11
0.87		7.11
0.92		7.04
1.01		6.95
1.56		6.66
1.49		8.02
1.42		7.94
1.32		7.87
1.2		7.81
1.07		7.78
0.99		7.78
1.03		7.69
1.07		7.6
1.22		7.49
1.26		7.38
1.25		7.3
1.25		7.21
1.27		7.11
0.9		7.78
0.91		7.69
0.91		7.61
0.9		7.53
0.9		7.45
0.89		7.36
0.88		7.28
0.87		7.2
0.85		7.11
0.87		7.11
0.92		7.04
1.01		6.95
1.56		6.66
1.49		8.02
1.42		7.94
1.32		7.87
1.2		7.81
1.07		7.78
0.99		7.78
1.03		7.69
1.07		7.6
1.22		7.49
1.26		7.38
1.25		7.3
1.25		7.21
1.27		7.11
0.9		7.78
0.91		7.7
0.91		7.61
0.9		7.54
0.9		7.45
0.89		7.36
0.88		7.28
0.87		7.2
0.85		7.11
0.87		7.11
0.93		7.04
1.01		6.95
1.57		6.66
1.49		8.02
1.42		7.94
1.32		7.87
1.2		7.81
1.07		7.78
0.99		7.78
1.03		7.69
1.07		7.6
1.22		7.5
1.26		7.38
1.25		7.3
1.25		7.21
1.27		7.12
0.9		7.78
0.91		7.7
0.91		7.61
0.9		7.54
0.9		7.45
0.89		7.37
0.88		7.28
0.87		7.2
0.85		7.12
0.87		7.12
0.93		7.04
1.01		6.95
1.57		6.66
1.49		8.03
1.42		7.94
1.32		7.87
1.21		7.81
1.07		7.78
0.99		7.78
1.03		7.69
1.07		7.61
1.22		7.5
1.26		7.38
1.25		7.3
1.26		7.21
1.27		7.12
0.9		7.78
0.91		7.7
0.91		7.61
0.9		7.54
0.9		7.45
0.89		7.37
0.88		7.28
0.87		7.2
0.85		7.12
0.87		7.12
0.93		7.04
1.01		6.95
1.57		6.66
1.49		8.03
1.42		7.94
1.32		7.87
1.21		7.81
1.07		7.78
0.99		7.78
1.03		7.7
1.07		7.61
1.14		7.5
1.26		7.38
1.25		7.3
1.26		7.22
1.27		7.12
0.9		7.78
0.91		7.7
0.91		7.61
0.9		7.54
0.9		7.45
0.89		7.37
0.88		7.29
0.87		7.2
0.85		7.12
0.87		7.12
0.93		7.04
1.01		6.95
1.58		6.66
1.49		8.03
1.42		7.94
1.32		7.88
1.21		7.82
1.07		7.78
0.99		7.78
1.03		7.7
1.07		7.61
1.14		7.5
1.26		7.39
1.25		7.31
1.26		7.22
1.27		7.12
0.9		7.78
0.91		7.7
0.91		7.62
0.9		7.54
0.9		7.46
0.89		7.37
0.88		7.29
0.87		7.2
0.85		7.12
0.87		7.12
0.93		7.04
1.01		6.95
1.58		6.66
1.49		8.03
1.42		7.95
1.32		7.88
1.21		7.82
1.08		7.78
0.99		7.78
1.03		7.7
1.07		7.61
1.14		7.5
1.26		7.39
1.26		7.31
1.26		7.22
1.27		7.12
0.9		7.78
0.91		7.7
0.91		7.62
0.9		7.54
0.9		7.46
0.89		7.37
0.88		7.29
0.87		7.2
0.85		7.12
0.87		7.12
0.93		7.04
1.01		6.95
1.58		6.66
1.49		8.03
1.43		7.95
1.32		7.88
1.21		7.82
1.08		7.79
0.99		7.79
1.03		7.7
1.07		7.61
1.14		7.5
1.26		7.39
1.26		7.31
1.26		7.22
1.27		7.12
0.91		7.79
0.91		7.7
0.91		7.62
0.9		7.54
0.9		7.46
0.89		7.37
0.88		7.29
0.87		7.21
0.85		7.12
0.87		7.12
0.93		7.05
1.01		6.96
1.59		6.66
1.5		8.03
1.43		7.95
1.33		7.88
1.21		7.82
1.08		7.79
0.99		7.79
1.03		7.7
1.07		7.61
1.14		7.51
1.27		7.39
1.26		7.31
1.26		7.22
1.27		7.12
0.91		7.79
0.91		7.71
0.91		7.62
0.9		7.55
0.9		7.46
0.89		7.37
0.88		7.29
0.87		7.21
0.85		7.12
0.87		7.12
0.93		7.05
1.01		6.96
1.59		6.66
1.5		8.04
1.43		7.95
1.33		7.88
1.21		7.82
1.08		7.79
0.99		7.79
1.03		7.7
1.07		7.61
1.14		7.51
1.27		7.39
1.26		7.31
1.26		7.22
1.28		7.12
0.91		7.79
0.91		7.71
0.91		7.62
0.9		7.55
0.9		7.46
0.89		7.37
0.88		7.29
0.87		7.21
0.85		7.12
0.87		7.12
0.93		7.05
1.01		6.96
1.59		6.66
1.5		8.04
1.43		7.95
1.33		7.88
1.21		7.82
1.08		7.79
0.99		7.79
1.03		7.7
1.07		7.62
1.14		7.51
1.27		7.39
1.26		7.31
1.26		7.22
1.28		7.13
0.91		7.79
0.91		7.71
0.91		7.62
0.9		7.55
0.9		7.46
0.89		7.38
0.88		7.29
0.87		7.21
0.85		7.13
0.87		7.13
0.93		7.05
1.01		6.96
1.6		6.66
1.5		8.04
1.43		7.95
1.33		7.88
1.21		7.82
1.08		7.79
0.99		7.79
1.03		7.71
1.07		7.62
1.14		7.51
1.27		7.39
1.26		7.31
1.26		7.23
1.28		7.13
0.91		7.79
0.91		7.71
0.91		7.62
0.9		7.55
0.9		7.46
0.89		7.38
0.88		7.3
0.87		7.21
0.86		7.13
0.87		7.13
0.93		7.05
1.01		6.96
1.6		6.66
1.5		8.04
1.43		7.96
1.33		7.89
1.21		7.83
1.08		7.79
0.99		7.79
1.03		7.71
1.07		7.62
1.14		7.51
1.27		7.4
1.26		7.32
1.26		7.23
1.28		7.13
0.91		7.79
0.91		7.71
0.91		7.63
0.9		7.55
0.9		7.46
0.9		7.38
0.88		7.3
0.87		7.21
0.86		7.13
0.87		7.13
0.93		7.05
1.01		6.96
1.61		6.66
1.5		8.04
1.43		7.96
1.33		7.89
1.22		7.83
1.08		7.79
0.99		7.79
1.03		7.71
1.07		7.62
1.14		7.51
1.27		7.4
1.26		7.32
1.26		7.23
1.28		7.13
0.91		7.79
0.91		7.71
0.91		7.63
0.9		7.55
0.9		7.47
0.9		7.38
0.88		7.3
0.87		7.21
0.86		7.13
0.87		7.13
0.93		7.05
1.01		6.96
1.61		6.66
1.5		8.04
1.43		7.96
1.33		7.89
1.22		7.83
1.08		7.8
0.99		7.8
1.03		7.71
1.07		7.62
1.14		7.51
1.27		7.4
1.26		7.32
1.27		7.23
1.28		7.13
0.91		7.8
0.91		7.71
0.91		7.63
0.9		7.55
0.9		7.47
0.9		7.38
0.88		7.3
0.87		7.21
0.86		7.13
0.88		7.13
0.93		7.05
1.01		6.96
1.61		6.66
1.5		8.04
1.43		7.96
1.33		7.89
1.22		7.83
1.08		7.8
0.99		7.8
1.03		7.71
1.07		7.62
1.14		7.52
1.27		7.4
1.26		7.32
1.27		7.23
1.28		7.13
0.91		7.8
0.91		7.72
0.91		7.63
0.9		7.56
0.9		7.47
0.9		7.38
0.88		7.3
0.87		7.22
0.86		7.13
0.88		7.13
0.93		7.06
1.02		6.97
1.62		6.66
1.5		8.05
1.43		7.96
1.33		7.89
1.22		7.83
1.09		7.8
0.99		7.8
1.03		7.71
1.07		7.63
1.14		7.52
1.27		7.4
1.26		7.32
1.27		7.23
1.28		7.13
0.91		7.8
0.91		7.72
0.91		7.63
0.9		7.56
0.9		7.47
0.9		7.38
0.88		7.3
0.87		7.22
0.86		7.13
0.88		7.13
0.93		7.06
1.02		6.97
1.62		6.66
1.5		8.05
1.44		7.96
1.33		7.89
1.22		7.83
1.09		7.8
1		7.8
1.03		7.71
1.07		7.63
1.14		7.52
1.27		7.4
1.26		7.32
1.27		7.23
1.28		7.14
0.91		7.8
0.91		7.72
0.91		7.63
0.91		7.56
0.9		7.47
0.9		7.39
0.88		7.3
0.87		7.22
0.86		7.14
0.88		7.14
0.93		7.06
1.02		6.97
1.62		6.66
1.51		8.05
1.44		7.96
1.33		7.89
1.22		7.83
1.09		7.8
1		7.8
1.03		7.72
1.07		7.63
1.14		7.52
1.27		7.41
1.27		7.33
1.27		7.24
1.29		7.14
0.91		7.8
0.91		7.72
0.91		7.63
0.91		7.56
0.9		7.47
0.9		7.39
0.88		7.3
0.87		7.22
0.86		7.14
0.88		7.14
0.93		7.06
1.02		6.97
1.63		6.66
1.51		8.05
1.44		7.97
1.34		7.9
1.22		7.84
1.09		7.8
1		7.8
1.03		7.72
1.07		7.63
1.14		7.52
1.27		7.41
1.27		7.33
1.27		7.24
1.29		7.14
0.91		7.8
0.91		7.72
0.91		7.64
0.91		7.56
0.9		7.47
0.9		7.39
0.89		7.31
0.87		7.22
0.86		7.14
0.88		7.14
0.93		7.06
1.02		6.97
1.63		6.66
1.5		8.05
1.43		7.97
1.33		7.9
1.22		7.84
1.09		7.8
1		7.8
1.03		7.72
1.07		7.63
1.14		7.52
1.27		7.41
1.27		7.33
1.27		7.24
1.29		7.14
0.91		7.8
0.91		7.72
0.91		7.64
0.91		7.56
0.9		7.48
0.9		7.39
0.89		7.31
0.87		7.22
0.86		7.14
0.88		7.14
0.94		7.06
1.02		6.97
1.63		6.66
1.5		8.05
1.43		7.97
1.33		7.9
1.22		7.84
1.09		7.8
0.99		7.8
1.03		7.72
1.07		7.63
1.14		7.52
1.27		7.41
1.27		7.33
1.27		7.24
1.29		7.14
0.91		7.8
0.91		7.72
0.91		7.64
0.91		7.56
0.9		7.48
0.9		7.39
0.89		7.31
0.87		7.22
0.86		7.14
0.88		7.14
0.94		7.06
1.02		6.97
1.64		6.66
1.5		8.05
1.43		7.96
1.33		7.9
1.22		7.84
1.08		7.8
0.99		7.8
1.03		7.72
1.07		7.63
1.14		7.52
1.27		7.41
1.27		7.33
1.27		7.24
1.29		7.14
0.91		7.8
0.91		7.72
0.91		7.64
0.9		7.56
0.9		7.48
0.9		7.39
0.89		7.31
0.88		7.22
0.86		7.14
0.88		7.14
0.94		7.06
1.02		6.97
1.64		6.66
1.5		8.05
1.43		7.96
1.33		7.9
1.21		7.84
1.08		7.8
0.99		7.8
1.03		7.72
1.07		7.63
1.14		7.52
1.27		7.41
1.26		7.33
1.27		7.24
1.29		7.14
0.91		7.8
0.91		7.72
0.91		7.64
0.9		7.56
0.9		7.48
0.9		7.39
0.88		7.31
0.87		7.23
0.86		7.14
0.88		7.14
0.94		7.06
1.02		6.98
1.64		6.66
1.5		8.05
1.43		7.96
1.33		7.89
1.21		7.84
1.08		7.8
0.99		7.8
1.03		7.72
1.07		7.63
1.13		7.52
1.27		7.41
1.26		7.33
1.27		7.24
1.29		7.14
0.9		7.8
0.91		7.72
0.91		7.64
0.9		7.56
0.9		7.48
0.9		7.39
0.88		7.31
0.87		7.23
0.86		7.14
0.88		7.14
0.94		7.07
1.02		6.98
1.64		6.66
1.49		8.05
1.43		7.96
1.33		7.89
1.21		7.83
1.08		7.8
0.99		7.8
1.03		7.72
1.07		7.63
1.13		7.52
1.27		7.41
1.26		7.33
1.27		7.24
1.28		7.14
0.9		7.8
0.91		7.72
0.91		7.64
0.9		7.56
0.9		7.48
0.9		7.39
0.88		7.31
0.87		7.23
0.86		7.14
0.88		7.14
0.93		7.07
1.02		6.98
1.64		6.66
1.49		8.04
1.42		7.96
1.32		7.89
1.21		7.83
1.08		7.8
0.99		7.8
1.03		7.72
1.07		7.63
1.13		7.52
1.27		7.41
1.26		7.33
1.27		7.24
1.28		7.14
0.9		7.8
0.91		7.72
0.91		7.64
0.9		7.56
0.9		7.48
0.89		7.39
0.88		7.31
0.87		7.23
0.86		7.14
0.88		7.14
0.93		7.07
1.02		6.98
1.64		6.66
1.49		8.04
1.42		7.96
1.32		7.89
1.21		7.83
1.08		7.8
0.99		7.8
1.03		7.72
1.07		7.63
1.13		7.52
1.27		7.41
1.26		7.33
1.27		7.24
1.28		7.14
0.9		7.8
0.91		7.72
0.91		7.63
0.9		7.56
0.9		7.48
0.89		7.39
0.88		7.31
0.87		7.22
0.86		7.14
0.88		7.14
0.93		7.06
1.02		6.98
1.64		6.66
1.49		8.04
1.42		7.96
1.32		7.89
1.21		7.83
1.08		7.8
0.99		7.8
1.03		7.71
1.07		7.63
1.13		7.52
1.27		7.41
1.26		7.33
1.26		7.24
1.28		7.14
0.9		7.8
0.91		7.72
0.91		7.63
0.9		7.56
0.9		7.48
0.89		7.39
0.88		7.31
0.87		7.22
0.86		7.14
0.88		7.14
0.93		7.06
1.02		6.97
1.64		6.66
1.49		8.04
1.42		7.96
1.32		7.89
1.21		7.83
1.08		7.8
0.99		7.8
1.03		7.71
1.06		7.63
1.13		7.52
1.27		7.41
1.26		7.33
1.26		7.24
1.28		7.14
0.9		7.8
0.9		7.72
0.91		7.63
0.9		7.56
0.9		7.47
0.89		7.39
0.88		7.31
0.87		7.22
0.86		7.14
0.88		7.14
0.93		7.06
1.02		6.97
1.64		6.66
1.49		8.04
1.42		7.96
1.32		7.89
1.2		7.83
1.07		7.8
0.99		7.8
1.03		7.71
1.06		7.63
1.13		7.52
1.26		7.41
1.26		7.33
1.26		7.24
1.28		7.14
0.9		7.8
0.9		7.72
0.91		7.63
0.9		7.56
0.9		7.47
0.89		7.39
0.88		7.31
0.87		7.22
0.86		7.14
0.88		7.14
0.93		7.06
1.02		6.97
1.64		6.66
1.49		8.04
1.42		7.95
1.32		7.89
1.2		7.83
1.07		7.79
0.99		7.79
1.02		7.71
1.06		7.62
1.13		7.52
1.26		7.4
1.26		7.33
1.26		7.24
1.28		7.14
0.9		7.79
0.9		7.72
0.91		7.63
0.9		7.56
0.9		7.47
0.89		7.39
0.88		7.31
0.87		7.22
0.86		7.14
0.87		7.14
0.93		7.06
1.02		6.97
1.63		6.66
1.49		8.04
1.42		7.95
1.32		7.89
1.2		7.83
1.07		7.79
0.99		7.79
1.02		7.71
1.06		7.62
1.13		7.52
1.26		7.4
1.26		7.32
1.26		7.24
1.28		7.14
0.9		7.79
0.9		7.71
0.9		7.63
0.9		7.56
0.9		7.47
0.89		7.39
0.88		7.31
0.87		7.22
0.86		7.14
0.87		7.14
0.93		7.06
1.02		6.97
1.63		6.66
1.48		8.03
1.42		7.95
1.32		7.88
1.2		7.83
1.07		7.79
0.98		7.79
1.02		7.71
1.06		7.62
1.13		7.52
1.26		7.4
1.26		7.32
1.26		7.23
1.28		7.14
0.9		7.79
0.9		7.71
0.9		7.63
0.9		7.56
0.89		7.47
0.89		7.39
0.88		7.3
0.87		7.22
0.86		7.14
0.87		7.14
0.93		7.06
1.02		6.97
1.63		6.66
1.48		8.03
1.41		7.95
1.31		7.88
1.2		7.82
1.07		7.79
0.98		7.79
1.02		7.71
1.06		7.62
1.13		7.51
1.26		7.4
1.25		7.32
1.26		7.23
1.27		7.14
0.9		7.79
0.9		7.71
0.9		7.63
0.9		7.55
0.89		7.47
0.89		7.38
0.88		7.3
0.87		7.22
0.86		7.14
0.87		7.14
0.93		7.06
1.02		6.97
1.63		6.66
1.48		8.03
1.41		7.95
1.31		7.88
1.2		7.82
1.07		7.79
0.98		7.79
1.02		7.71
1.06		7.62
1.13		7.51
1.26		7.4
1.25		7.32
1.26		7.23
1.27		7.13
0.9		7.79
0.9		7.71
0.9		7.63
0.9		7.55
0.89		7.47
0.89		7.38
0.88		7.3
0.87		7.22
0.86		7.13
0.87		7.13
0.93		7.06
1.01		6.97
1.62		6.66
1.48		8.03
1.41		7.95
1.31		7.88
1.2		7.82
1.07		7.79
0.98		7.79
1.02		7.7
1.06		7.62
1.13		7.51
1.26		7.4
1.25		7.32
1.26		7.23
1.27		7.13
0.9		7.79
0.9		7.71
0.9		7.62
0.89		7.55
0.89		7.47
0.89		7.38
0.88		7.3
0.87		7.22
0.86		7.13
0.87		7.13
0.93		7.06
1.01		6.97
1.62		6.66
1.48		8.03
1.41		7.95
1.31		7.88
1.2		7.82
1.07		7.79
0.98		7.79
1.02		7.7
1.06		7.62
1.13		7.51
1.26		7.4
1.25		7.32
1.26		7.23
1.27		7.13
0.9		7.79
0.9		7.71
0.9		7.62
0.89		7.55
0.89		7.47
0.89		7.38
0.88		7.3
0.87		7.22
0.86		7.13
0.87		7.13
0.93		7.06
1.01		6.97
1.62		6.66
1.48		8.03
1.41		7.94
1.31		7.88
1.2		7.82
1.07		7.79
0.98		7.79
1.02		7.7
1.06		7.62
1.13		7.51
1.26		7.4
1.25		7.32
1.26		7.23
1.27		7.13
0.89		7.79
0.9		7.71
0.9		7.62
0.89		7.55
0.89		7.46
0.89		7.38
0.88		7.3
0.87		7.21
0.86		7.13
0.87		7.13
0.93		7.06
1.01		6.97
1.61		6.66
1.48		8.03
1.41		7.94
1.31		7.88
1.19		7.82
1.06		7.78
0.98		7.78
1.02		7.7
1.06		7.61
1.13		7.51
1.26		7.39
1.25		7.32
1.25		7.23
1.27		7.13
0.89		7.78
0.9		7.71
0.9		7.62
0.89		7.55
0.89		7.46
0.89		7.38
0.88		7.3
0.87		7.21
0.85		7.13
0.87		7.13
0.93		7.05
1.01		6.96
1.61		6.66
1.48		8.02
1.41		7.94
1.31		7.87
1.19		7.82
1.06		7.78
0.98		7.78
1.02		7.7
1.06		7.61
1.13		7.51
1.26		7.39
1.25		7.31
1.25		7.23
1.27		7.13
0.89		7.78
0.9		7.7
0.9		7.62
0.89		7.55
0.89		7.46
0.89		7.38
0.88		7.3
0.87		7.21
0.85		7.13
0.87		7.13
0.93		7.05
1.01		6.96
1.61		6.66
1.48		8.02
1.41		7.94
1.31		7.87
1.19		7.81
1.06		7.78
0.98		7.78
1.02		7.7
1.06		7.61
1.13		7.5
1.26		7.39
1.25		7.31
1.25		7.22
1.27		7.13
0.89		7.78
0.9		7.7
0.9		7.62
0.89		7.55
0.89		7.46
0.89		7.38
0.88		7.29
0.87		7.21
0.85		7.13
0.87		7.13
0.93		7.05
1.01		6.96
1.6		6.66
1.47		8.02
1.41		7.94
1.31		7.87
1.19		7.81
1.06		7.78
0.98		7.78
1.02		7.7
1.06		7.61
1.13		7.5
1.26		7.39
1.25		7.31
1.25		7.22
1.27		7.13
0.89		7.78
0.9		7.7
0.9		7.62
0.89		7.54
0.89		7.46
0.89		7.37
0.88		7.29
0.87		7.21
0.85		7.13
0.87		7.13
0.93		7.05
1.01		6.96
1.6		6.66
1.47		8.02
1.4		7.94
1.31		7.87
1.19		7.81
1.06		7.78
0.98		7.78
1.02		7.69
1.06		7.61
1.13		7.5
1.25		7.39
1.25		7.31
1.25		7.22
1.26		7.13
0.89		7.78
0.9		7.7
0.9		7.62
0.89		7.54
0.89		7.46
0.89		7.37
0.87		7.29
0.87		7.21
0.85		7.13
0.87		7.13
0.93		7.05
1.01		6.96
1.6		6.66
1.47		8.02
1.4		7.94
1.3		7.87
1.19		7.81
1.06		7.78
0.98		7.78
1.02		7.69
1.06		7.61
1.13		7.5
1.25		7.39
1.25		7.31
1.25		7.22
1.26		7.12
0.89		7.78
0.9		7.7
0.9		7.61
0.89		7.54
0.89		7.46
0.89		7.37
0.87		7.29
0.87		7.21
0.85		7.12
0.87		7.12
0.93		7.05
1.01		6.96
1.59		6.66
1.47		8.02
1.4		7.93
1.3		7.87
1.19		7.81
1.06		7.78
0.98		7.78
1.02		7.69
1.06		7.61
1.13		7.5
1.25		7.38
1.25		7.31
1.25		7.22
1.26		7.12
0.89		7.78
0.9		7.7
0.9		7.61
0.89		7.54
0.89		7.46
0.89		7.37
0.87		7.29
0.87		7.21
0.85		7.12
0.87		7.12
0.93		7.05
1.01		6.96
1.59		6.66
1.47		8.02
1.4		7.93
1.3		7.87
1.19		7.81
1.06		7.77
0.98		7.77
1.02		7.69
1.06		7.6
1.21		7.5
1.25		7.38
1.24		7.31
1.25		7.22
1.26		7.12
0.89		7.77
0.9		7.7
0.9		7.61
0.89		7.54
0.89		7.45
0.88		7.37
0.87		7.29
0.86		7.2
0.85		7.12
0.87		7.12
0.92		7.05
1.01		6.96
1.59		6.66
1.47		8.01
1.4		7.93
1.3		7.86
1.19		7.81
1.06		7.77
0.98		7.77
1.02		7.69
1.06		7.6
1.21		7.5
1.25		7.38
1.24		7.3
1.25		7.22
1.26		7.12
0.89		7.77
0.9		7.69
0.9		7.61
0.89		7.54
0.89		7.45
0.88		7.37
0.87		7.29
0.86		7.2
0.85		7.12
0.87		7.12
0.92		7.04
1.01		6.95
1.58		6.66
1.47		8.01
1.4		7.93
1.3		7.86
1.19		7.8
1.05		7.77
0.98		7.77
1.02		7.69
1.06		7.6
1.21		7.49
1.25		7.38
1.24		7.3
1.25		7.21
1.26		7.12
0.89		7.77
0.89		7.69
0.9		7.61
0.89		7.54
0.89		7.45
0.88		7.37
0.87		7.29
0.86		7.2
0.85		7.12
0.87		7.12
0.92		7.04
1.01		6.95
1.58		6.66
1.47		8.01
1.4		7.93
1.3		7.86
1.18		7.8
1.05		7.77
0.98		7.77
1.02		7.69
1.06		7.6
1.21		7.49
1.25		7.38
1.24		7.3
1.24		7.21
1.26		7.12
0.89		7.77
0.89		7.69
0.9		7.61
0.89		7.53
0.89		7.45
0.88		7.37
0.87		7.28
0.86		7.2
0.85		7.12
0.87		7.12
0.92		7.04
1.01		6.95
1.58		6.66
1.47		8.01
1.4		7.93
1.3		7.86
1.18		7.8
1.05		7.77
0.98		7.77
1.02		7.68
1.06		7.6
1.21		7.49
1.25		7.38
1.24		7.3
1.24		7.21
1.26		7.12
0.89		7.77
0.89		7.69
0.9		7.61
0.89		7.53
0.89		7.45
0.88		7.36
0.87		7.28
0.86		7.2
0.85		7.12
0.86		7.12
0.92		7.04
1.01		6.95
1.57		6.66
1.46		8.01
1.4		7.93
1.3		7.86
1.18		7.8
1.05		7.77
0.98		7.77
1.02		7.68
1.06		7.6
1.21		7.49
1.25		7.38
1.24		7.3
1.24		7.21
1.26		7.11
0.89		7.77
0.89		7.69
0.9		7.6
0.89		7.53
0.89		7.45
0.88		7.36
0.87		7.28
0.86		7.2
0.85		7.11
0.86		7.11
0.92		7.04
1.01		6.95
1.57		6.66
1.46		8.01
1.4		7.92
1.3		7.86
1.18		7.8
1.05		7.77
0.98		7.77
1.02		7.68
1.06		7.59
1.21		7.49
1.25		7.37
1.24		7.3
1.24		7.21
1.25		7.11
0.89		7.77
0.89		7.69
0.9		7.6
0.89		7.53
0.89		7.45
0.88		7.36
0.87		7.28
0.86		7.2
0.85		7.11
0.86		7.11
0.92		7.04
1.01		6.95
1.57		6.66
1.46		8
1.39		7.92
1.3		7.85
1.18		7.8
1.05		7.76
0.98		7.76
1.02		7.68
1.06		7.59
1.21		7.49
1.25		7.37
1.24		7.29
1.24		7.21
1.25		7.11
0.89		7.76
0.89		7.69
0.89		7.6
0.89		7.53
0.89		7.44
0.88		7.36
0.87		7.28
0.86		7.2
0.85		7.11
0.86		7.11
0.92		7.04
1.01		6.95
1.56		6.66
1.46		8
1.39		7.92
1.29		7.85
1.18		7.79
1.05		7.76
0.98		7.76
1.02		7.68
1.06		7.59
1.2		7.48
1.25		7.37
1.24		7.29
1.24		7.21
1.25		7.11
0.89		7.76
0.89		7.68
0.89		7.6
0.89		7.53
0.89		7.44
0.88		7.36
0.87		7.28
0.86		7.19
0.85		7.11
0.86		7.11
0.92		7.04
1.01		6.95
1.56		6.66
1.46		8
1.39		7.92
1.29		7.85
1.18		7.79
1.05		7.76
0.98		7.76
1.02		7.68
1.06		7.59
1.2		7.48
1.25		7.37
1.24		7.29
1.24		7.2
1.25		7.11
0.89		7.76
0.89		7.68
0.89		7.6
0.89		7.53
0.88		7.44
0.88		7.36
0.87		7.28
0.86		7.19
0.85		7.11
0.86		7.11
0.92		7.03
1.01		6.95
1.56		6.66
1.46		8
1.39		7.92
1.29		7.85
1.18		7.79
1.05		7.76
0.98		7.76
1.02		7.68
1.06		7.59
1.2		7.48
1.24		7.37
1.24		7.29
1.24		7.2
1.25		7.11
0.89		7.76
0.89		7.68
0.89		7.6
0.89		7.53
0.88		7.44
0.88		7.36
0.87		7.27
0.86		7.19
0.85		7.11
0.86		7.11
0.92		7.03
1		6.94
1.55		6.66
1.46		8
1.39		7.92
1.29		7.85
1.18		7.79
1.05		7.76
0.98		7.76
1.02		7.67
1.06		7.59
1.2		7.48
1.24		7.37
1.23		7.29
1.24		7.2
1.25		7.11
0.89		7.76
0.89		7.68
0.89		7.6
0.89		7.52
0.88		7.44
0.88		7.35
0.87		7.27
0.86		7.19
0.85		7.11
0.86		7.11
0.92		7.03
1		6.94
1.55		6.66
1.46		8
1.39		7.91
1.29		7.85
1.18		7.79
1.04		7.76
0.98		7.76
1.02		7.67
1.06		7.59
1.2		7.48
1.24		7.36
1.23		7.29
1.24		7.2
1.25		7.11
0.89		7.76
0.89		7.68
0.89		7.59
0.89		7.52
0.88		7.44
0.88		7.35
0.87		7.27
0.86		7.19
0.85		7.11
0.86		7.11
0.92		7.03
1		6.94
1.55		6.66
1.46		8
1.39		7.91
1.29		7.85
1.17		7.79
1.04		7.76
0.98		7.76
1.02		7.67
1.06		7.58
1.2		7.48
1.24		7.36
1.23		7.29
1.23		7.2
1.25		7.1
0.89		7.76
0.89		7.68
0.89		7.59
0.88		7.52
0.88		7.44
0.88		7.35
0.87		7.27
0.86		7.19
0.85		7.1
0.86		7.1
0.92		7.03
1		6.94
1.54		6.66
1.45		7.99
1.39		7.91
1.29		7.84
1.17		7.79
1.04		7.75
0.98		7.75
1.02		7.67
1.06		7.58
1.2		7.47
1.24		7.36
1.23		7.28
1.23		7.2
1.25		7.1
0.89		7.75
0.89		7.68
0.89		7.59
0.88		7.52
0.88		7.43
0.88		7.35
0.87		7.27
0.86		7.19
0.85		7.1
0.86		7.1
0.92		7.03
1		6.94
1.54		6.66
1.45		7.99
1.39		7.91
1.29		7.84
1.17		7.78
1.04		7.75
0.97		7.75
1.02		7.67
1.06		7.58
1.2		7.47
1.24		7.36
1.23		7.28
1.23		7.2
1.24		7.1
0.88		7.75
0.89		7.67
0.89		7.59
0.88		7.52
0.88		7.43
0.88		7.35
0.87		7.27
0.86		7.19
0.84		7.1
0.86		7.1
0.92		7.03
1		6.94
1.54		6.66
1.45		7.99
1.39		7.91
1.29		7.84
1.17		7.78
1.04		7.75
0.97		7.75
1.02		7.67
1.06		7.58
1.2		7.47
1.24		7.36
1.23		7.28
1.23		7.19
1.24		7.1
0.88		7.75
0.89		7.67
0.89		7.59
0.88		7.52
0.88		7.43
0.88		7.35
0.87		7.27
0.86		7.18
0.84		7.1
0.86		7.1
0.92		7.03
1		6.94
1.53		6.66
1.45		7.99
1.38		7.91
1.29		7.84
1.17		7.78
1.04		7.75
0.97		7.75
1.02		7.66
1.06		7.58
1.2		7.47
1.24		7.36
1.23		7.28
1.23		7.19
1.24		7.1
0.88		7.75
0.89		7.67
0.89		7.59
0.88		7.52
0.88		7.43
0.88		7.35
0.87		7.27
0.86		7.18
0.84		7.1
0.86		7.1
0.92		7.02
1		6.94
1.53		6.66
1.45		7.99
1.38		7.91
1.28		7.84
1.17		7.78
1.04		7.75
0.97		7.75
1.02		7.66
1.06		7.58
1.2		7.47
1.24		7.36
1.23		7.28
1.23		7.19
1.24		7.1
0.88		7.75
0.89		7.67
0.89		7.59
0.88		7.51
0.88		7.43
0.88		7.34
0.87		7.26
0.86		7.18
0.84		7.1
0.86		7.1
0.91		7.02
1		6.93
1.52		6.66
1.45		7.99
1.38		7.9
1.28		7.84
1.17		7.78
1.04		7.75
0.97		7.75
1.02		7.66
1.06		7.57
1.2		7.47
1.24		7.35
1.23		7.28
1.23		7.19
1.24		7.1
0.88		7.75
0.89		7.67
0.89		7.58
0.88		7.51
0.88		7.43
0.88		7.34
0.86		7.26
0.86		7.18
0.84		7.1
0.86		7.1
0.91		7.02
1		6.93
1.52		6.66
1.45		7.98
1.38		7.9
1.28		7.83
1.17		7.78
1.04		7.74
0.97		7.74
1.02		7.66
1.06		7.57
1.2		7.46
1.24		7.35
1.23		7.28
1.23		7.19
1.24		7.1
0.88		7.74
0.89		7.67
0.89		7.58
0.88		7.51
0.88		7.43
0.88		7.34
0.86		7.26
0.86		7.18
0.84		7.1
0.86		7.1
0.91		7.02
1		6.93
1.52		6.66
1.45		7.98
1.38		7.9
1.28		7.83
1.17		7.78
1.03		7.74
0.97		7.74
1.02		7.66
1.06		7.57
1.2		7.46
1.24		7.35
1.23		7.27
1.23		7.19
1.24		7.09
0.88		7.74
0.89		7.66
0.89		7.58
0.88		7.51
0.88		7.43
0.88		7.34
0.86		7.26
0.85		7.18
0.84		7.09
0.85		7.09
0.91		7.02
1		6.93
1.51		6.66
1.45		7.98
1.38		7.9
1.28		7.83
1.17		7.77
1.03		7.74
0.97		7.74
1.02		7.66
1.06		7.57
1.19		7.46
1.23		7.35
1.22		7.27
1.23		7.19
1.24		7.09
0.88		7.74
0.89		7.66
0.89		7.58
0.88		7.51
0.88		7.42
0.87		7.34
0.86		7.26
0.85		7.18
0.84		7.09
0.85		7.09
0.91		7.02
1		6.93
1.51		6.66
1.44		7.98
1.38		7.9
1.28		7.83
1.16		7.77
1.03		7.74
0.97		7.74
1.02		7.66
1.06		7.57
1.19		7.46
1.23		7.35
1.22		7.27
1.22		7.19
1.23		7.09
0.88		7.74
0.89		7.66
0.89		7.58
0.88		7.51
0.88		7.42
0.87		7.34
0.86		7.26
0.85		7.17
0.84		7.09
0.85		7.09
0.91		7.02
1		6.93
1.51		6.66
1.44		7.98
1.38		7.9
1.28		7.83
1.16		7.77
1.03		7.74
0.97		7.74
1.01		7.65
1.06		7.57
1.19		7.46
1.23		7.35
1.22		7.27
1.22		7.18
1.23		7.09
0.88		7.74
0.88		7.66
0.89		7.58
0.88		7.51
0.88		7.42
0.87		7.34
0.86		7.26
0.85		7.17
0.84		7.09
0.85		7.09
0.91		7.02
1		6.93
1.5		6.66
1.44		7.98
1.38		7.89
1.28		7.83
1.16		7.77
1.03		7.74
0.97		7.74
1.01		7.65
1.06		7.57
1.19		7.46
1.23		7.35
1.22		7.27
1.22		7.18
1.23		7.09
0.88		7.74
0.88		7.66
0.89		7.58
0.88		7.5
0.88		7.42
0.87		7.34
0.86		7.25
0.85		7.17
0.84		7.09
0.85		7.09
0.91		7.01
1		6.93
1.5		6.66
1.44		7.98
1.37		7.89
1.28		7.83
1.16		7.77
1.03		7.74
0.97		7.74
1.01		7.65
1.06		7.56
1.19		7.46
1.23		7.34
1.22		7.27
1.22		7.18
1.23		7.09
0.88		7.74
0.88		7.66
0.89		7.57
0.88		7.5
0.88		7.42
0.87		7.33
0.86		7.25
0.85		7.17
0.84		7.09
0.85		7.09
0.91		7.01
0.99		6.93
1.5		6.66
1.44		7.97
1.37		7.89
1.27		7.82
1.16		7.77
1.03		7.73
0.97		7.73
1.01		7.65
1.06		7.56
1.19		7.45
1.23		7.34
1.22		7.27
1.22		7.18
1.23		7.09
0.88		7.73
0.88		7.66
0.89		7.57
0.88		7.5
0.88		7.42
0.87		7.33
0.86		7.25
0.85		7.17
0.84		7.09
0.85		7.09
0.91		7.01
0.99		6.92
1.49		6.66
1.44		7.97
1.37		7.89
1.27		7.82
1.16		7.76
1.03		7.73
0.97		7.73
1.01		7.65
1.06		7.56
1.19		7.45
1.23		7.34
1.22		7.26
1.22		7.18
1.23		7.09
0.88		7.73
0.88		7.65
0.89		7.57
0.88		7.5
0.88		7.42
0.87		7.33
0.86		7.25
0.85		7.17
0.84		7.09
0.85		7.09
0.91		7.01
0.99		6.92
1.49		6.66
1.44		7.97
1.37		7.89
1.27		7.82
1.16		7.76
1.03		7.73
0.97		7.73
1.01		7.65
1.05		7.56
1.19		7.45
1.23		7.34
1.22		7.26
1.22		7.18
1.23		7.08
0.88		7.73
0.88		7.65
0.88		7.57
0.88		7.5
0.88		7.41
0.87		7.33
0.86		7.25
0.85		7.17
0.84		7.08
0.85		7.08
0.91		7.01
0.99		6.92
1.49		6.66
1.44		7.97
1.37		7.89
1.27		7.82
1.16		7.76
1.03		7.73
0.97		7.73
1.01		7.64
1.05		7.56
1.19		7.45
1.23		7.34
1.22		7.26
1.22		7.18
1.23		7.08
0.88		7.73
0.88		7.65
0.88		7.57
0.88		7.5
0.87		7.41
0.87		7.33
0.86		7.25
0.85		7.17
0.84		7.08
0.85		7.08
0.91		7.01
0.99		6.92
1.48		6.66
1.43		7.97
1.37		7.88
1.27		7.82
1.16		7.76
1.02		7.73
0.97		7.73
1.01		7.64
1.05		7.56
1.19		7.45
1.23		7.34
1.22		7.26
1.22		7.17
1.23		7.08
0.88		7.73
0.88		7.65
0.88		7.57
0.88		7.5
0.87		7.41
0.87		7.33
0.86		7.25
0.85		7.16
0.84		7.08
0.85		7.08
0.91		7.01
0.99		6.92
1.48		6.66
1.43		7.97
1.37		7.88
1.27		7.82
1.15		7.76
1.02		7.73
0.97		7.73
1.01		7.64
1.05		7.55
1.19		7.45
1.23		7.33
1.22		7.26
1.22		7.17
1.22		7.08
0.88		7.73
0.88		7.65
0.88		7.57
0.88		7.49
0.87		7.41
0.87		7.33
0.86		7.25
0.85		7.16
0.83		7.08
0.85		7.08
0.91		7.01
0.99		6.92
1.48		6.66
1.43		7.96
1.37		7.88
1.27		7.81
1.15		7.76
1.02		7.73
0.97		7.73
1.01		7.64
1.05		7.55
1.19		7.44
1.23		7.33
1.21		7.26
1.21		7.17
1.22		7.08
0.88		7.73
0.88		7.65
0.88		7.56
0.87		7.49
0.87		7.41
0.87		7.32
0.86		7.24
0.85		7.16
0.83		7.08
0.85		7.08
0.91		7
0.99		6.92
1.47		6.66
1.43		7.96
1.36		7.88
1.27		7.81
1.15		7.76
1.02		7.72
0.97		7.72
1.01		7.64
1.05		7.55
1.18		7.44
1.22		7.33
1.21		7.26
1.21		7.17
1.22		7.08
0.88		7.72
0.88		7.65
0.88		7.56
0.87		7.49
0.87		7.41
0.87		7.32
0.86		7.24
0.85		7.16
0.83		7.08
0.85		7.08
0.9		7
0.99		6.92
1.47		6.66
1.43		7.96
1.36		7.88
1.27		7.81
1.15		7.75
1.02		7.72
0.97		7.72
1.01		7.64
1.05		7.55
1.18		7.44
1.22		7.33
1.21		7.25
1.21		7.17
1.22		7.08
0.88		7.72
0.88		7.64
0.88		7.56
0.87		7.49
0.87		7.41
0.87		7.32
0.86		7.24
0.85		7.16
0.83		7.08
0.85		7.08
0.9		7
0.99		6.91
1.46		6.66
1.43		7.96
1.36		7.88
1.26		7.81
1.15		7.75
1.02		7.72
0.97		7.72
1.01		7.64
1.05		7.55
1.18		7.44
1.22		7.33
1.21		7.25
1.21		7.17
1.22		7.08
0.87		7.72
0.88		7.64
0.88		7.56
0.87		7.49
0.87		7.4
0.87		7.32
0.86		7.24
0.85		7.16
0.83		7.08
0.85		7.08
0.9		7
0.99		6.91
1.46		6.66
1.43		7.96
1.36		7.88
1.26		7.81
1.15		7.75
1.02		7.72
0.97		7.72
1.01		7.63
1.05		7.55
1.18		7.44
1.22		7.33
1.21		7.25
1.21		7.17
1.22		7.07
0.87		7.72
0.88		7.64
0.88		7.56
0.87		7.49
0.87		7.4
0.87		7.32
0.86		7.24
0.85		7.16
0.83		7.07
0.84		7.07
0.9		7
0.99		6.91
1.46		6.66
1.43		7.96
1.36		7.87
1.26		7.81
1.15		7.75
1.02		7.72
0.97		7.72
1.01		7.63
1.05		7.55
1.18		7.44
1.22		7.33
1.21		7.25
1.21		7.16
1.22		7.07
0.87		7.72
0.88		7.64
0.88		7.56
0.87		7.48
0.87		7.4
0.87		7.32
0.85		7.24
0.85		7.15
0.83		7.07
0.84		7.07
0.9		7
0.99		6.91
1.45		6.66
1.43		7.95
1.36		7.87
1.26		7.81
1.15		7.75
1.02		7.72
0.97		7.72
1.01		7.63
1.05		7.54
1.18		7.43
1.22		7.32
1.21		7.25
1.21		7.16
1.22		7.07
0.87		7.72
0.88		7.64
0.88		7.56
0.87		7.48
0.87		7.4
0.87		7.32
0.85		7.24
0.84		7.15
0.83		7.07
0.84		7.07
0.9		7
0.99		6.91
1.45		6.66
1.42		7.95
1.36		7.87
1.26		7.8
1.15		7.75
1.01		7.71
0.97		7.71
1.01		7.63
1.05		7.54
1.18		7.43
1.22		7.32
1.21		7.25
1.21		7.16
1.21		7.07
0.87		7.71
0.88		7.64
0.88		7.55
0.87		7.48
0.87		7.4
0.87		7.31
0.85		7.23
0.84		7.15
0.83		7.07
0.84		7.07
0.9		7
0.99		6.91
1.45		6.66
1.42		7.95
1.36		7.87
1.26		7.8
1.15		7.74
1.01		7.71
0.97		7.71
1.01		7.63
1.05		7.54
1.18		7.43
1.22		7.32
1.21		7.24
1.21		7.16
1.21		7.07
0.87		7.71
0.88		7.63
0.88		7.55
0.87		7.48
0.87		7.4
0.87		7.31
0.85		7.23
0.84		7.15
0.83		7.07
0.84		7.07
0.9		6.99
0.98		6.91
1.44		6.66
1.42		7.95
1.36		7.87
1.26		7.8
1.14		7.74
1.01		7.71
0.97		7.71
1.01		7.63
1.05		7.54
1.18		7.43
1.22		7.32
1.21		7.24
1.2		7.16
1.21		7.07
0.87		7.71
0.88		7.63
0.88		7.55
0.87		7.48
0.87		7.4
0.86		7.31
0.85		7.23
0.84		7.15
0.83		7.07
0.84		7.07
0.9		6.99
0.98		6.91
1.44		6.66
1.42		7.95
1.35		7.87
1.26		7.8
1.14		7.74
1.01		7.71
0.97		7.71
1.01		7.62
1.05		7.54
1.18		7.43
1.22		7.32
1.2		7.24
1.2		7.16
1.21		7.07
0.87		7.71
0.88		7.63
0.88		7.55
0.87		7.48
0.87		7.39
0.86		7.31
0.85		7.23
0.84		7.15
0.83		7.07
0.84		7.07
0.9		6.99
0.98		6.91
1.44		6.66
1.42		7.95
1.35		7.86
1.26		7.8
1.14		7.74
1.01		7.71
0.97		7.71
1.01		7.62
1.05		7.54
1.18		7.43
1.21		7.32
1.2		7.24
1.2		7.16
1.21		7.06
0.87		7.71
0.87		7.63
0.88		7.55
0.87		7.48
0.87		7.39
0.86		7.31
0.85		7.23
0.84		7.15
0.83		7.06
0.84		7.06
0.9		6.99
0.98		6.9
1.43		6.66
1.42		7.94
1.35		7.86
1.25		7.8
1.14		7.74
1.01		7.71
0.97		7.71
1.01		7.62
1.05		7.53
1.18		7.42
1.21		7.31
1.2		7.24
1.2		7.15
1.21		7.06
0.87		7.71
0.87		7.63
0.88		7.55
0.87		7.47
0.87		7.39
0.86		7.31
0.85		7.23
0.84		7.15
0.83		7.06
0.84		7.06
0.9		6.99
0.98		6.9
1.43		6.66
1.42		7.94
1.35		7.86
1.25		7.79
1.14		7.74
1.01		7.7
0.97		7.7
1.01		7.62
1.05		7.53
1.18		7.42
1.21		7.31
1.2		7.24
1.2		7.15
1.21		7.06
0.87		7.7
0.87		7.63
0.88		7.54
0.87		7.47
0.87		7.39
0.86		7.31
0.85		7.23
0.84		7.14
0.83		7.06
0.84		7.06
0.9		6.99
0.98		6.9
1.43		6.66
1.42		7.94
1.35		7.86
1.25		7.79
1.14		7.73
1.01		7.7
0.97		7.7
1.01		7.62
1.05		7.53
1.17		7.42
1.21		7.31
1.2		7.24
1.2		7.15
1.2		7.06
0.87		7.7
0.87		7.63
0.88		7.54
0.87		7.47
0.87		7.39
0.86		7.3
0.85		7.22
0.84		7.14
0.83		7.06
0.84		7.06
0.9		6.99
0.98		6.9
1.42		6.66
1.42		7.94
1.35		7.86
1.25		7.79
1.14		7.73
1.01		7.7
0.97		7.7
1.01		7.62
1.14		7.53
1.17		7.42
1.21		7.31
1.2		7.23
1.2		7.15
1.2		7.06
0.87		7.7
0.87		7.62
0.88		7.54
0.87		7.47
0.87		7.39
0.86		7.3
0.85		7.22
0.84		7.14
0.82		7.06
0.84		7.06
0.9		6.99
0.98		6.9
1.42		6.66
1.41		7.94
1.35		7.86
1.25		7.79
1.14		7.73
1		7.7
0.97		7.7
1.01		7.62
1.14		7.53
1.17		7.42
1.21		7.31
1.2		7.23
1.2		7.15
1.2		7.06
0.87		7.7
0.87		7.62
0.87		7.54
0.87		7.47
0.86		7.38
0.86		7.3
0.85		7.22
0.84		7.14
0.82		7.06
0.84		7.06
0.89		6.99
0.98		6.9
1.42		6.66
1.41		7.94
1.35		7.85
1.25		7.79
1.14		7.73
1		7.7
0.97		7.7
1.01		7.61
1.14		7.53
1.17		7.42
1.21		7.31
1.2		7.23
1.2		7.15
1.2		7.06
0.87		7.7
0.87		7.62
0.87		7.54
0.87		7.47
0.86		7.38
0.86		7.3
0.85		7.22
0.84		7.14
0.82		7.06
0.84		7.06
0.89		6.98
0.98		6.9
1.41		6.66
1.41		7.93
1.35		7.85
1.25		7.79
1.13		7.73
1		7.7
0.97		7.7
1.01		7.61
1.14		7.52
1.17		7.42
1.21		7.31
1.2		7.23
1.2		7.15
1.2		7.06
0.87		7.7
0.87		7.62
0.87		7.54
0.87		7.47
0.86		7.38
0.86		7.3
0.85		7.22
0.84		7.14
0.82		7.06
0.84		7.06
0.89		6.98
0.98		6.9
1.41		6.66
1.41		7.93
1.34		7.85
1.25		7.78
1.13		7.73
1		7.7
0.97		7.7
1.01		7.61
1.13		7.52
1.17		7.41
1.21		7.3
1.2		7.23
1.19		7.14
1.2		7.05
0.87		7.7
0.87		7.62
0.87		7.54
0.87		7.46
0.86		7.38
0.86		7.3
0.85		7.22
0.84		7.14
0.82		7.05
0.83		7.05
0.89		6.98
0.98		6.9
1.4		6.66
1.41		7.93
1.34		7.85
1.25		7.78
1.13		7.72
1		7.69
0.97		7.69
1.01		7.61
1.13		7.52
1.17		7.41
1.21		7.3
1.2		7.23
1.19		7.14
1.2		7.05
0.87		7.69
0.87		7.62
0.87		7.53
0.86		7.46
0.86		7.38
0.86		7.3
0.85		7.22
0.84		7.13
0.82		7.05
0.83		7.05
0.89		6.98
0.97		6.89
1.4		6.66
1.41		7.93
1.34		7.85
1.24		7.78
1.13		7.72
1		7.69
0.97		7.69
1.01		7.61
1.13		7.52
1.17		7.41
1.21		7.3
1.19		7.22
1.19		7.14
1.2		7.05
0.87		7.69
0.87		7.61
0.87		7.53
0.86		7.46
0.86		7.38
0.86		7.29
0.84		7.21
0.83		7.13
0.82		7.05
0.83		7.05
0.89		6.98
0.97		6.89
1.4		6.66
1.41		7.93
1.34		7.85
1.24		7.78
1.13		7.72
1		7.69
0.97		7.69
1.01		7.61
1.13		7.52
1.17		7.41
1.2		7.3
1.19		7.22
1.19		7.14
1.19		7.05
0.87		7.69
0.87		7.61
0.87		7.53
0.86		7.46
0.86		7.38
0.86		7.29
0.84		7.21
0.83		7.13
0.82		7.05
0.83		7.05
0.89		6.98
0.97		6.89
1.39		6.66
1.41		7.93
1.34		7.84
1.24		7.78
1.13		7.72
1		7.69
0.97		7.69
1.01		7.6
1.13		7.52
1.17		7.41
1.2		7.3
1.19		7.22
1.19		7.14
1.19		7.05
0.86		7.69
0.87		7.61
0.87		7.53
0.86		7.46
0.86		7.37
0.86		7.29
0.84		7.21
0.83		7.13
0.82		7.05
0.83		7.05
0.89		6.98
0.97		6.89
1.39		6.66
1.4		7.92
1.34		7.84
1.24		7.78
1.13		7.72
1		7.69
0.97		7.69
1.01		7.6
1.13		7.51
1.17		7.41
1.2		7.3
1.19		7.22
1.19		7.14
1.19		7.05
0.86		7.69
0.87		7.61
0.87		7.53
0.86		7.46
0.86		7.37
0.86		7.29
0.84		7.21
0.83		7.13
0.82		7.05
0.83		7.05
0.89		6.98
0.97		6.89
1.39		6.66
1.4		7.92
1.34		7.84
1.24		7.77
1.13		7.72
1		7.69
0.97		7.69
1.01		7.6
1.13		7.51
1.16		7.4
1.2		7.29
1.19		7.22
1.19		7.14
1.19		7.05
0.86		7.69
0.87		7.61
0.87		7.53
0.86		7.46
0.86		7.37
0.86		7.29
0.84		7.21
0.83		7.13
0.82		7.05
0.83		7.05
0.89		6.97
0.97		6.89
1.38		6.66
1.4		7.92
1.34		7.84
1.24		7.77
1.13		7.72
0.99		7.68
0.97		7.68
1.01		7.6
1.13		7.51
1.16		7.4
1.2		7.29
1.19		7.22
1.19		7.13
1.19		7.05
0.86		7.68
0.87		7.61
0.87		7.52
0.86		7.45
0.86		7.37
0.86		7.29
0.84		7.21
0.83		7.13
0.82		7.05
0.83		7.05
0.89		6.97
0.97		6.89
1.38		6.66
1.4		7.92
1.33		7.84
1.24		7.77
1.12		7.71
0.99		7.68
0.97		7.68
1.01		7.6
1.13		7.51
1.16		7.4
1.2		7.29
1.19		7.22
1.19		7.13
1.19		7.04
0.86		7.68
0.87		7.61
0.87		7.52
0.86		7.45
0.86		7.37
0.85		7.29
0.84		7.21
0.83		7.13
0.82		7.04
0.83		7.04
0.89		6.97
0.97		6.89
1.38		6.66
1.4		7.92
1.33		7.84
1.24		7.77
1.12		7.71
0.99		7.68
0.97		7.68
1.01		7.6
1.13		7.51
1.16		7.4
1.2		7.29
1.19		7.21
1.18		7.13
1.19		7.04
0.86		7.68
0.87		7.6
0.87		7.52
0.86		7.45
0.86		7.37
0.85		7.28
0.84		7.21
0.83		7.12
0.82		7.04
0.83		7.04
0.89		6.97
0.97		6.89
1.37		6.66
1.4		7.92
1.33		7.83
1.24		7.77
1.12		7.71
0.99		7.68
0.97		7.68
1.01		7.59
1.13		7.51
1.16		7.4
1.2		7.29
1.19		7.21
1.18		7.13
1.18		7.04
0.86		7.68
0.87		7.6
0.87		7.52
0.86		7.45
0.86		7.37
0.85		7.28
0.84		7.2
0.83		7.12
0.81		7.04
0.83		7.04
0.88		6.97
0.97		6.88
1.37		6.66
1.4		7.91
1.33		7.83
1.23		7.77
1.12		7.71
0.99		7.68
0.97		7.68
1.01		7.59
1.13		7.5
1.16		7.4
1.2		7.29
1.19		7.21
1.18		7.13
1.18		7.04
0.86		7.68
0.87		7.6
0.87		7.52
0.86		7.45
0.86		7.36
0.85		7.28
0.84		7.2
0.83		7.12
0.81		7.04
0.83		7.04
0.88		6.97
0.97		6.88
1.37		6.66
1.4		7.91
1.33		7.83
1.23		7.76
1.12		7.71
0.99		7.68
0.97		7.68
1.01		7.59
1.12		7.5
1.16		7.39
1.2		7.29
1.18		7.21
1.18		7.13
1.18		7.04
0.86		7.68
0.86		7.6
0.87		7.52
0.86		7.45
0.86		7.36
0.85		7.28
0.84		7.2
0.83		7.12
0.81		7.04
0.83		7.04
0.88		6.97
0.97		6.88
1.36		6.66
1.39		7.91
1.33		7.83
1.23		7.76
1.12		7.71
0.99		7.67
0.97		7.67
1.01		7.59
1.12		7.5
1.16		7.39
1.19		7.28
1.18		7.21
1.18		7.13
1.18		7.04
0.86		7.67
0.86		7.6
0.87		7.52
0.86		7.44
0.86		7.36
0.85		7.28
0.84		7.2
0.83		7.12
0.81		7.04
0.83		7.04
0.88		6.97
0.96		6.88
1.36		6.66
1.39		7.91
1.33		7.83
1.23		7.76
1.12		7.7
0.99		7.67
0.97		7.67
1.01		7.59
1.12		7.5
1.16		7.39
1.19		7.28
1.18		7.21
1.18		7.12
1.18		7.04
0.86		7.67
0.86		7.6
0.87		7.51
0.86		7.44
0.86		7.36
0.85		7.28
0.84		7.2
0.83		7.12
0.81		7.04
0.82		7.04
0.88		6.96
0.96		6.88
1.36		6.66
1.39		7.91
1.33		7.83
1.23		7.76
1.12		7.7
0.99		7.67
0.97		7.67
1.01		7.59
1.12		7.5
1.16		7.39
1.19		7.28
1.18		7.21
1.18		7.12
1.18		7.04
0.86		7.67
0.86		7.59
0.87		7.51
0.86		7.44
0.86		7.36
0.85		7.28
0.84		7.2
0.83		7.12
0.81		7.04
0.82		7.04
0.88		6.96
0.96		6.88
1.35		6.66
1.39		7.91
1.32		7.82
1.23		7.76
1.12		7.7
0.98		7.67
0.96		7.67
1.01		7.58
1.12		7.5
1.16		7.39
1.19		7.28
1.18		7.2
1.18		7.12
1.18		7.03
0.86		7.67
0.86		7.59
0.86		7.51
0.86		7.44
0.85		7.36
0.85		7.27
0.84		7.2
0.83		7.11
0.81		7.03
0.82		7.03
0.88		6.96
0.96		6.88
1.35		6.66
1.39		7.9
1.32		7.82
1.23		7.76
1.11		7.7
0.98		7.67
0.96		7.67
1.01		7.58
1.12		7.49
1.15		7.39
1.19		7.28
1.18		7.2
1.17		7.12
1.17		7.03
0.86		7.67
0.86		7.59
0.86		7.51
0.86		7.44
0.85		7.36
0.85		7.27
0.84		7.19
0.83		7.11
0.81		7.03
0.82		7.03
0.88		6.96
0.96		6.88
1.34		6.66
1.39		7.9
1.32		7.82
1.23		7.75
1.11		7.7
0.98		7.67
0.96		7.67
1.01		7.58
1.12		7.49
1.15		7.38
1.19		7.28
1.18		7.2
1.17		7.12
1.17		7.03
0.86		7.67
0.86		7.59
0.86		7.51
0.86		7.44
0.85		7.35
0.85		7.27
0.84		7.19
0.82		7.11
0.81		7.03
0.82		7.03
0.88		6.96
0.96		6.88
1.34		6.66
1.39		7.9
1.32		7.82
1.22		7.75
1.11		7.7
0.98		7.66
1.1		7.66
1.01		7.58
1.12		7.49
1.15		7.38
1.19		7.27
1.18		7.2
1.17		7.12
1.17		7.03
0.86		7.66
0.86		7.59
0.86		7.51
0.86		7.44
0.85		7.35
0.85		7.27
0.83		7.19
0.82		7.11
0.81		7.03
0.82		7.03
0.88		6.96
0.96		6.87
1.34		6.66
1.39		7.9
1.32		7.82
1.22		7.75
1.11		7.69
0.98		7.66
1.1		7.66
1.01		7.58
1.12		7.49
1.15		7.38
1.19		7.27
1.18		7.2
1.17		7.12
1.17		7.03
0.86		7.66
0.86		7.59
0.86		7.5
0.85		7.43
0.85		7.35
0.85		7.27
0.83		7.19
0.82		7.11
0.81		7.03
0.82		7.03
0.88		6.96
0.96		6.87
1.33		6.66
1.38		7.9
1.32		7.82
1.22		7.75
1.11		7.69
0.98		7.66
1.1		7.66
1.01		7.58
1.12		7.49
1.15		7.38
1.19		7.27
1.17		7.2
1.17		7.11
1.17		7.03
0.86		7.66
0.86		7.58
0.86		7.5
0.85		7.43
0.85		7.35
0.85		7.27
0.83		7.19
0.82		7.11
0.81		7.03
0.82		7.03
0.88		6.96
0.96		6.87
1.33		6.66
1.38		7.9
1.32		7.81
1.22		7.75
1.11		7.69
0.98		7.66
1.1		7.66
1.01		7.57
1.12		7.48
1.15		7.38
1.19		7.27
1.17		7.19
1.17		7.11
1.17		7.03
0.86		7.66
0.86		7.58
0.86		7.5
0.85		7.43
0.85		7.35
0.85		7.27
0.83		7.19
0.82		7.11
0.81		7.03
0.82		7.03
0.87		6.96
0.96		6.87
1.33		6.66
1.38		7.89
1.32		7.81
1.22		7.75
1.11		7.69
0.98		7.66
1.1		7.66
1.01		7.57
1.12		7.48
1.15		7.38
1.19		7.27
1.17		7.19
1.17		7.11
1.17		7.03
0.85		7.66
0.86		7.58
0.86		7.5
0.85		7.43
0.85		7.35
0.85		7.26
0.83		7.19
0.82		7.1
0.81		7.03
0.82		7.03
0.87		6.95
0.95		6.87
1.32		6.66
1.38		7.89
1.32		7.81
1.22		7.74
1.11		7.69
0.98		7.66
1.09		7.66
1.01		7.57
1.12		7.48
1.15		7.37
1.18		7.27
1.17		7.19
1.17		7.11
1.16		7.02
0.85		7.66
0.86		7.58
0.86		7.5
0.85		7.43
0.85		7.34
0.84		7.26
0.83		7.18
0.82		7.1
0.8		7.02
0.82		7.02
0.87		6.95
0.95		6.87
1.32		6.66
1.38		7.89
1.31		7.81
1.22		7.74
1.11		7.69
0.97		7.65
1.09		7.65
1.01		7.57
1.11		7.48
1.15		7.37
1.18		7.26
1.17		7.19
1.16		7.11
1.16		7.02
0.85		7.65
0.86		7.58
0.86		7.5
0.85		7.43
0.85		7.34
0.84		7.26
0.83		7.18
0.82		7.1
0.8		7.02
0.82		7.02
0.87		6.95
0.95		6.87
1.32		6.66
1.38		7.89
1.31		7.81
1.22		7.74
1.1		7.68
0.97		7.65
1.09		7.65
1.01		7.57
1.11		7.48
1.15		7.37
1.18		7.26
1.17		7.19
1.16		7.11
1.16		7.02
0.85		7.65
0.86		7.58
0.86		7.49
0.85		7.42
0.85		7.34
0.84		7.26
0.83		7.18
0.82		7.1
0.8		7.02
0.82		7.02
0.87		6.95
0.95		6.87
1.31		6.66
1.38		7.89
1.31		7.81
1.22		7.74
1.1		7.68
0.97		7.65
1.09		7.65
1.01		7.57
1.11		7.48
1.15		7.37
1.18		7.26
1.17		7.19
1.16		7.11
1.16		7.02
0.85		7.65
0.86		7.57
0.86		7.49
0.85		7.42
0.85		7.34
0.84		7.26
0.83		7.18
0.82		7.1
0.8		7.02
0.82		7.02
0.87		6.95
0.95		6.87
1.31		6.66
1.38		7.89
1.31		7.8
1.21		7.74
1.1		7.68
0.97		7.65
1.09		7.65
1.01		7.56
1.11		7.47
1.14		7.37
1.18		7.26
1.17		7.19
1.16		7.1
1.16		7.02
0.85		7.65
0.86		7.57
0.86		7.49
0.85		7.42
0.85		7.34
0.84		7.26
0.83		7.18
0.82		7.1
0.8		7.02
0.81		7.02
0.87		6.95
0.95		6.87
1.31		6.66
1.37		7.88
1.31		7.8
1.21		7.74
1.1		7.68
0.97		7.65
1.09		7.65
1.01		7.56
1.11		7.47
1.14		7.37
1.18		7.26
1.17		7.18
1.16		7.1
1.16		7.02
0.85		7.65
0.86		7.57
0.86		7.49
0.85		7.42
0.85		7.34
0.84		7.25
0.83		7.18
0.82		7.1
0.8		7.02
0.81		7.02
0.87		6.95
0.95		6.86
1.3		6.66
1.37		7.88
1.31		7.8
1.21		7.73
1.1		7.68
0.97		7.65
1.09		7.65
1.01		7.56
1.11		7.47
1.14		7.36
1.18		7.26
1.16		7.18
1.16		7.1
1.16		7.02
0.85		7.65
0.85		7.57
0.86		7.49
0.85		7.42
0.85		7.34
0.84		7.25
0.83		7.18
0.82		7.1
0.8		7.02
0.81		7.02
0.87		6.95
0.95		6.86
1.3		6.66
1.37		7.88
1.31		7.8
1.21		7.73
1.1		7.68
0.97		7.64
1.09		7.64
1.01		7.56
1.11		7.47
1.14		7.36
1.18		7.25
1.16		7.18
1.16		7.1
1.15		7.01
0.85		7.64
0.85		7.57
0.86		7.49
0.85		7.42
0.85		7.33
0.84		7.25
0.83		7.17
0.82		7.09
0.8		7.01
0.81		7.01
0.87		6.94
0.95		6.86
1.3		6.66
1.37		7.88
1.3		7.8
1.21		7.73
1.1		7.67
0.97		7.64
1.09		7.64
1.01		7.56
1.11		7.47
1.14		7.36
1.18		7.25
1.16		7.18
1.16		7.1
1.15		7.01
0.85		7.64
0.85		7.57
0.86		7.48
0.85		7.41
0.85		7.33
0.84		7.25
0.83		7.17
0.81		7.09
0.8		7.01
0.81		7.01
0.87		6.94
0.95		6.86
1.29		6.66
1.37		7.88
1.3		7.79
1.21		7.73
1.1		7.67
0.97		7.64
1.09		7.64
1.01		7.56
1.11		7.47
1.14		7.36
1.18		7.25
1.16		7.18
1.15		7.1
1.15		7.01
0.85		7.64
0.85		7.56
0.86		7.48
0.85		7.41
0.84		7.33
0.84		7.25
0.83		7.17
0.81		7.09
0.8		7.01
0.81		7.01
0.87		6.94
0.94		6.86
1.29		6.66
1.37		7.87
1.3		7.79
1.21		7.73
1.09		7.67
0.96		7.64
1.09		7.64
1.01		7.55
1.11		7.46
1.14		7.36
1.17		7.25
1.16		7.18
1.15		7.1
1.15		7.01
0.85		7.64
0.85		7.56
0.86		7.48
0.85		7.41
0.84		7.33
0.84		7.25
0.82		7.17
0.81		7.09
0.8		7.01
0.81		7.01
0.86		6.94
0.94		6.86
1.28		6.66
1.37		7.87
1.3		7.79
1.21		7.72
1.09		7.67
0.96		7.64
1.08		7.64
1.01		7.55
1.11		7.46
1.14		7.36
1.17		7.25
1.16		7.17
1.15		7.09
1.15		7.01
0.85		7.64
0.85		7.56
0.85		7.48
0.85		7.41
0.84		7.33
0.84		7.25
0.82		7.17
0.81		7.09
0.8		7.01
0.81		7.01
0.86		6.94
0.94		6.86
1.28		6.66
1.36		7.87
1.3		7.79
1.2		7.72
1.09		7.67
0.96		7.64
1.08		7.64
1.01		7.55
1.1		7.46
1.14		7.35
1.17		7.25
1.16		7.17
1.15		7.09
1.15		7.01
0.85		7.64
0.85		7.56
0.85		7.48
0.85		7.41
0.84		7.33
0.84		7.24
0.82		7.17
0.81		7.09
0.79		7.01
0.81		7.01
0.86		6.94
0.94		6.86
1.28		6.66
1.36		7.87
1.3		7.79
1.2		7.72
1.09		7.66
0.96		7.63
1.08		7.63
1.01		7.55
1.1		7.46
1.14		7.35
1.17		7.25
1.16		7.17
1.15		7.09
1.15		7.01
0.85		7.63
0.85		7.56
0.85		7.48
0.84		7.41
0.84		7.32
0.84		7.24
0.82		7.17
0.81		7.09
0.79		7.01
0.81		7.01
0.86		6.94
0.94		6.86
1.27		6.66
1.36		7.87
1.3		7.79
1.2		7.72
1.09		7.66
0.96		7.63
1.08		7.63
1.01		7.55
1.1		7.46
1.14		7.35
1.17		7.24
1.16		7.17
1.15		7.09
1.14		7.01
0.85		7.63
0.85		7.56
0.85		7.48
0.84		7.41
0.84		7.32
0.84		7.24
0.82		7.16
0.81		7.08
0.79		7.01
0.81		7.01
0.86		6.94
0.94		6.85
1.27		6.66
1.36		7.87
1.3		7.78
1.2		7.72
1.09		7.66
0.96		7.63
1.08		7.63
1.01		7.55
1.1		7.46
1.13		7.35
1.17		7.24
1.15		7.17
1.15		7.09
1.14		7
0.85		7.63
0.85		7.55
0.85		7.47
0.84		7.4
0.84		7.32
0.84		7.24
0.82		7.16
0.81		7.08
0.79		7
0.81		7
0.86		6.94
0.94		6.85
1.27		6.66
1.36		7.86
1.29		7.78
1.2		7.72
1.09		7.66
0.96		7.63
1.08		7.63
1.01		7.54
1.1		7.45
1.13		7.35
1.17		7.24
1.15		7.17
1.15		7.09
1.14		7
0.85		7.63
0.85		7.55
0.85		7.47
0.84		7.4
0.84		7.32
0.83		7.24
0.82		7.16
0.81		7.08
0.79		7
0.8		7
0.86		6.93
0.94		6.85
1.26		6.66
1.36		7.86
1.29		7.78
1.2		7.71
1.09		7.66
0.96		7.63
1.08		7.63
1.01		7.54
1.1		7.45
1.13		7.35
1.17		7.24
1.15		7.17
1.14		7.09
1.14		7
0.85		7.63
0.85		7.55
0.85		7.47
0.84		7.4
0.84		7.32
0.83		7.24
0.82		7.16
0.81		7.08
0.79		7
0.8		7
0.86		6.93
0.94		6.85
1.26		6.66
1.36		7.86
1.29		7.78
1.2		7.71
1.09		7.66
0.95		7.63
1.08		7.63
1.01		7.54
1.1		7.45
1.13		7.35
1.17		7.24
1.15		7.16
1.14		7.08
1.14		7
0.84		7.63
0.85		7.55
0.85		7.47
0.84		7.4
0.84		7.32
0.83		7.24
0.82		7.16
0.81		7.08
0.79		7
0.8		7
0.86		6.93
0.94		6.85
1.26		6.66
1.35		7.86
1.29		7.78
1.2		7.71
1.08		7.65
0.95		7.62
1.08		7.62
1.01		7.54
1.1		7.45
1.13		7.34
1.17		7.24
1.15		7.16
1.14		7.08
1.14		7
0.84		7.62
0.85		7.55
0.85		7.47
0.84		7.4
0.84		7.32
0.83		7.23
0.82		7.16
0.81		7.08
0.79		7
0.8		7
0.86		6.93
0.93		6.85
1.25		6.66
1.35		7.86
1.29		7.78
1.19		7.71
1.08		7.65
0.95		7.62
1.08		7.62
1.01		7.54
1.1		7.45
1.13		7.34
1.16		7.23
1.15		7.16
1.14		7.08
1.13		7
0.84		7.62
0.85		7.55
0.85		7.47
0.84		7.4
0.84		7.31
0.83		7.23
0.82		7.16
0.81		7.08
0.79		7
0.8		7
0.86		6.93
0.93		6.85
1.25		6.66
1.35		7.86
1.29		7.77
1.19		7.71
1.08		7.65
0.95		7.62
1.08		7.62
1.01		7.53
1.1		7.45
1.13		7.34
1.16		7.23
1.15		7.16
1.14		7.08
1.13		7
0.84		7.62
0.85		7.54
0.85		7.46
0.84		7.39
0.84		7.31
0.83		7.23
0.82		7.15
0.8		7.07
0.79		7
0.8		7
0.85		6.93
0.93		6.85
1.25		6.66
1.35		7.85
1.29		7.77
1.19		7.71
1.08		7.65
0.95		7.62
1.07		7.62
1.01		7.53
1.1		7.44
1.13		7.34
1.16		7.23
1.15		7.16
1.14		7.08
1.13		7
0.84		7.62
0.85		7.54
0.85		7.46
0.84		7.39
0.84		7.31
0.83		7.23
0.82		7.15
0.8		7.07
0.79		7
0.8		7
0.85		6.93
0.93		6.85
1.24		6.66
1.35		7.85
1.28		7.77
1.19		7.7
1.08		7.65
0.95		7.62
1.07		7.62
1.01		7.53
1.09		7.44
1.13		7.34
1.16		7.23
1.15		7.16
1.14		7.08
1.13		6.99
0.84		7.62
0.85		7.54
0.85		7.46
0.84		7.39
0.84		7.31
0.83		7.23
0.82		7.15
0.8		7.07
0.79		6.99
0.8		6.99
0.85		6.93
0.93		6.85
1.24		6.66
1.35		7.85
1.28		7.77
1.19		7.7
1.08		7.65
0.95		7.62
1.07		7.62
1.01		7.53
1.09		7.44
1.13		7.34
1.16		7.23
1.14		7.15
1.13		7.08
1.13		6.99
0.84		7.62
0.84		7.54
0.85		7.46
0.84		7.39
0.84		7.31
0.83		7.23
0.82		7.15
0.8		7.07
0.78		6.99
0.8		6.99
0.85		6.92
0.93		6.84
1.24		6.66
1.35		7.85
1.28		7.77
1.19		7.7
1.08		7.64
0.95		7.61
1.07		7.61
1.01		7.53
1.09		7.44
1.13		7.33
1.16		7.23
1.14		7.15
1.13		7.07
1.12		6.99
0.84		7.61
0.84		7.54
0.85		7.46
0.84		7.39
0.84		7.31
0.83		7.22
0.81		7.15
0.8		7.07
0.78		6.99
0.8		6.99
0.85		6.92
0.93		6.84
1.23		6.66
1.34		7.85
1.28		7.77
1.19		7.7
1.08		7.64
0.94		7.61
1.07		7.61
1.01		7.53
1.09		7.44
1.12		7.33
1.16		7.22
1.14		7.15
1.13		7.07
1.12		6.99
0.84		7.61
0.84		7.54
0.85		7.46
0.84		7.39
0.83		7.3
0.83		7.22
0.81		7.15
0.8		7.07
0.78		6.99
0.8		6.99
0.85		6.92
0.93		6.84
1.23		6.66
1.34		7.84
1.28		7.76
1.18		7.7
1.07		7.64
0.94		7.61
1.07		7.61
1.01		7.52
1.09		7.44
1.12		7.33
1.16		7.22
1.14		7.15
1.13		7.07
1.12		6.99
0.84		7.61
0.84		7.53
0.85		7.45
0.84		7.38
0.83		7.3
0.83		7.22
0.81		7.15
0.8		7.07
0.78		6.99
0.8		6.99
0.85		6.92
0.92		6.84
1.22		6.66
1.34		7.84
1.28		7.76
1.18		7.7
1.07		7.64
0.94		7.61
1.07		7.61
1.01		7.52
1.09		7.43
1.12		7.33
1.15		7.22
1.14		7.15
1.13		7.07
1.12		6.99
0.84		7.61
0.84		7.53
0.85		7.45
0.84		7.38
0.83		7.3
0.83		7.22
0.81		7.14
0.8		7.07
0.78		6.99
0.79		6.99
0.85		6.92
0.92		6.84
1.22		6.66
1.34		7.84
1.28		7.76
1.18		7.69
1.07		7.64
0.94		7.61
1.07		7.61
1.01		7.52
1.09		7.43
1.12		7.33
1.15		7.22
1.14		7.15
1.13		7.07
1.12		6.99
0.84		7.61
0.84		7.53
0.84		7.45
0.84		7.38
0.83		7.3
0.83		7.22
0.81		7.14
0.8		7.06
0.78		6.99
0.79		6.99
0.85		6.92
0.92		6.84
1.22		6.66
1.34		7.84
1.27		7.76
1.18		7.69
1.07		7.64
0.94		7.6
1.07		7.6
1.01		7.52
1.09		7.43
1.12		7.32
1.15		7.22
1.14		7.15
1.13		7.07
1.12		6.99
0.84		7.6
0.84		7.53
0.84		7.45
0.83		7.38
0.83		7.3
0.83		7.22
0.81		7.14
0.8		7.06
0.78		6.99
0.79		6.99
0.85		6.92
0.92		6.84
1.21		6.66
1.34		7.84
1.27		7.76
1.18		7.69
1.07		7.63
0.94		7.6
1.07		7.6
1.01		7.52
1.09		7.43
1.12		7.32
1.15		7.22
1.14		7.14
1.12		7.07
1.11		6.98
0.84		7.6
0.84		7.53
0.84		7.45
0.83		7.38
0.83		7.3
0.82		7.22
0.81		7.14
0.8		7.06
0.78		6.98
0.79		6.98
0.84		6.92
0.92		6.84
1.21		6.66
1.34		7.84
1.27		7.76
1.18		7.69
1.07		7.63
0.94		7.6
1.07		7.6
1.01		7.52
1.09		7.43
1.12		7.32
1.15		7.21
1.13		7.14
1.12		7.06
1.11		6.98
0.84		7.6
0.84		7.53
0.84		7.45
0.83		7.38
0.83		7.3
0.82		7.21
0.81		7.14
0.8		7.06
0.78		6.98
0.79		6.98
0.84		6.92
0.92		6.84
1.21		6.66
1.33		7.83
1.27		7.75
1.18		7.69
1.07		7.63
0.94		7.6
1.06		7.6
1.01		7.51
1.08		7.43
1.12		7.32
1.15		7.21
1.13		7.14
1.12		7.06
1.11		6.98
0.84		7.6
0.84		7.52
0.84		7.44
0.83		7.37
0.83		7.29
0.82		7.21
0.81		7.14
0.8		7.06
0.78		6.98
0.79		6.98
0.84		6.91
0.92		6.84
1.2		6.66
1.33		7.83
1.27		7.75
1.18		7.68
1.07		7.63
0.94		7.6
1.06		7.6
1.01		7.51
1.08		7.42
1.12		7.32
1.15		7.21
1.13		7.14
1.12		7.06
1.11		6.98
0.84		7.6
0.84		7.52
0.84		7.44
0.83		7.37
0.83		7.29
0.82		7.21
0.81		7.13
0.79		7.06
0.78		6.98
0.79		6.98
0.84		6.91
0.92		6.84
1.2		6.66
1.33		7.83
1.27		7.75
1.17		7.68
1.06		7.63
0.93		7.6
1.06		7.6
1.01		7.51
1.08		7.42
1.12		7.32
1.15		7.21
1.13		7.14
1.12		7.06
1.11		6.98
0.83		7.6
0.84		7.52
0.84		7.44
0.83		7.37
0.83		7.29
0.82		7.21
0.81		7.13
0.79		7.06
0.77		6.98
0.79		6.98
0.84		6.91
0.91		6.83
1.2		6.66
1.33		7.83
1.27		7.75
1.17		7.68
1.06		7.62
0.93		7.59
1.06		7.59
1.01		7.51
1.08		7.42
1.11		7.31
1.15		7.21
1.13		7.14
1.12		7.06
1.11		6.98
0.83		7.59
0.84		7.52
0.84		7.44
0.83		7.37
0.83		7.29
0.82		7.21
0.81		7.13
0.79		7.05
0.77		6.98
0.79		6.98
0.84		6.91
0.91		6.83
1.19		6.66
1.33		7.83
1.27		7.75
1.17		7.68
1.06		7.62
0.93		7.59
1.06		7.59
1.01		7.51
1.08		7.42
1.11		7.31
1.14		7.21
1.13		7.13
1.11		7.06
1.1		6.98
0.83		7.59
0.84		7.52
0.84		7.44
0.83		7.37
0.83		7.29
0.82		7.21
0.81		7.13
0.79		7.05
0.77		6.98
0.79		6.98
0.84		6.91
0.91		6.83
1.19		6.66
1.33		7.83
1.26		7.74
1.17		7.68
1.06		7.62
0.93		7.59
1.06		7.59
1.01		7.5
1.08		7.42
1.11		7.31
1.14		7.2
1.13		7.13
1.11		7.06
1.1		6.98
0.83		7.59
0.84		7.52
0.84		7.44
0.83		7.37
0.83		7.29
0.82		7.21
0.8		7.13
0.79		7.05
0.77		6.98
0.79		6.98
0.84		6.91
0.91		6.83
1.19		6.66
1.33		7.82
1.26		7.74
1.17		7.68
1.06		7.62
0.93		7.59
1.06		7.59
1.01		7.5
1.08		7.41
1.11		7.31
1.14		7.2
1.12		7.13
1.11		7.05
1.1		6.97
0.83		7.59
0.84		7.51
0.84		7.43
0.83		7.36
0.83		7.28
0.82		7.2
0.8		7.13
0.79		7.05
0.77		6.97
0.78		6.97
0.84		6.91
0.91		6.83
1.18		6.66
1.32		7.82
1.26		7.74
1.17		7.67
1.06		7.62
0.93		7.59
1.06		7.59
1.01		7.5
1.08		7.41
1.11		7.31
1.14		7.2
1.12		7.13
1.11		7.05
1.1		6.97
0.83		7.59
0.84		7.51
0.84		7.43
0.83		7.36
0.83		7.28
0.82		7.2
0.8		7.13
0.79		7.05
0.77		6.97
0.78		6.97
0.84		6.91
0.91		6.83
1.18		6.66
1.32		7.82
1.26		7.74
1.17		7.67
1.06		7.62
0.93		7.58
1.06		7.58
1.01		7.5
1.08		7.41
1.11		7.31
1.14		7.2
1.12		7.13
1.11		7.05
1.1		6.97
0.83		7.58
0.83		7.51
0.84		7.43
0.83		7.36
0.83		7.28
0.82		7.2
0.8		7.12
0.79		7.05
0.77		6.97
0.78		6.97
0.83		6.91
0.91		6.83
1.18		6.66
1.32		7.82
1.26		7.74
1.16		7.67
1.05		7.61
0.93		7.58
1.06		7.58
1.01		7.5
1.08		7.41
1.11		7.3
1.14		7.2
1.12		7.13
1.11		7.05
1.09		6.97
0.83		7.58
0.83		7.51
0.84		7.43
0.83		7.36
0.82		7.28
0.82		7.2
0.8		7.12
0.79		7.05
0.77		6.97
0.78		6.97
0.83		6.9
0.91		6.83
1.17		6.66
1.32		7.82
1.26		7.73
1.16		7.67
1.05		7.61
0.92		7.58
1.06		7.58
1.01		7.5
1.08		7.41
1.11		7.3
1.14		7.2
1.12		7.13
1.11		7.05
1.09		6.97
0.83		7.58
0.83		7.51
0.84		7.43
0.83		7.36
0.82		7.28
0.82		7.2
0.8		7.12
0.79		7.04
0.77		6.97
0.78		6.97
0.83		6.9
0.9		6.83
1.17		6.66
1.32		7.81
1.26		7.73
1.16		7.67
1.05		7.61
0.92		7.58
1.05		7.58
1.01		7.49
1.07		7.41
1.11		7.3
1.14		7.2
1.12		7.12
1.1		7.05
1.09		6.97
0.83		7.58
0.83		7.5
0.84		7.42
0.83		7.36
0.82		7.28
0.82		7.2
0.8		7.12
0.79		7.04
0.77		6.97
0.78		6.97
0.83		6.9
0.9		6.83
1.17		6.66
1.32		7.81
1.25		7.73
1.16		7.66
1.05		7.61
0.92		7.58
1.05		7.58
1.01		7.49
1.07		7.4
1.1		7.3
1.13		7.19
1.12		7.12
1.1		7.05
1.09		6.97
0.83		7.58
0.83		7.5
0.83		7.42
0.83		7.35
0.82		7.27
0.82		7.19
0.8		7.12
0.79		7.04
0.77		6.97
0.78		6.97
0.83		6.9
0.9		6.82
1.16		6.66
1.32		7.81
1.25		7.73
1.16		7.66
1.05		7.61
0.92		7.58
1.05		7.58
1.01		7.49
1.07		7.4
1.1		7.3
1.13		7.19
1.12		7.12
1.1		7.04
1.09		6.97
0.83		7.58
0.83		7.5
0.83		7.42
0.83		7.35
0.82		7.27
0.81		7.19
0.8		7.12
0.78		7.04
0.76		6.97
0.78		6.97
0.83		6.9
0.9		6.82
1.16		6.66
1.31		7.81
1.25		7.73
1.16		7.66
1.05		7.6
0.92		7.57
1.05		7.57
1.01		7.49
1.07		7.4
1.1		7.3
1.13		7.19
1.11		7.12
1.1		7.04
1.09		6.96
0.83		7.57
0.83		7.5
0.83		7.42
0.82		7.35
0.82		7.27
0.81		7.19
0.8		7.12
0.78		7.04
0.76		6.96
0.78		6.96
0.83		6.9
0.9		6.82
1.15		6.66
1.31		7.81
1.25		7.73
1.16		7.66
1.05		7.6
0.92		7.57
1.05		7.57
1.01		7.49
1.07		7.4
1.1		7.29
1.13		7.19
1.11		7.12
1.1		7.04
1.08		6.96
0.83		7.57
0.83		7.5
0.83		7.42
0.82		7.35
0.82		7.27
0.81		7.19
0.8		7.11
0.78		7.04
0.76		6.96
0.78		6.96
0.83		6.9
0.9		6.82
1.15		6.66
1.31		7.8
1.25		7.72
1.15		7.66
1.05		7.6
0.92		7.57
1.05		7.57
1.01		7.48
1.07		7.4
1.1		7.29
1.13		7.19
1.11		7.12
1.1		7.04
1.08		6.96
0.83		7.57
0.83		7.5
0.83		7.42
0.82		7.35
0.82		7.27
0.81		7.19
0.8		7.11
0.78		7.04
0.76		6.96
0.78		6.96
0.83		6.9
0.9		6.82
1.15		6.66
1.31		7.8
1.25		7.72
1.15		7.65
1.04		7.6
0.92		7.57
1.05		7.57
1.01		7.48
1.07		7.4
1.1		7.29
1.13		7.19
1.11		7.11
1.09		7.04
1.08		6.96
0.83		7.57
0.83		7.49
0.83		7.41
0.82		7.35
0.82		7.27
0.81		7.19
0.79		7.11
0.78		7.04
0.76		6.96
0.77		6.96
0.82		6.9
0.89		6.82
1.14		6.66
1.31		7.8
1.25		7.72
1.15		7.65
1.04		7.6
0.91		7.57
1.05		7.57
1.01		7.48
1.07		7.39
1.1		7.29
1.13		7.18
1.11		7.11
1.09		7.04
1.08		6.96
0.83		7.57
0.83		7.49
0.83		7.41
0.82		7.34
0.82		7.26
0.81		7.18
0.79		7.11
0.78		7.03
0.76		6.96
0.77		6.96
0.82		6.89
0.89		6.82
1.14		6.66
1.31		7.8
1.24		7.72
1.15		7.65
1.04		7.6
0.91		7.56
1.05		7.56
1.01		7.48
1.07		7.39
1.1		7.29
1.13		7.18
1.11		7.11
1.09		7.04
1.08		6.96
0.83		7.56
0.83		7.49
0.83		7.41
0.82		7.34
0.82		7.26
0.81		7.18
0.79		7.11
0.78		7.03
0.76		6.96
0.77		6.96
0.82		6.89
0.89		6.82
1.14		6.66
1.31		7.8
1.24		7.72
1.15		7.65
1.04		7.59
0.91		7.56
1.05		7.56
1.01		7.48
1.06		7.39
1.1		7.29
1.12		7.18
1.1		7.11
1.09		7.03
1.07		6.96
0.82		7.56
0.83		7.49
0.83		7.41
0.82		7.34
0.82		7.26
0.81		7.18
0.79		7.11
0.78		7.03
0.76		6.96
0.77		6.96
0.82		6.89
0.89		6.82
1.13		6.66
1.3		7.79
1.24		7.71
1.15		7.65
1.04		7.59
0.91		7.56
1.05		7.56
1.01		7.48
1.06		7.39
1.09		7.28
1.12		7.18
1.1		7.11
1.09		7.03
1.07		6.95
0.82		7.56
0.83		7.49
0.83		7.41
0.82		7.34
0.82		7.26
0.81		7.18
0.79		7.11
0.78		7.03
0.76		6.95
0.77		6.95
0.82		6.89
0.89		6.82
1.13		6.66
1.3		7.79
1.24		7.71
1.15		7.65
1.04		7.59
0.91		7.56
1.04		7.56
1.01		7.47
1.06		7.39
1.09		7.28
1.12		7.18
1.1		7.11
1.09		7.03
1.07		6.95
0.82		7.56
0.83		7.48
0.83		7.41
0.82		7.34
0.82		7.26
0.81		7.18
0.79		7.1
0.78		7.03
0.75		6.95
0.77		6.95
0.82		6.89
0.89		6.82
1.13		6.66
1.3		7.79
1.24		7.71
1.14		7.64
1.04		7.59
0.91		7.56
1.04		7.56
1.01		7.47
1.06		7.38
1.09		7.28
1.12		7.18
1.1		7.11
1.08		7.03
1.07		6.95
0.82		7.56
0.83		7.48
0.83		7.4
0.82		7.34
0.81		7.26
0.81		7.18
0.79		7.1
0.78		7.03
0.75		6.95
0.77		6.95
0.82		6.89
0.89		6.81
1.12		6.66
1.3		7.79
1.24		7.71
1.14		7.64
1.03		7.59
0.91		7.56
1.04		7.56
1.01		7.47
1.06		7.38
1.09		7.28
1.12		7.17
1.1		7.1
1.08		7.03
1.07		6.95
0.82		7.56
0.83		7.48
0.83		7.4
0.82		7.33
0.81		7.25
0.81		7.18
0.79		7.1
0.77		7.03
0.75		6.95
0.77		6.95
0.82		6.89
0.88		6.81
1.12		6.66
1.3		7.79
1.23		7.71
1.14		7.64
1.03		7.58
0.91		7.55
1.04		7.55
1.01		7.47
1.06		7.38
1.09		7.28
1.12		7.17
1.1		7.1
1.08		7.03
1.06		6.95
0.82		7.55
0.83		7.48
0.83		7.4
0.82		7.33
0.81		7.25
0.81		7.17
0.79		7.1
0.77		7.02
0.75		6.95
0.77		6.95
0.82		6.89
0.88		6.81
1.12		6.66
1.3		7.79
1.23		7.7
1.14		7.64
1.03		7.58
0.9		7.55
1.04		7.55
1.05		7.47
1.06		7.38
1.09		7.28
1.12		7.17
1.1		7.1
1.08		7.03
1.06		6.95
0.82		7.55
0.82		7.48
0.83		7.4
0.82		7.33
0.81		7.25
0.81		7.17
0.79		7.1
0.77		7.02
0.75		6.95
0.76		6.95
0.81		6.88
0.88		6.81
1.11		6.66
1.3		7.78
1.23		7.7
1.14		7.64
1.03		7.58
0.9		7.55
1.04		7.55
1.05		7.46
1.06		7.38
1.09		7.27
1.11		7.17
1.09		7.1
1.08		7.02
1.06		6.95
0.82		7.55
0.82		7.48
0.83		7.4
0.82		7.33
0.81		7.25
0.8		7.17
0.79		7.1
0.77		7.02
0.75		6.95
0.76		6.95
0.81		6.88
0.88		6.81
1.11		6.66
1.29		7.78
1.23		7.7
1.14		7.63
1.03		7.58
0.9		7.55
1.04		7.55
1.05		7.46
1.06		7.38
1.09		7.27
1.11		7.17
1.09		7.1
1.07		7.02
1.06		6.95
0.82		7.55
0.82		7.47
0.83		7.4
0.82		7.33
0.81		7.25
0.8		7.17
0.79		7.09
0.77		7.02
0.75		6.95
0.76		6.95
0.81		6.88
0.88		6.81
1.1		6.66
1.29		7.78
1.23		7.7
1.14		7.63
1.03		7.58
0.9		7.55
1.04		7.55
1.05		7.46
1.05		7.37
1.08		7.27
1.11		7.17
1.09		7.1
1.07		7.02
1.06		6.94
0.82		7.55
0.82		7.47
0.82		7.39
0.82		7.33
0.81		7.25
0.8		7.17
0.79		7.09
0.77		7.02
0.75		6.94
0.76		6.94
0.81		6.88
0.88		6.81
1.1		6.66
1.29		7.78
1.23		7.7
1.13		7.63
1.03		7.57
0.9		7.54
1.04		7.54
1.04		7.46
1.05		7.37
1.08		7.27
1.11		7.16
1.09		7.09
1.07		7.02
1.05		6.94
0.82		7.54
0.82		7.47
0.82		7.39
0.81		7.32
0.81		7.24
0.8		7.17
0.78		7.09
0.77		7.02
0.75		6.94
0.76		6.94
0.81		6.88
0.88		6.81
1.1		6.66
1.29		7.78
1.23		7.69
1.13		7.63
1.02		7.57
0.9		7.54
1.04		7.54
1.04		7.46
1.05		7.37
1.08		7.27
1.11		7.16
1.09		7.09
1.07		7.02
1.05		6.94
0.82		7.54
0.82		7.47
0.82		7.39
0.81		7.32
0.81		7.24
0.8		7.16
0.78		7.09
0.77		7.02
0.75		6.94
0.76		6.94
0.81		6.88
0.87		6.81
1.09		6.66
1.29		7.77
1.22		7.69
1.13		7.63
1.02		7.57
0.9		7.54
1.03		7.54
1.04		7.46
1.05		7.37
1.08		7.26
1.11		7.16
1.09		7.09
1.07		7.02
1.05		6.94
0.82		7.54
0.82		7.47
0.82		7.39
0.81		7.32
0.81		7.24
0.8		7.16
0.78		7.09
0.77		7.01
0.74		6.94
0.76		6.94
0.81		6.88
0.87		6.81
1.09		6.66
1.29		7.77
1.22		7.69
1.13		7.62
1.02		7.57
0.9		7.54
1.03		7.54
1.04		7.45
1.05		7.37
1.08		7.26
1.11		7.16
1.08		7.09
1.07		7.01
1.05		6.94
0.82		7.54
0.82		7.47
0.82		7.39
0.81		7.32
0.81		7.24
0.8		7.16
0.78		7.09
0.77		7.01
0.74		6.94
0.76		6.94
0.81		6.88
0.87		6.81
1.09		6.66
1.28		7.77
1.22		7.69
1.13		7.62
1.02		7.57
0.89		7.54
1.03		7.54
1.04		7.45
1.05		7.36
1.08		7.26
1.1		7.16
1.08		7.09
1.06		7.01
1.05		6.94
0.82		7.54
0.82		7.46
0.82		7.38
0.81		7.32
0.81		7.24
0.8		7.16
0.78		7.09
0.77		7.01
0.74		6.94
0.76		6.94
0.8		6.88
0.87		6.8
1.08		6.66
1.28		7.77
1.22		7.69
1.13		7.62
1.02		7.57
0.89		7.54
1.03		7.54
1.04		7.45
1.05		7.36
1.08		7.26
1.1		7.16
1.08		7.09
1.06		7.01
1.04		6.94
0.82		7.54
0.82		7.46
0.82		7.38
0.81		7.32
0.81		7.24
0.8		7.16
0.78		7.08
0.76		7.01
0.74		6.94
0.76		6.94
0.8		6.87
0.87		6.8
1.08		6.66
1.28		7.77
1.22		7.69
1.13		7.62
1.02		7.56
0.89		7.53
1.03		7.53
1.04		7.45
1.05		7.36
1.08		7.26
1.1		7.15
1.08		7.08
1.06		7.01
1.04		6.94
0.82		7.53
0.82		7.46
0.82		7.38
0.81		7.31
0.81		7.23
0.8		7.16
0.78		7.08
0.76		7.01
0.74		6.94
0.75		6.94
0.8		6.87
0.87		6.8
1.08		6.66
1.28		7.76
1.22		7.68
1.12		7.62
1.02		7.56
0.89		7.53
1.03		7.53
1.04		7.45
1.05		7.36
1.07		7.26
1.1		7.15
1.08		7.08
1.06		7.01
1.04		6.93
0.82		7.53
0.82		7.46
0.82		7.38
0.81		7.31
0.81		7.23
0.8		7.15
0.78		7.08
0.76		7.01
0.74		6.93
0.75		6.93
0.8		6.87
0.87		6.8
1.07		6.66
1.28		7.76
1.21		7.68
1.12		7.62
1.01		7.56
0.89		7.53
1.03		7.53
1.04		7.44
1.04		7.36
1.07		7.25
1.1		7.15
1.08		7.08
1.06		7.01
1.04		6.93
0.81		7.53
0.82		7.46
0.82		7.38
0.81		7.31
0.8		7.23
0.8		7.15
0.78		7.08
0.76		7.01
0.74		6.93
0.75		6.93
0.8		6.87
0.86		6.8
1.07		6.66
1.28		7.76
1.21		7.68
1.12		7.61
1.01		7.56
0.89		7.53
1.03		7.53
1.04		7.44
1.04		7.36
1.07		7.25
1.1		7.15
1.07		7.08
1.06		7.01
1.03		6.93
0.81		7.53
0.82		7.45
0.82		7.38
0.81		7.31
0.8		7.23
0.8		7.15
0.78		7.08
0.76		7
0.74		6.93
0.75		6.93
0.8		6.87
0.86		6.8
1.07		6.66
1.27		7.76
1.21		7.68
1.12		7.61
1.01		7.56
0.89		7.53
1.03		7.53
1.03		7.44
1.04		7.35
1.07		7.25
1.1		7.15
1.07		7.08
1.05		7
1.03		6.93
0.81		7.53
0.82		7.45
0.82		7.37
0.81		7.31
0.8		7.23
0.79		7.15
0.78		7.08
0.76		7
0.74		6.93
0.75		6.93
0.8		6.87
0.86		6.8
1.06		6.66
1.27		7.76
1.21		7.68
1.12		7.61
1.01		7.55
0.88		7.52
1.02		7.52
1.03		7.44
1.04		7.35
1.07		7.25
1.09		7.15
1.07		7.08
1.05		7
1.03		6.93
0.81		7.52
0.82		7.45
0.82		7.37
0.81		7.31
0.8		7.23
0.79		7.15
0.78		7.08
0.76		7
0.74		6.93
0.75		6.93
0.8		6.87
0.86		6.8
1.06		6.66
1.27		7.75
1.21		7.67
1.12		7.61
1.01		7.55
0.88		7.52
1.02		7.52
1.03		7.44
1.04		7.35
1.07		7.25
1.09		7.14
1.07		7.07
1.05		7
1.03		6.93
0.81		7.52
0.81		7.45
0.82		7.37
0.81		7.3
0.8		7.22
0.79		7.15
0.77		7.07
0.76		7
0.73		6.93
0.75		6.93
0.79		6.87
0.86		6.8
1.06		6.66
1.27		7.75
1.21		7.67
1.11		7.61
1.01		7.55
0.88		7.52
1.02		7.52
1.03		7.43
1.04		7.35
1.07		7.25
1.09		7.14
1.07		7.07
1.05		7
1.03		6.93
0.81		7.52
0.81		7.45
0.82		7.37
0.81		7.3
0.8		7.22
0.79		7.15
0.77		7.07
0.76		7
0.73		6.93
0.75		6.93
0.79		6.87
0.86		6.8
1.05		6.66
1.27		7.75
1.2		7.67
1.11		7.6
1.01		7.55
0.88		7.52
1.02		7.52
1.03		7.43
1.04		7.35
1.07		7.24
1.09		7.14
1.07		7.07
1.05		7
1.02		6.93
0.81		7.52
0.81		7.45
0.82		7.37
0.81		7.3
0.8		7.22
0.79		7.14
0.77		7.07
0.76		7
0.73		6.93
0.75		6.93
0.79		6.87
0.85		6.8
1.05		6.66
1.27		7.75
1.2		7.67
1.11		7.6
1		7.55
0.88		7.52
1.02		7.52
1.03		7.43
1.04		7.34
1.06		7.24
1.09		7.14
1.07		7.07
1.04		7
1.02		6.92
0.81		7.52
0.81		7.44
0.81		7.37
0.8		7.3
0.8		7.22
0.79		7.14
0.77		7.07
0.76		7
0.73		6.92
0.74		6.92
0.79		6.86
0.85		6.79
1.04		6.66
1.26		7.75
1.2		7.67
1.11		7.6
1		7.54
0.88		7.51
1.02		7.51
1.03		7.43
1.04		7.34
1.06		7.24
1.09		7.14
1.06		7.07
1.04		7
1.02		6.92
0.81		7.51
0.81		7.44
0.81		7.36
0.8		7.3
0.8		7.22
0.79		7.14
0.77		7.07
0.75		6.99
0.73		6.92
0.74		6.92
0.79		6.86
0.85		6.79
1.04		6.66
1.26		7.74
1.2		7.66
1.11		7.6
1		7.54
0.88		7.51
1.02		7.51
1.03		7.43
1.03		7.34
1.06		7.24
1.09		7.14
1.06		7.07
1.04		6.99
1.02		6.92
0.81		7.51
0.81		7.44
0.81		7.36
0.8		7.29
0.8		7.22
0.79		7.14
0.77		7.07
0.75		6.99
0.73		6.92
0.74		6.92
0.79		6.86
0.85		6.79
1.04		6.66
1.26		7.74
1.2		7.66
1.11		7.6
1		7.54
0.87		7.51
1.02		7.51
1.03		7.43
1.03		7.34
1.06		7.24
1.08		7.13
1.06		7.06
1.04		6.99
1.02		6.92
0.81		7.51
0.81		7.44
0.81		7.36
0.8		7.29
0.8		7.21
0.79		7.14
0.77		7.06
0.75		6.99
0.73		6.92
0.74		6.92
0.79		6.86
0.85		6.79
1.03		6.66
1.26		7.74
1.2		7.66
1.11		7.59
1		7.54
0.87		7.51
1.02		7.51
1.02		7.42
1.03		7.34
1.06		7.23
1.08		7.13
1.06		7.06
1.04		6.99
1.01		6.92
0.81		7.51
0.81		7.44
0.81		7.36
0.8		7.29
0.8		7.21
0.79		7.14
0.77		7.06
0.75		6.99
0.73		6.92
0.74		6.92
0.79		6.86
0.85		6.79
1.03		6.66
1.26		7.74
1.19		7.66
1.1		7.59
1		7.54
0.87		7.51
1.01		7.51
1.02		7.42
1.03		7.34
1.06		7.23
1.08		7.13
1.06		7.06
1.03		6.99
1.01		6.92
0.81		7.51
0.81		7.43
0.81		7.36
0.8		7.29
0.8		7.21
0.79		7.13
0.77		7.06
0.75		6.99
0.73		6.92
0.74		6.92
0.78		6.86
0.84		6.79
1.03		6.66
1.26		7.74
1.19		7.66
1.1		7.59
0.99		7.53
0.87		7.51
1.01		7.51
1.02		7.42
1.03		7.33
1.06		7.23
1.08		7.13
1.06		7.06
1.03		6.99
1.01		6.92
0.81		7.51
0.81		7.43
0.81		7.35
0.8		7.29
0.8		7.21
0.79		7.13
0.77		7.06
0.75		6.99
0.72		6.92
0.74		6.92
0.78		6.86
0.84		6.79
1.02		6.66
1.25		7.73
1.19		7.65
1.1		7.59
0.99		7.53
0.87		7.5
1.01		7.5
1.02		7.42
1.03		7.33
1.06		7.23
1.08		7.13
1.05		7.06
1.03		6.99
1.01		6.92
0.81		7.5
0.81		7.43
0.81		7.35
0.8		7.29
0.8		7.21
0.79		7.13
0.77		7.06
0.75		6.99
0.72		6.92
0.74		6.92
0.78		6.86
0.84		6.79
1.02		6.66
1.25		7.73
1.19		7.65
1.1		7.59
0.99		7.53
0.87		7.5
1.01		7.5
1.02		7.42
1.03		7.33
1.05		7.23
1.08		7.12
1.05		7.06
1.03		6.99
1.01		6.91
0.81		7.5
0.81		7.43
0.81		7.35
0.8		7.28
0.79		7.21
0.79		7.13
0.77		7.06
0.75		6.98
0.72		6.91
0.73		6.91
0.78		6.86
0.84		6.79
1.02		6.66
1.25		7.73
1.19		7.65
1.1		7.58
0.99		7.53
0.87		7.5
1.01		7.5
1.02		7.41
1.03		7.33
1.05		7.23
1.07		7.12
1.05		7.05
1.03		6.98
1		6.91
0.8		7.5
0.81		7.43
0.81		7.35
0.8		7.28
0.79		7.2
0.78		7.13
0.76		7.06
0.75		6.98
0.72		6.91
0.73		6.91
0.78		6.85
0.84		6.79
1.01		6.66
1.25		7.73
1.19		7.65
1.1		7.58
0.99		7.53
0.86		7.5
1.01		7.5
1.02		7.41
1.03		7.33
1.05		7.22
1.07		7.12
1.05		7.05
1.02		6.98
1		6.91
0.8		7.5
0.81		7.42
0.81		7.35
0.8		7.28
0.79		7.2
0.78		7.13
0.76		7.05
0.75		6.98
0.72		6.91
0.73		6.91
0.78		6.85
0.84		6.79
1.01		6.66
1.25		7.73
1.18		7.65
1.09		7.58
0.99		7.53
0.86		7.5
1.01		7.5
1.02		7.41
1.02		7.32
1.05		7.22
1.07		7.12
1.05		7.05
1.02		6.98
1		6.91
0.8		7.5
0.81		7.42
0.81		7.35
0.8		7.28
0.79		7.2
0.78		7.12
0.76		7.05
0.74		6.98
0.72		6.91
0.73		6.91
0.78		6.85
0.83		6.79
1.01		6.66
1.24		7.73
1.18		7.64
1.09		7.58
0.99		7.52
0.86		7.49
1.01		7.49
1.02		7.41
1.02		7.32
1.05		7.22
1.07		7.12
1.04		7.05
1.02		6.98
1		6.91
0.8		7.49
0.81		7.42
0.81		7.34
0.8		7.28
0.79		7.2
0.78		7.12
0.76		7.05
0.74		6.98
0.72		6.91
0.73		6.91
0.77		6.85
0.83		6.78
1		6.66
1.24		7.72
1.18		7.64
1.09		7.58
0.98		7.52
0.86		7.49
1.01		7.49
1.01		7.41
1.02		7.32
1.05		7.22
1.07		7.12
1.04		7.05
1.02		6.98
0.99		6.91
0.8		7.49
0.81		7.42
0.81		7.34
0.8		7.28
0.79		7.2
0.78		7.12
0.76		7.05
0.74		6.98
0.72		6.91
0.73		6.91
0.77		6.85
0.83		6.78
1		6.66
1.24		7.72
1.18		7.64
1.09		7.57
0.98		7.52
0.86		7.49
1		7.49
1.01		7.4
1.02		7.32
1.05		7.22
1.07		7.11
1.04		7.05
1.02		6.98
0.99		6.91
0.8		7.49
0.8		7.42
0.81		7.34
0.8		7.27
0.79		7.2
0.78		7.12
0.76		7.05
0.74		6.98
0.72		6.91
0.73		6.91
0.77		6.85
0.83		6.78
1		6.66
1.24		7.72
1.18		7.64
1.09		7.57
0.98		7.52
0.86		7.49
1		7.49
1.01		7.4
1.02		7.32
1.04		7.21
1.06		7.11
1.04		7.04
1.01		6.97
0.99		6.91
0.8		7.49
0.8		7.42
0.81		7.34
0.79		7.27
0.79		7.19
0.78		7.12
0.76		7.05
0.74		6.97
0.71		6.91
0.73		6.91
0.77		6.85
0.83		6.78
0.99		6.66
1.24		7.72
1.18		7.64
1.09		7.57
0.98		7.52
0.86		7.49
1		7.49
1.01		7.4
1.02		7.31
1.04		7.21
1.06		7.11
1.04		7.04
1.01		6.97
0.99		6.9
0.8		7.49
0.8		7.41
0.8		7.34
0.79		7.27
0.79		7.19
0.78		7.12
0.76		7.05
0.74		6.97
0.71		6.9
0.73		6.9
0.77		6.85
0.83		6.78
0.99		6.66
1.24		7.72
1.17		7.63
1.08		7.57
0.98		7.51
0.85		7.48
1		7.48
1.01		7.4
1.02		7.31
1.04		7.21
1.06		7.11
1.03		7.04
1.01		6.97
0.98		6.9
0.8		7.48
0.8		7.41
0.8		7.33
0.79		7.27
0.79		7.19
0.78		7.11
0.76		7.04
0.74		6.97
0.71		6.9
0.72		6.9
0.77		6.85
0.82		6.78
0.99		6.66
1.23		7.71
1.17		7.63
1.08		7.57
0.98		7.51
0.85		7.48
1		7.48
1.01		7.4
1.02		7.31
1.04		7.21
1.06		7.11
1.03		7.04
1.01		6.97
0.98		6.9
0.8		7.48
0.8		7.41
0.8		7.33
0.79		7.27
0.79		7.19
0.78		7.11
0.76		7.04
0.74		6.97
0.71		6.9
0.72		6.9
0.77		6.84
0.82		6.78
0.98		6.66
1.23		7.71
1.17		7.63
1.08		7.56
0.97		7.51
0.85		7.48
1		7.48
1.01		7.39
1.01		7.31
1.04		7.21
1.06		7.1
1.03		7.04
1.01		6.97
0.98		6.9
0.8		7.48
0.8		7.41
0.8		7.33
0.79		7.26
0.79		7.19
0.78		7.11
0.76		7.04
0.74		6.97
0.71		6.9
0.72		6.9
0.76		6.84
0.82		6.78
0.98		6.66
1.23		7.71
1.17		7.63
1.08		7.56
0.97		7.51
0.85		7.48
1		7.48
1.01		7.39
1.01		7.31
1.04		7.2
1.06		7.1
1.03		7.04
1		6.97
0.98		6.9
0.8		7.48
0.8		7.41
0.8		7.33
0.79		7.26
0.79		7.19
0.78		7.11
0.75		7.04
0.74		6.97
0.71		6.9
0.72		6.9
0.76		6.84
0.82		6.78
0.97		6.66
1.23		7.71
1.17		7.63
1.08		7.56
0.97		7.51
0.85		7.48
1		7.48
1.01		7.39
1.01		7.3
1.04		7.2
1.05		7.1
1.03		7.04
1		6.97
0.98		6.9
0.8		7.48
0.8		7.4
0.8		7.33
0.79		7.26
0.79		7.18
0.77		7.11
0.75		7.04
0.73		6.97
0.71		6.9
0.72		6.9
0.76		6.84
0.82		6.78
0.97		6.66
1.23		7.7
1.17		7.62
1.08		7.56
0.97		7.5
0.85		7.47
0.99		7.47
1		7.39
1.01		7.3
1.03		7.2
1.05		7.1
1.03		7.03
1		6.96
0.97		6.9
0.8		7.47
0.8		7.4
0.8		7.33
0.79		7.26
0.79		7.18
0.77		7.11
0.75		7.04
0.73		6.96
0.71		6.9
0.72		6.9
0.76		6.84
0.82		6.78
0.97		6.66
1.23		7.7
1.16		7.62
1.07		7.56
0.97		7.5
0.85		7.47
0.99		7.47
1		7.39
1.01		7.3
1.03		7.2
1.05		7.1
1.02		7.03
1		6.96
0.97		6.9
0.8		7.47
0.8		7.4
0.8		7.32
0.79		7.26
0.78		7.18
0.77		7.11
0.75		7.03
0.73		6.96
0.71		6.9
0.72		6.9
0.76		6.84
0.81		6.78
0.96		6.66
1.22		7.7
1.16		7.62
1.07		7.55
0.97		7.5
0.84		7.47
0.99		7.47
1		7.38
1.01		7.3
1.03		7.2
1.05		7.1
1.02		7.03
1		6.96
0.97		6.89
0.8		7.47
0.8		7.4
0.8		7.32
0.79		7.26
0.78		7.18
0.77		7.1
0.75		7.03
0.73		6.96
0.7		6.89
0.71		6.89
0.76		6.84
0.81		6.77
0.96		6.66
1.22		7.7
1.16		7.62
1.07		7.55
0.96		7.5
0.84		7.47
0.99		7.47
1		7.38
1.01		7.3
1.03		7.2
1.05		7.09
1.02		7.03
0.99		6.96
0.97		6.89
0.8		7.47
0.8		7.4
0.8		7.32
0.79		7.25
0.78		7.18
0.77		7.1
0.75		7.03
0.73		6.96
0.7		6.89
0.71		6.89
0.76		6.84
0.81		6.77
0.96		6.66
1.22		7.7
1.16		7.62
1.07		7.55
0.96		7.5
0.84		7.47
0.99		7.47
1		7.38
1.01		7.29
1.03		7.19
1.05		7.09
1.02		7.03
0.99		6.96
0.96		6.89
0.79		7.47
0.8		7.39
0.8		7.32
0.79		7.25
0.78		7.18
0.77		7.1
0.75		7.03
0.73		6.96
0.7		6.89
0.71		6.89
0.75		6.84
0.81		6.77
0.95		6.66
1.22		7.69
1.16		7.61
1.07		7.55
0.96		7.49
0.84		7.46
0.99		7.46
1		7.38
1		7.29
1.03		7.19
1.04		7.09
1.02		7.03
0.99		6.96
0.96		6.89
0.79		7.46
0.8		7.39
0.8		7.32
0.79		7.25
0.78		7.17
0.77		7.1
0.75		7.03
0.73		6.96
0.7		6.89
0.71		6.89
0.75		6.84
0.81		6.77
0.95		6.66
1.22		7.69
1.16		7.61
1.07		7.55
0.96		7.49
0.84		7.46
0.99		7.46
1		7.38
1		7.29
1.03		7.19
1.04		7.09
1.01		7.02
0.99		6.96
0.96		6.89
0.79		7.46
0.8		7.39
0.8		7.31
0.79		7.25
0.78		7.17
0.77		7.1
0.75		7.03
0.73		6.96
0.7		6.89
0.71		6.89
0.75		6.83
0.8		6.77
0.95		6.66
1.22		7.69
1.15		7.61
1.06		7.54
0.96		7.49
0.84		7.46
0.99		7.46
1		7.37
1		7.29
1.02		7.19
1.04		7.09
1.01		7.02
0.98		6.95
0.96		6.89
0.79		7.46
0.8		7.39
0.8		7.31
0.79		7.25
0.78		7.17
0.77		7.1
0.75		7.03
0.73		6.96
0.7		6.89
0.71		6.89
0.75		6.83
0.8		6.77
0.94		6.66
1.21		7.69
1.15		7.61
1.06		7.54
0.96		7.49
0.84		7.46
0.99		7.46
1		7.37
1		7.29
1.02		7.19
1.04		7.09
1.01		7.02
0.98		6.95
0.95		6.89
0.79		7.46
0.79		7.39
0.8		7.31
0.79		7.24
0.78		7.17
0.77		7.09
0.75		7.02
0.72		6.95
0.7		6.89
0.71		6.89
0.75		6.83
0.8		6.77
0.94		6.66
1.21		7.68
1.15		7.61
1.06		7.54
0.95		7.48
0.83		7.46
0.98		7.46
0.99		7.37
1		7.28
1.02		7.18
1.04		7.08
1.01		7.02
0.98		6.95
0.95		6.89
0.79		7.46
0.79		7.38
0.8		7.31
0.78		7.24
0.78		7.17
0.77		7.09
0.74		7.02
0.72		6.95
0.7		6.89
0.71		6.89
0.75		6.83
0.8		6.77
0.94		6.66
1.21		7.68
1.15		7.6
1.06		7.54
0.95		7.48
0.83		7.45
0.98		7.45
0.99		7.37
1		7.28
1.02		7.18
1.03		7.08
1.01		7.02
0.98		6.95
0.95		6.88
0.79		7.45
0.79		7.38
0.79		7.31
0.78		7.24
0.78		7.16
0.77		7.09
0.74		7.02
0.72		6.95
0.69		6.88
0.7		6.88
0.75		6.83
0.8		6.77
0.93		6.66
1.21		7.68
1.15		7.6
1.06		7.54
0.95		7.48
0.83		7.45
0.98		7.45
0.99		7.37
1		7.28
1.02		7.18
1.03		7.08
1		7.02
0.98		6.95
0.95		6.88
0.79		7.45
0.79		7.38
0.79		7.3
0.78		7.24
0.78		7.16
0.76		7.09
0.74		7.02
0.72		6.95
0.69		6.88
0.7		6.88
0.74		6.83
0.79		6.77
0.93		6.66
1.21		7.68
1.15		7.6
1.05		7.53
0.95		7.48
0.83		7.45
0.98		7.45
0.99		7.36
1		7.28
1.02		7.18
1.03		7.08
1		7.01
0.97		6.95
0.94		6.88
0.79		7.45
0.79		7.38
0.79		7.3
0.78		7.24
0.78		7.16
0.76		7.09
0.74		7.02
0.72		6.95
0.69		6.88
0.7		6.88
0.74		6.83
0.79		6.77
0.93		6.66
1.21		7.68
1.14		7.6
1.05		7.53
0.95		7.48
0.83		7.45
0.98		7.45
0.99		7.36
0.99		7.28
1.01		7.18
1.03		7.08
1		7.01
0.97		6.95
0.94		6.88
0.79		7.45
0.79		7.38
0.79		7.3
0.78		7.24
0.77		7.16
0.76		7.09
0.74		7.02
0.72		6.95
0.69		6.88
0.7		6.88
0.74		6.83
0.79		6.77
0.92		6.66
1.2		7.67
1.14		7.59
1.05		7.53
0.95		7.47
0.83		7.45
0.98		7.45
0.99		7.36
0.99		7.27
1.01		7.17
1.03		7.08
1		7.01
0.97		6.94
0.94		6.88
0.79		7.45
0.79		7.37
0.79		7.3
0.78		7.23
0.77		7.16
0.76		7.08
0.74		7.01
0.72		6.95
0.69		6.88
0.7		6.88
0.74		6.83
0.79		6.77
0.92		6.66
1.2		7.67
1.14		7.59
1.05		7.53
0.94		7.47
0.82		7.44
0.98		7.44
0.99		7.36
0.99		7.27
1.01		7.17
1.03		7.07
1		7.01
0.97		6.94
0.94		6.88
0.79		7.44
0.79		7.37
0.79		7.3
0.78		7.23
0.77		7.16
0.76		7.08
0.74		7.01
0.72		6.94
0.69		6.88
0.7		6.88
0.74		6.82
0.79		6.76
0.91		6.66
1.2		7.67
1.14		7.59
1.05		7.52
0.94		7.47
0.82		7.44
0.98		7.44
0.99		7.35
0.99		7.27
1.01		7.17
1.02		7.07
0.99		7.01
0.97		6.94
0.94		6.88
0.79		7.44
0.79		7.37
0.79		7.29
0.78		7.23
0.77		7.15
0.76		7.08
0.74		7.01
0.72		6.94
0.69		6.88
0.7		6.88
0.74		6.82
0.78		6.76
0.91		6.66
1.2		7.67
1.14		7.59
1.05		7.52
0.94		7.47
0.82		7.44
0.98		7.44
0.99		7.35
0.99		7.27
1.01		7.17
1.02		7.07
0.99		7.01
0.96		6.94
0.93		6.88
0.79		7.44
0.79		7.37
0.79		7.29
0.78		7.23
0.77		7.15
0.76		7.08
0.74		7.01
0.71		6.94
0.68		6.88
0.69		6.88
0.73		6.82
0.78		6.76
0.91		6.66
1.2		7.66
1.14		7.58
1.05		7.52
0.94		7.47
0.82		7.44
0.98		7.44
0.98		7.35
0.99		7.27
1.01		7.17
1.02		7.07
0.99		7
0.96		6.94
0.93		6.87
0.79		7.44
0.79		7.37
0.79		7.29
0.78		7.23
0.77		7.15
0.76		7.08
0.74		7.01
0.71		6.94
0.68		6.87
0.69		6.87
0.73		6.82
0.78		6.76
0.9		6.66
1.2		7.66
1.13		7.58
1.04		7.52
0.94		7.46
0.82		7.43
0.97		7.43
0.98		7.35
0.99		7.26
1		7.16
1.02		7.07
0.99		7
0.96		6.94
0.93		6.87
0.79		7.43
0.79		7.36
0.79		7.29
0.78		7.22
0.77		7.15
0.76		7.07
0.73		7.01
0.71		6.94
0.68		6.87
0.69		6.87
0.73		6.82
0.78		6.76
0.9		6.66
1.19		7.66
1.13		7.58
1.04		7.52
0.94		7.46
0.82		7.43
0.97		7.43
0.98		7.35
0.98		7.26
1		7.16
1.02		7.06
0.99		7
0.96		6.94
0.93		6.87
0.79		7.43
0.79		7.36
0.79		7.29
0.78		7.22
0.77		7.15
0.76		7.07
0.73		7
0.71		6.94
0.68		6.87
0.69		6.87
0.73		6.82
0.78		6.76
0.9		6.66
1.19		7.66
1.13		7.58
1.04		7.51
0.93		7.46
0.82		7.43
0.97		7.43
0.98		7.34
0.98		7.26
1		7.16
1.01		7.06
0.98		7
0.95		6.93
0.92		6.87
0.78		7.43
0.79		7.36
0.79		7.28
0.78		7.22
0.77		7.15
0.76		7.07
0.73		7
0.71		6.94
0.68		6.87
0.69		6.87
0.73		6.82
0.77		6.76
0.89		6.66
1.19		7.66
1.13		7.58
1.04		7.51
0.93		7.46
0.81		7.43
0.97		7.43
0.98		7.34
0.98		7.26
1		7.16
1.01		7.06
0.98		7
0.95		6.93
0.92		6.87
0.78		7.43
0.79		7.36
0.79		7.28
0.77		7.22
0.77		7.14
0.75		7.07
0.73		7
0.71		6.93
0.68		6.87
0.69		6.87
0.73		6.82
0.77		6.76
0.89		6.66
1.19		7.65
1.13		7.57
1.04		7.51
0.93		7.46
0.81		7.43
0.97		7.43
0.98		7.34
0.98		7.26
1		7.16
1.01		7.06
0.98		7
0.95		6.93
0.92		6.87
0.78		7.43
0.79		7.36
0.79		7.28
0.77		7.22
0.77		7.14
0.75		7.07
0.73		7
0.71		6.93
0.68		6.87
0.69		6.87
0.72		6.82
0.77		6.76
0.89		6.66
1.19		7.65
1.13		7.57
1.03		7.51
0.93		7.45
0.81		7.42
0.97		7.42
0.98		7.34
0.98		7.25
1		7.16
1.01		7.06
0.98		6.99
0.95		6.93
0.92		6.87
0.78		7.42
0.78		7.35
0.78		7.28
0.77		7.21
0.77		7.14
0.75		7.07
0.73		7
0.71		6.93
0.67		6.87
0.68		6.87
0.72		6.82
0.77		6.76
0.88		6.66
1.19		7.65
1.12		7.57
1.03		7.5
0.93		7.45
0.81		7.42
0.97		7.42
0.98		7.34
0.98		7.25
1		7.15
1.01		7.06
0.98		6.99
0.95		6.93
0.91		6.87
0.78		7.42
0.78		7.35
0.78		7.28
0.77		7.21
0.76		7.14
0.75		7.06
0.73		7
0.7		6.93
0.67		6.87
0.68		6.87
0.72		6.81
0.77		6.76
0.88		6.66
1.18		7.65
1.12		7.57
1.03		7.5
0.93		7.45
0.81		7.42
0.97		7.42
0.97		7.33
0.98		7.25
0.99		7.15
1.01		7.05
0.97		6.99
0.94		6.93
0.91		6.87
0.78		7.42
0.78		7.35
0.78		7.27
0.77		7.21
0.76		7.14
0.75		7.06
0.73		7
0.7		6.93
0.67		6.87
0.68		6.87
0.72		6.81
0.76		6.76
0.88		6.66
1.18		7.64
1.12		7.56
1.03		7.5
0.92		7.45
0.81		7.42
0.97		7.42
0.97		7.33
0.97		7.25
0.99		7.15
1		7.05
0.97		6.99
0.94		6.93
0.91		6.86
0.78		7.42
0.78		7.35
0.78		7.27
0.77		7.21
0.76		7.13
0.75		7.06
0.73		6.99
0.7		6.93
0.67		6.86
0.68		6.86
0.72		6.81
0.76		6.76
0.87		6.66
1.18		7.64
1.12		7.56
1.03		7.5
0.92		7.44
0.8		7.42
0.96		7.42
0.97		7.33
0.97		7.25
0.99		7.15
1		7.05
0.97		6.99
0.94		6.92
0.91		6.86
0.78		7.42
0.78		7.35
0.78		7.27
0.77		7.21
0.76		7.13
0.75		7.06
0.72		6.99
0.7		6.93
0.67		6.86
0.68		6.86
0.72		6.81
0.76		6.75
0.87		6.66
1.18		7.64
1.12		7.56
1.03		7.5
0.92		7.44
0.8		7.41
0.96		7.41
0.97		7.33
0.97		7.24
0.99		7.15
1		7.05
0.97		6.99
0.94		6.92
0.9		6.86
0.78		7.41
0.78		7.34
0.78		7.27
0.77		7.2
0.76		7.13
0.75		7.06
0.72		6.99
0.7		6.92
0.67		6.86
0.68		6.86
0.72		6.81
0.76		6.75
0.87		6.66
1.18		7.64
1.11		7.56
1.02		7.49
0.92		7.44
0.8		7.41
0.96		7.41
0.97		7.33
0.97		7.24
0.99		7.14
1		7.05
0.97		6.98
0.93		6.92
0.9		6.86
0.78		7.41
0.78		7.34
0.78		7.27
0.77		7.2
0.76		7.13
0.75		7.06
0.72		6.99
0.7		6.92
0.67		6.86
0.68		6.86
0.71		6.81
0.76		6.75
0.86		6.66
1.17		7.63
1.11		7.56
1.02		7.49
0.92		7.44
0.8		7.41
0.96		7.41
0.97		7.32
0.97		7.24
0.98		7.14
1		7.05
0.96		6.98
0.93		6.92
0.9		6.86
0.78		7.41
0.78		7.34
0.78		7.26
0.77		7.2
0.76		7.13
0.75		7.05
0.72		6.99
0.7		6.92
0.67		6.86
0.67		6.86
0.71		6.81
0.75		6.75
0.86		6.66
1.17		7.63
1.11		7.55
1.02		7.49
0.92		7.44
0.8		7.41
0.96		7.41
0.96		7.32
0.97		7.24
0.98		7.14
0.99		7.04
0.96		6.98
0.93		6.92
0.9		6.86
0.78		7.41
0.78		7.34
0.78		7.26
0.77		7.2
0.76		7.12
0.74		7.05
0.72		6.99
0.7		6.92
0.66		6.86
0.67		6.86
0.71		6.81
0.75		6.75
0.86		6.66
1.17		7.63
1.11		7.55
1.02		7.49
0.91		7.43
0.8		7.41
0.96		7.41
0.96		7.32
0.96		7.24
0.98		7.14
0.99		7.04
0.96		6.98
0.93		6.92
0.89		6.86
0.78		7.41
0.78		7.33
0.78		7.26
0.77		7.2
0.76		7.12
0.74		7.05
0.72		6.98
0.69		6.92
0.66		6.86
0.67		6.86
0.71		6.81
0.75		6.75
0.85		6.66
1.17		7.63
1.11		7.55
1.02		7.48
0.91		7.43
0.8		7.4
0.96		7.4
0.96		7.32
0.96		7.23
0.98		7.14
0.99		7.04
0.96		6.98
0.93		6.91
0.89		6.85
0.78		7.4
0.78		7.33
0.78		7.26
0.77		7.19
0.76		7.12
0.74		7.05
0.72		6.98
0.69		6.92
0.66		6.85
0.67		6.85
0.71		6.81
0.75		6.75
0.85		6.66
1.17		7.62
1.11		7.55
1.02		7.48
0.91		7.43
0.79		7.4
0.96		7.4
0.96		7.32
0.96		7.23
0.98		7.13
0.99		7.04
0.95		6.98
0.92		6.91
0.89		6.85
0.78		7.4
0.78		7.33
0.78		7.26
0.76		7.19
0.76		7.12
0.74		7.05
0.72		6.98
0.69		6.92
0.66		6.85
0.67		6.85
0.71		6.8
0.75		6.75
0.84		6.66
1.17		7.62
1.1		7.54
1.01		7.48
0.91		7.43
0.79		7.4
0.95		7.4
0.96		7.31
0.96		7.23
0.98		7.13
0.98		7.04
0.95		6.97
0.92		6.91
0.89		6.85
0.78		7.4
0.78		7.33
0.78		7.25
0.76		7.19
0.76		7.12
0.74		7.05
0.72		6.98
0.69		6.91
0.66		6.85
0.67		6.85
0.7		6.8
0.74		6.75
0.84		6.66
1.16		7.62
1.1		7.54
1.01		7.48
0.91		7.42
0.79		7.4
0.95		7.4
0.96		7.31
0.96		7.23
0.97		7.13
0.98		7.03
0.95		6.97
0.92		6.91
0.88		6.85
0.78		7.4
0.78		7.33
0.78		7.25
0.76		7.19
0.75		7.12
0.74		7.04
0.71		6.98
0.69		6.91
0.66		6.85
0.67		6.85
0.7		6.8
0.74		6.75
0.84		6.66
1.16		7.62
1.1		7.54
1.01		7.47
0.91		7.42
0.79		7.39
0.95		7.39
0.96		7.31
0.96		7.23
0.97		7.13
0.98		7.03
0.95		6.97
0.92		6.91
0.88		6.85
0.77		7.39
0.78		7.32
0.77		7.25
0.76		7.19
0.75		7.11
0.74		7.04
0.71		6.98
0.69		6.91
0.66		6.85
0.66		6.85
0.7		6.8
0.74		6.75
0.83		6.66
1.16		7.62
1.1		7.54
1.01		7.47
0.9		7.42
0.79		7.39
0.95		7.39
0.95		7.31
0.95		7.22
0.97		7.13
0.98		7.03
0.95		6.97
0.91		6.91
0.88		6.85
0.77		7.39
0.77		7.32
0.77		7.25
0.76		7.19
0.75		7.11
0.74		7.04
0.71		6.97
0.69		6.91
0.65		6.85
0.66		6.85
0.7		6.8
0.74		6.75
0.83		6.66
1.16		7.61
1.1		7.53
1.01		7.47
0.9		7.42
0.79		7.39
0.95		7.39
0.95		7.3
0.95		7.22
0.97		7.12
0.98		7.03
0.94		6.97
0.91		6.91
0.88		6.85
0.77		7.39
0.77		7.32
0.77		7.25
0.76		7.18
0.75		7.11
0.74		7.04
0.71		6.97
0.69		6.91
0.65		6.85
0.66		6.85
0.7		6.8
0.73		6.75
0.83		6.66
1.16		7.61
1.09		7.53
1		7.47
0.9		7.42
0.78		7.39
0.95		7.39
0.95		7.3
0.95		7.22
0.97		7.12
0.98		7.03
0.94		6.97
0.91		6.9
0.87		6.85
0.77		7.39
0.77		7.32
0.77		7.24
0.76		7.18
0.75		7.11
0.74		7.04
0.71		6.97
0.68		6.91
0.65		6.85
0.66		6.85
0.69		6.8
0.73		6.75
0.82		6.66
1.15		7.61
1.09		7.53
1		7.47
0.9		7.41
0.78		7.38
0.95		7.38
0.95		7.3
0.95		7.22
0.97		7.12
0.97		7.03
0.94		6.96
0.91		6.9
0.87		6.85
0.77		7.38
0.77		7.32
0.77		7.24
0.76		7.18
0.75		7.11
0.73		7.04
0.71		6.97
0.68		6.91
0.65		6.85
0.66		6.85
0.69		6.8
0.73		6.74
0.82		6.66
1.15		7.61
1.09		7.53
1		7.46
0.9		7.41
0.78		7.38
0.94		7.38
0.95		7.3
0.95		7.22
0.96		7.12
0.97		7.02
0.94		6.96
0.9		6.9
0.87		6.84
0.77		7.38
0.77		7.31
0.77		7.24
0.76		7.18
0.75		7.1
0.73		7.03
0.71		6.97
0.68		6.9
0.65		6.84
0.66		6.84
0.69		6.8
0.73		6.74
0.82		6.66
1.15		7.6
1.09		7.52
1		7.46
0.9		7.41
0.78		7.38
0.94		7.38
0.95		7.3
0.95		7.21
0.96		7.12
0.97		7.02
0.94		6.96
0.9		6.9
0.87		6.84
0.77		7.38
0.77		7.31
0.77		7.24
0.76		7.17
0.75		7.1
0.73		7.03
0.71		6.97
0.68		6.9
0.65		6.84
0.65		6.84
0.69		6.8
0.73		6.74
0.81		6.66
1.15		7.6
1.09		7.52
1		7.46
0.89		7.41
0.78		7.38
0.94		7.38
0.95		7.29
0.95		7.21
0.96		7.11
0.97		7.02
0.93		6.96
0.9		6.9
0.86		6.84
0.77		7.38
0.77		7.31
0.77		7.24
0.76		7.17
0.75		7.1
0.73		7.03
0.71		6.96
0.68		6.9
0.64		6.84
0.65		6.84
0.69		6.79
0.72		6.74
0.81		6.66
1.15		7.6
1.09		7.52
1		7.46
0.89		7.4
0.78		7.38
0.94		7.38
0.94		7.29
0.94		7.21
0.96		7.11
0.97		7.02
0.93		6.96
0.9		6.9
0.86		6.84
0.77		7.38
0.77		7.31
0.77		7.23
0.76		7.17
0.75		7.1
0.73		7.03
0.7		6.96
0.68		6.9
0.64		6.84
0.65		6.84
0.69		6.79
0.72		6.74
0.81		6.66
1.14		7.6
1.08		7.52
0.99		7.45
0.89		7.4
0.77		7.37
0.94		7.37
0.94		7.29
0.94		7.21
0.96		7.11
0.96		7.02
0.93		6.96
0.89		6.9
0.86		6.84
0.77		7.37
0.77		7.3
0.77		7.23
0.75		7.17
0.75		7.1
0.73		7.03
0.7		6.96
0.68		6.9
0.64		6.84
0.65		6.84
0.68		6.79
0.72		6.74
0.8		6.66
1.14		7.59
1.08		7.51
0.99		7.45
0.89		7.4
0.77		7.37
0.94		7.37
0.94		7.29
0.94		7.2
0.95		7.11
0.96		7.01
0.93		6.95
0.89		6.89
0.85		6.84
0.77		7.37
0.77		7.3
0.77		7.23
0.75		7.17
0.74		7.09
0.73		7.02
0.7		6.96
0.67		6.9
0.64		6.84
0.65		6.84
0.68		6.79
0.72		6.74
0.8		6.66
1.14		7.59
1.08		7.51
0.99		7.45
0.89		7.4
0.77		7.37
0.94		7.37
0.94		7.28
0.94		7.2
0.95		7.11
0.96		7.01
0.92		6.95
0.89		6.89
0.85		6.84
0.77		7.37
0.77		7.3
0.77		7.23
0.75		7.16
0.74		7.09
0.73		7.02
0.7		6.96
0.67		6.9
0.64		6.84
0.65		6.84
0.68		6.79
0.72		6.74
0.8		6.66
1.14		7.59
1.08		7.51
0.99		7.45
0.88		7.39
0.77		7.37
0.93		7.37
0.94		7.28
0.94		7.2
0.95		7.1
0.96		7.01
0.92		6.95
0.89		6.89
0.85		6.84
0.77		7.37
0.77		7.3
0.77		7.23
0.75		7.16
0.74		7.09
0.73		7.02
0.7		6.96
0.67		6.89
0.64		6.84
0.64		6.84
0.68		6.79
0.71		6.74
0.79		6.66
1.14		7.59
1.08		7.51
0.99		7.44
0.88		7.39
0.77		7.36
0.93		7.36
0.94		7.28
0.94		7.2
0.95		7.1
0.96		7.01
0.92		6.95
0.88		6.89
0.85		6.83
0.77		7.36
0.77		7.3
0.76		7.22
0.75		7.16
0.74		7.09
0.73		7.02
0.7		6.95
0.67		6.89
0.64		6.83
0.64		6.83
0.68		6.79
0.71		6.74
0.79		6.66
1.13		7.58
1.07		7.5
0.98		7.44
0.88		7.39
0.77		7.36
0.93		7.36
0.94		7.28
0.93		7.2
0.95		7.1
0.95		7.01
0.92		6.95
0.88		6.89
0.84		6.83
0.77		7.36
0.77		7.29
0.76		7.22
0.75		7.16
0.74		7.09
0.72		7.02
0.7		6.95
0.67		6.89
0.63		6.83
0.64		6.83
0.67		6.79
0.71		6.74
0.79		6.66
1.13		7.58
1.07		7.5
0.98		7.44
0.88		7.39
0.76		7.36
0.93		7.36
0.93		7.28
0.93		7.19
0.95		7.1
0.95		7
0.92		6.95
0.88		6.89
0.84		6.83
0.76		7.36
0.76		7.29
0.76		7.22
0.75		7.16
0.74		7.09
0.72		7.02
0.7		6.95
0.67		6.89
0.63		6.83
0.64		6.83
0.67		6.79
0.71		6.74
0.78		6.66
1.13		7.58
1.07		7.5
0.98		7.44
0.88		7.38
0.76		7.36
0.93		7.36
0.93		7.27
0.93		7.19
0.94		7.1
0.95		7
0.91		6.94
0.88		6.89
0.84		6.83
0.76		7.36
0.76		7.29
0.76		7.22
0.75		7.15
0.74		7.08
0.72		7.01
0.69		6.95
0.67		6.89
0.63		6.83
0.64		6.83
0.67		6.79
0.7		6.74
0.78		6.66
1.13		7.58
1.07		7.5
0.98		7.43
0.88		7.38
0.76		7.36
0.93		7.36
0.93		7.27
0.93		7.19
0.94		7.09
0.95		7
0.91		6.94
0.87		6.88
0.84		6.83
0.76		7.36
0.76		7.29
0.76		7.21
0.75		7.15
0.74		7.08
0.72		7.01
0.69		6.95
0.67		6.89
0.63		6.83
0.64		6.83
0.67		6.78
0.7		6.74
0.77		6.66
1.13		7.57
1.07		7.49
0.98		7.43
0.87		7.38
0.76		7.35
0.93		7.35
0.93		7.27
0.93		7.19
0.94		7.09
0.95		7
0.91		6.94
0.87		6.88
0.83		6.83
0.76		7.35
0.76		7.28
0.76		7.21
0.75		7.15
0.74		7.08
0.72		7.01
0.69		6.95
0.66		6.89
0.63		6.83
0.63		6.83
0.67		6.78
0.7		6.74
0.77		6.66
1.13		7.57
1.07		7.49
0.98		7.43
0.87		7.38
0.76		7.35
0.92		7.35
0.93		7.27
0.93		7.18
0.94		7.09
0.94		7
0.91		6.94
0.87		6.88
0.83		6.83
0.76		7.35
0.76		7.28
0.76		7.21
0.75		7.15
0.74		7.08
0.72		7.01
0.69		6.95
0.66		6.88
0.63		6.83
0.63		6.83
0.66		6.78
0.7		6.73
0.77		6.66
1.12		7.57
1.06		7.49
0.97		7.43
0.87		7.38
0.75		7.35
0.92		7.35
0.93		7.26
0.92		7.18
0.94		7.09
0.94		7
0.9		6.94
0.87		6.88
0.83		6.83
0.76		7.35
0.76		7.28
0.76		7.21
0.75		7.15
0.73		7.08
0.72		7.01
0.69		6.94
0.66		6.88
0.62		6.83
0.63		6.83
0.66		6.78
0.69		6.73
0.76		6.66
1.12		7.57
1.06		7.49
0.97		7.42
0.87		7.37
0.75		7.35
0.92		7.35
0.93		7.26
0.92		7.18
0.94		7.08
0.94		6.99
0.9		6.94
0.86		6.88
0.82		6.82
0.76		7.35
0.76		7.28
0.76		7.21
0.74		7.14
0.73		7.07
0.72		7
0.69		6.94
0.66		6.88
0.62		6.82
0.63		6.82
0.66		6.78
0.69		6.73
0.76		6.66
1.12		7.56
1.06		7.48
0.97		7.42
0.87		7.37
0.75		7.34
0.92		7.34
0.92		7.26
0.92		7.18
0.93		7.08
0.94		6.99
0.9		6.93
0.86		6.88
0.82		6.82
0.76		7.34
0.76		7.28
0.76		7.2
0.74		7.14
0.73		7.07
0.72		7
0.69		6.94
0.66		6.88
0.62		6.82
0.63		6.82
0.66		6.78
0.69		6.73
0.76		6.66
1.12		7.56
1.06		7.48
0.97		7.42
0.86		7.37
0.75		7.34
0.92		7.34
0.92		7.26
0.92		7.18
0.93		7.08
0.93		6.99
0.9		6.93
0.86		6.88
0.82		6.82
0.76		7.34
0.76		7.27
0.76		7.2
0.74		7.14
0.73		7.07
0.71		7
0.69		6.94
0.66		6.88
0.62		6.82
0.63		6.82
0.66		6.78
0.69		6.73
0.75		6.66
1.12		7.56
1.06		7.48
0.97		7.42
0.86		7.37
0.75		7.34
0.92		7.34
0.92		7.25
0.92		7.17
0.93		7.08
0.93		6.99
0.89		6.93
0.86		6.87
0.82		6.82
0.76		7.34
0.76		7.27
0.75		7.2
0.74		7.14
0.73		7.07
0.71		7
0.68		6.94
0.66		6.88
0.62		6.82
0.62		6.82
0.66		6.78
0.68		6.73
0.75		6.66
1.11		7.55
1.05		7.48
0.96		7.41
0.86		7.36
0.75		7.34
0.92		7.34
0.92		7.25
0.92		7.17
0.93		7.08
0.93		6.99
0.89		6.93
0.85		6.87
0.81		6.82
0.76		7.34
0.76		7.27
0.75		7.2
0.74		7.14
0.73		7.07
0.71		7
0.68		6.94
0.65		6.88
0.62		6.82
0.62		6.82
0.65		6.78
0.68		6.73
0.75		6.66
1.11		7.55
1.05		7.47
0.96		7.41
0.86		7.36
0.74		7.33
0.91		7.33
0.92		7.25
0.91		7.17
0.93		7.07
0.93		6.98
0.89		6.93
0.85		6.87
0.81		6.82
0.76		7.33
0.76		7.27
0.75		7.2
0.74		7.13
0.73		7.06
0.71		7
0.68		6.93
0.65		6.87
0.61		6.82
0.62		6.82
0.65		6.78
0.68		6.73
0.74		6.66
1.11		7.55
1.05		7.47
0.96		7.41
0.86		7.36
0.74		7.33
0.91		7.33
0.92		7.25
0.91		7.17
0.92		7.07
0.93		6.98
0.89		6.92
0.85		6.87
0.81		6.82
0.75		7.33
0.75		7.26
0.75		7.19
0.74		7.13
0.73		7.06
0.71		6.99
0.68		6.93
0.65		6.87
0.61		6.82
0.62		6.82
0.65		6.77
0.68		6.73
0.74		6.66
1.11		7.55
1.05		7.47
0.96		7.41
0.85		7.36
0.74		7.33
0.91		7.33
0.91		7.25
0.91		7.16
0.92		7.07
0.92		6.98
0.89		6.92
0.85		6.87
0.8		6.82
0.75		7.33
0.75		7.26
0.75		7.19
0.74		7.13
0.73		7.06
0.71		6.99
0.68		6.93
0.65		6.87
0.61		6.82
0.62		6.82
0.65		6.77
0.68		6.73
0.74		6.66
1.11		7.54
1.05		7.47
0.96		7.4
0.85		7.35
0.74		7.33
0.91		7.33
0.91		7.24
0.91		7.16
0.92		7.07
0.92		6.98
0.88		6.92
0.84		6.87
0.8		6.82
0.75		7.33
0.75		7.26
0.75		7.19
0.74		7.13
0.73		7.06
0.71		6.99
0.68		6.93
0.65		6.87
0.61		6.82
0.62		6.82
0.65		6.77
0.67		6.73
0.73		6.66
1.1		7.54
1.04		7.46
0.96		7.4
0.85		7.35
0.74		7.32
0.91		7.32
0.91		7.24
0.91		7.16
0.92		7.07
0.92		6.98
0.88		6.92
0.84		6.86
0.8		6.81
0.75		7.32
0.75		7.26
0.75		7.19
0.74		7.13
0.72		7.06
0.71		6.99
0.68		6.93
0.65		6.87
0.61		6.81
0.61		6.81
0.64		6.77
0.67		6.73
0.73		6.66
1.1		7.54
1.04		7.46
0.95		7.4
0.85		7.35
0.74		7.32
0.91		7.32
0.91		7.24
0.91		7.16
0.92		7.06
0.92		6.97
0.88		6.92
0.84		6.86
0.8		6.81
0.75		7.32
0.75		7.25
0.75		7.18
0.73		7.12
0.72		7.05
0.71		6.99
0.68		6.93
0.64		6.87
0.61		6.81
0.61		6.81
0.64		6.77
0.67		6.73
0.73		6.66
1.1		7.54
1.04		7.46
0.95		7.4
0.85		7.35
0.73		7.32
0.91		7.32
0.91		7.24
0.9		7.15
0.92		7.06
0.92		6.97
0.88		6.92
0.84		6.86
0.79		6.81
0.75		7.32
0.75		7.25
0.75		7.18
0.73		7.12
0.72		7.05
0.7		6.98
0.67		6.92
0.64		6.87
0.6		6.81
0.61		6.81
0.64		6.77
0.67		6.73
0.72		6.66
1.1		7.53
1.04		7.46
0.95		7.39
0.85		7.34
0.73		7.32
0.9		7.32
0.91		7.23
0.9		7.15
0.91		7.06
0.91		6.97
0.87		6.91
0.83		6.86
0.79		6.81
0.75		7.32
0.75		7.25
0.75		7.18
0.73		7.12
0.72		7.05
0.7		6.98
0.67		6.92
0.64		6.86
0.6		6.81
0.61		6.81
0.64		6.77
0.66		6.73
0.72		6.66
1.1		7.53
1.04		7.45
0.95		7.39
0.84		7.34
0.73		7.31
0.9		7.31
0.91		7.23
0.9		7.15
0.91		7.06
0.91		6.97
0.87		6.91
0.83		6.86
0.79		6.81
0.75		7.31
0.75		7.25
0.74		7.18
0.73		7.12
0.72		7.05
0.7		6.98
0.67		6.92
0.64		6.86
0.6		6.81
0.61		6.81
0.63		6.77
0.66		6.73
0.71		6.66
1.09		7.53
1.04		7.45
0.95		7.39
0.84		7.34
0.73		7.31
0.9		7.31
0.9		7.23
0.9		7.15
0.91		7.05
0.91		6.97
0.87		6.91
0.83		6.86
0.78		6.81
0.75		7.31
0.75		7.25
0.74		7.17
0.73		7.11
0.72		7.05
0.7		6.98
0.67		6.92
0.64		6.86
0.6		6.81
0.6		6.81
0.63		6.77
0.66		6.72
0.71		6.66
1.09		7.53
1.03		7.45
0.94		7.39
0.84		7.34
0.73		7.31
0.9		7.31
0.9		7.23
0.9		7.15
0.91		7.05
0.91		6.96
0.87		6.91
0.82		6.86
0.78		6.81
0.75		7.31
0.75		7.24
0.74		7.17
0.73		7.11
0.72		7.04
0.7		6.98
0.67		6.92
0.64		6.86
0.6		6.81
0.6		6.81
0.63		6.77
0.66		6.72
0.71		6.66
1.09		7.52
1.03		7.45
0.94		7.38
0.84		7.33
0.72		7.31
0.9		7.31
0.9		7.22
0.9		7.14
0.91		7.05
0.9		6.96
0.86		6.91
0.82		6.85
0.78		6.81
0.74		7.31
0.74		7.24
0.74		7.17
0.73		7.11
0.72		7.04
0.7		6.98
0.67		6.92
0.64		6.86
0.59		6.81
0.6		6.81
0.63		6.77
0.65		6.72
0.7		6.66
1.09		7.52
1.03		7.44
0.94		7.38
0.84		7.33
0.72		7.3
0.9		7.3
0.9		7.22
0.89		7.14
0.9		7.05
0.9		6.96
0.86		6.91
0.82		6.85
0.78		6.8
0.74		7.3
0.74		7.24
0.74		7.17
0.73		7.11
0.72		7.04
0.7		6.97
0.67		6.91
0.63		6.86
0.59		6.8
0.6		6.8
0.63		6.76
0.65		6.72
0.7		6.66
1.09		7.52
1.03		7.44
0.94		7.38
0.83		7.33
0.72		7.3
0.9		7.3
0.9		7.22
0.89		7.14
0.9		7.05
0.9		6.96
0.86		6.9
0.82		6.85
0.77		6.8
0.74		7.3
0.74		7.24
0.74		7.17
0.73		7.11
0.71		7.04
0.7		6.97
0.66		6.91
0.63		6.85
0.59		6.8
0.6		6.8
0.62		6.76
0.65		6.72
0.7		6.66
1.08		7.51
1.03		7.44
0.94		7.38
0.83		7.33
0.72		7.3
0.89		7.3
0.9		7.22
0.89		7.14
0.9		7.04
0.9		6.96
0.86		6.9
0.81		6.85
0.77		6.8
0.74		7.3
0.74		7.23
0.74		7.16
0.73		7.1
0.71		7.04
0.69		6.97
0.66		6.91
0.63		6.85
0.59		6.8
0.59		6.8
0.62		6.76
0.65		6.72
0.69		6.66
1.08		7.51
1.02		7.43
0.93		7.37
0.83		7.32
0.72		7.3
0.89		7.3
0.89		7.21
0.89		7.13
0.9		7.04
0.9		6.95
0.85		6.9
0.81		6.85
0.77		6.8
0.74		7.3
0.74		7.23
0.74		7.16
0.72		7.1
0.71		7.03
0.69		6.97
0.66		6.91
0.63		6.85
0.59		6.8
0.59		6.8
0.62		6.76
0.64		6.72
0.69		6.66
1.08		7.51
1.02		7.43
0.93		7.37
0.83		7.32
0.72		7.29
0.89		7.29
0.89		7.21
0.89		7.13
0.9		7.04
0.89		6.95
0.85		6.9
0.81		6.85
0.76		6.8
0.74		7.29
0.74		7.23
0.74		7.16
0.72		7.1
0.71		7.03
0.69		6.97
0.66		6.91
0.63		6.85
0.59		6.8
0.59		6.8
0.62		6.76
0.64		6.72
0.69		6.66
1.08		7.51
1.02		7.43
0.93		7.37
0.83		7.32
0.71		7.29
0.89		7.29
0.89		7.21
0.89		7.13
0.89		7.04
0.89		6.95
0.85		6.9
0.81		6.85
0.76		6.8
0.74		7.29
0.74		7.23
0.74		7.16
0.72		7.1
0.71		7.03
0.69		6.96
0.66		6.91
0.63		6.85
0.58		6.8
0.59		6.8
0.62		6.76
0.64		6.72
0.68		6.66
1.08		7.5
1.02		7.43
0.93		7.36
0.82		7.31
0.71		7.29
0.89		7.29
0.89		7.21
0.88		7.13
0.89		7.04
0.89		6.95
0.85		6.9
0.8		6.84
0.76		6.8
0.74		7.29
0.74		7.22
0.73		7.15
0.72		7.1
0.71		7.03
0.69		6.96
0.66		6.9
0.62		6.85
0.58		6.8
0.59		6.8
0.61		6.76
0.64		6.72
0.68		6.66
1.07		7.5
1.02		7.42
0.93		7.36
0.82		7.31
0.71		7.29
0.89		7.29
0.89		7.2
0.88		7.12
0.89		7.03
0.89		6.95
0.84		6.89
0.8		6.84
0.76		6.8
0.74		7.29
0.74		7.22
0.73		7.15
0.72		7.09
0.71		7.03
0.69		6.96
0.66		6.9
0.62		6.85
0.58		6.8
0.59		6.8
0.61		6.76
0.63		6.72
0.68		6.66
1.07		7.5
1.01		7.42
0.92		7.36
0.82		7.31
0.71		7.28
0.89		7.28
0.89		7.2
0.88		7.12
0.89		7.03
0.88		6.94
0.84		6.89
0.8		6.84
0.75		6.79
0.73		7.28
0.73		7.22
0.73		7.15
0.72		7.09
0.71		7.02
0.69		6.96
0.65		6.9
0.62		6.84
0.58		6.79
0.58		6.79
0.61		6.76
0.63		6.72
0.67		6.66
1.07		7.49
1.01		7.42
0.92		7.36
0.82		7.31
0.71		7.28
0.88		7.28
0.88		7.2
0.88		7.12
0.89		7.03
0.88		6.94
0.84		6.89
0.79		6.84
0.75		6.79
0.73		7.28
0.73		7.22
0.73		7.15
0.72		7.09
0.71		7.02
0.69		6.96
0.65		6.9
0.62		6.84
0.58		6.79
0.58		6.79
0.61		6.76
0.63		6.72
0.67		6.66
1.07		7.49
1.01		7.41
0.92		7.35
0.82		7.3
0.7		7.28
0.88		7.28
0.88		7.2
0.88		7.12
0.88		7.03
0.88		6.94
0.84		6.89
0.79		6.84
0.75		6.79
0.73		7.28
0.73		7.21
0.73		7.15
0.72		7.09
0.7		7.02
0.68		6.95
0.65		6.9
0.62		6.84
0.57		6.79
0.58		6.79
0.6		6.76
0.62		6.72
0.67		6.66
1.07		7.49
1.01		7.41
0.92		7.35
0.82		7.3
0.7		7.28
0.88		7.28
0.88		7.19
0.88		7.12
0.88		7.02
0.88		6.94
0.83		6.89
0.79		6.84
0.74		6.79
0.73		7.28
0.73		7.21
0.73		7.14
0.72		7.08
0.7		7.02
0.68		6.95
0.65		6.89
0.61		6.84
0.57		6.79
0.58		6.79
0.6		6.75
0.62		6.72
0.66		6.66
1.06		7.49
1.01		7.41
0.92		7.35
0.81		7.3
0.7		7.27
0.88		7.27
0.88		7.19
0.87		7.11
0.88		7.02
0.87		6.94
0.83		6.88
0.79		6.83
0.74		6.79
0.73		7.27
0.73		7.21
0.73		7.14
0.71		7.08
0.7		7.01
0.68		6.95
0.65		6.89
0.61		6.84
0.57		6.79
0.58		6.79
0.6		6.75
0.62		6.72
0.66		6.66
1.06		7.48
1		7.41
0.91		7.35
0.81		7.3
0.7		7.27
0.88		7.27
0.88		7.19
0.87		7.11
0.88		7.02
0.87		6.94
0.83		6.88
0.78		6.83
0.74		6.79
0.73		7.27
0.73		7.21
0.73		7.14
0.71		7.08
0.7		7.01
0.68		6.95
0.65		6.89
0.61		6.84
0.57		6.79
0.57		6.79
0.6		6.75
0.62		6.72
0.65		6.66
1.06		7.48
1		7.4
0.91		7.34
0.81		7.29
0.7		7.27
0.88		7.27
0.88		7.19
0.87		7.11
0.87		7.02
0.87		6.93
0.83		6.88
0.78		6.83
0.74		6.79
0.73		7.27
0.73		7.2
0.73		7.14
0.71		7.08
0.7		7.01
0.68		6.95
0.64		6.89
0.61		6.84
0.57		6.79
0.57		6.79
0.6		6.75
0.61		6.71
0.65		6.66
1.06		7.48
1		7.4
0.91		7.34
0.81		7.29
0.69		7.27
0.87		7.27
0.87		7.18
0.87		7.11
0.87		7.02
0.87		6.93
0.82		6.88
0.78		6.83
0.73		6.79
0.73		7.27
0.73		7.2
0.72		7.13
0.71		7.07
0.7		7.01
0.68		6.94
0.64		6.89
0.61		6.83
0.56		6.79
0.57		6.79
0.59		6.75
0.61		6.71
0.65		6.66
1.06		7.47
1		7.4
0.91		7.34
0.81		7.29
0.69		7.26
0.87		7.26
0.87		7.18
0.87		7.1
0.87		7.01
0.86		6.93
0.82		6.88
0.77		6.83
0.73		6.79
0.72		7.26
0.73		7.2
0.72		7.13
0.71		7.07
0.7		7.01
0.68		6.94
0.64		6.89
0.61		6.83
0.56		6.79
0.57		6.79
0.59		6.75
0.61		6.71
0.64		6.66
1.05		7.47
1		7.4
0.91		7.33
0.8		7.29
0.69		7.26
0.87		7.26
0.87		7.18
0.86		7.1
0.87		7.01
0.86		6.93
0.82		6.88
0.77		6.83
0.73		6.78
0.72		7.26
0.73		7.2
0.72		7.13
0.71		7.07
0.7		7
0.67		6.94
0.64		6.88
0.6		6.83
0.56		6.78
0.56		6.78
0.59		6.75
0.61		6.71
0.64		6.66
1.05		7.47
0.99		7.39
0.9		7.33
0.8		7.28
0.69		7.26
0.87		7.26
0.87		7.18
0.86		7.1
0.87		7.01
0.86		6.93
0.81		6.87
0.77		6.83
0.72		6.78
0.72		7.26
0.72		7.19
0.72		7.13
0.71		7.07
0.69		7
0.67		6.94
0.64		6.88
0.6		6.83
0.56		6.78
0.56		6.78
0.59		6.75
0.6		6.71
0.64		6.66
1.05		7.47
0.99		7.39
0.9		7.33
0.8		7.28
0.69		7.26
0.87		7.26
0.87		7.17
0.86		7.1
0.86		7.01
0.86		6.92
0.81		6.87
0.77		6.82
0.72		6.78
0.72		7.26
0.72		7.19
0.72		7.12
0.71		7.07
0.69		7
0.67		6.94
0.64		6.88
0.6		6.83
0.56		6.78
0.56		6.78
0.58		6.75
0.6		6.71
0.63		6.66
1.05		7.46
0.99		7.39
0.9		7.33
0.8		7.28
0.68		7.25
0.87		7.25
0.87		7.17
0.86		7.09
0.86		7
0.85		6.92
0.81		6.87
0.76		6.82
0.72		6.78
0.72		7.25
0.72		7.19
0.72		7.12
0.71		7.06
0.69		7
0.67		6.94
0.64		6.88
0.6		6.83
0.55		6.78
0.56		6.78
0.58		6.75
0.6		6.71
0.63		6.66
1.04		7.46
0.99		7.38
0.9		7.32
0.79		7.27
0.68		7.25
0.87		7.25
0.86		7.17
0.86		7.09
0.86		7
0.85		6.92
0.81		6.87
0.76		6.82
0.71		6.78
0.72		7.25
0.72		7.19
0.72		7.12
0.7		7.06
0.69		7
0.67		6.93
0.63		6.88
0.6		6.83
0.55		6.78
0.56		6.78
0.58		6.75
0.6		6.71
0.63		6.66
1.04		7.46
0.98		7.38
0.9		7.32
0.79		7.27
0.68		7.25
0.86		7.25
0.86		7.17
0.85		7.09
0.86		7
0.85		6.92
0.8		6.87
0.76		6.82
0.71		6.78
0.72		7.25
0.72		7.18
0.72		7.12
0.7		7.06
0.69		6.99
0.67		6.93
0.63		6.88
0.59		6.82
0.55		6.78
0.55		6.78
0.58		6.74
0.59		6.71
0.62		6.66
1.04		7.45
0.98		7.38
0.89		7.32
0.79		7.27
0.68		7.24
0.86		7.24
0.86		7.16
0.85		7.09
0.86		7
0.85		6.92
0.8		6.87
0.75		6.82
0.71		6.78
0.71		7.24
0.72		7.18
0.71		7.11
0.7		7.06
0.69		6.99
0.67		6.93
0.63		6.87
0.59		6.82
0.55		6.78
0.55		6.78
0.57		6.74
0.59		6.71
0.62		6.66
1.04		7.45
0.98		7.38
0.89		7.31
0.79		7.27
0.68		7.24
0.86		7.24
0.86		7.16
0.85		7.08
0.85		7
0.84		6.91
0.8		6.86
0.75		6.82
0.7		6.78
0.71		7.24
0.72		7.18
0.71		7.11
0.7		7.05
0.69		6.99
0.66		6.93
0.63		6.87
0.59		6.82
0.55		6.78
0.55		6.78
0.57		6.74
0.59		6.71
0.62		6.66
1.04		7.45
0.98		7.37
0.89		7.31
0.79		7.26
0.67		7.24
0.86		7.24
0.86		7.16
0.85		7.08
0.85		6.99
0.84		6.91
0.8		6.86
0.75		6.82
0.7		6.78
0.71		7.24
0.71		7.18
0.71		7.11
0.7		7.05
0.69		6.99
0.66		6.93
0.63		6.87
0.59		6.82
0.54		6.78
0.55		6.78
0.57		6.74
0.58		6.71
0.61		6.66
1.03		7.45
0.98		7.37
0.89		7.31
0.78		7.26
0.67		7.24
0.86		7.24
0.86		7.16
0.85		7.08
0.85		6.99
0.84		6.91
0.79		6.86
0.75		6.81
0.7		6.77
0.71		7.24
0.71		7.17
0.71		7.11
0.7		7.05
0.68		6.99
0.66		6.92
0.62		6.87
0.59		6.82
0.54		6.77
0.55		6.77
0.57		6.74
0.58		6.71
0.61		6.66
1.03		7.44
0.97		7.37
0.89		7.31
0.78		7.26
0.67		7.23
0.86		7.23
0.85		7.15
0.84		7.08
0.85		6.99
0.84		6.91
0.79		6.86
0.74		6.81
0.7		6.77
0.71		7.23
0.71		7.17
0.71		7.1
0.7		7.05
0.68		6.98
0.66		6.92
0.62		6.87
0.59		6.82
0.54		6.77
0.54		6.77
0.56		6.74
0.58		6.71
0.61		6.66
1.03		7.44
0.97		7.36
0.88		7.3
0.78		7.26
0.67		7.23
0.85		7.23
0.85		7.15
0.84		7.07
0.84		6.99
0.83		6.91
0.79		6.86
0.74		6.81
0.69		6.77
0.71		7.23
0.71		7.17
0.71		7.1
0.7		7.04
0.68		6.98
0.66		6.92
0.62		6.87
0.58		6.82
0.54		6.77
0.54		6.77
0.56		6.74
0.58		6.71
0.6		6.66
1.03		7.44
0.97		7.36
0.88		7.3
0.78		7.25
0.67		7.23
0.85		7.23
0.85		7.15
0.84		7.07
0.84		6.99
0.83		6.9
0.78		6.86
0.74		6.81
0.69		6.77
0.71		7.23
0.71		7.16
0.71		7.1
0.69		7.04
0.68		6.98
0.66		6.92
0.62		6.86
0.58		6.82
0.54		6.77
0.54		6.77
0.56		6.74
0.57		6.71
0.6		6.66
1.03		7.43
0.97		7.36
0.88		7.3
0.78		7.25
0.66		7.23
0.85		7.23
0.85		7.15
0.84		7.07
0.84		6.98
0.83		6.9
0.78		6.85
0.73		6.81
0.69		6.77
0.71		7.23
0.71		7.16
0.71		7.1
0.69		7.04
0.68		6.98
0.65		6.92
0.62		6.86
0.58		6.81
0.53		6.77
0.54		6.77
0.56		6.74
0.57		6.71
0.59		6.66
1.02		7.43
0.97		7.35
0.88		7.29
0.77		7.25
0.66		7.22
0.85		7.22
0.85		7.14
0.84		7.07
0.84		6.98
0.83		6.9
0.78		6.85
0.73		6.81
0.68		6.77
0.7		7.22
0.71		7.16
0.7		7.09
0.69		7.04
0.68		6.97
0.65		6.91
0.62		6.86
0.58		6.81
0.53		6.77
0.53		6.77
0.55		6.74
0.57		6.7
0.59		6.66
1.02		7.43
0.96		7.35
0.88		7.29
0.77		7.24
0.66		7.22
0.85		7.22
0.84		7.14
0.83		7.06
0.83		6.98
0.82		6.9
0.77		6.85
0.73		6.81
0.68		6.77
0.7		7.22
0.7		7.16
0.7		7.09
0.69		7.04
0.68		6.97
0.65		6.91
0.61		6.86
0.58		6.81
0.53		6.77
0.53		6.77
0.55		6.74
0.56		6.7
0.59		6.66
1.02		7.42
0.96		7.35
0.87		7.29
0.77		7.24
0.66		7.22
0.84		7.22
0.84		7.14
0.83		7.06
0.83		6.98
0.82		6.9
0.77		6.85
0.72		6.8
0.68		6.77
0.7		7.22
0.7		7.15
0.7		7.09
0.69		7.03
0.67		6.97
0.65		6.91
0.61		6.86
0.57		6.81
0.53		6.77
0.53		6.77
0.55		6.74
0.56		6.7
0.58		6.66
1.02		7.42
0.96		7.35
0.87		7.29
0.77		7.24
0.66		7.21
0.84		7.21
0.84		7.14
0.83		7.06
0.83		6.97
0.82		6.89
0.77		6.85
0.72		6.8
0.67		6.77
0.7		7.21
0.7		7.15
0.7		7.09
0.69		7.03
0.67		6.97
0.65		6.91
0.61		6.86
0.57		6.81
0.53		6.77
0.53		6.77
0.55		6.73
0.56		6.7
0.58		6.66
1.01		7.42
0.96		7.34
0.87		7.28
0.77		7.24
0.65		7.21
0.84		7.21
0.84		7.13
0.83		7.06
0.83		6.97
0.81		6.89
0.77		6.85
0.72		6.8
0.67		6.76
0.7		7.21
0.7		7.15
0.7		7.08
0.69		7.03
0.67		6.97
0.65		6.91
0.61		6.85
0.57		6.81
0.52		6.76
0.53		6.76
0.54		6.73
0.56		6.7
0.58		6.66
1.01		7.41
0.96		7.34
0.87		7.28
0.76		7.23
0.65		7.21
0.84		7.21
0.84		7.13
0.82		7.05
0.82		6.97
0.81		6.89
0.76		6.84
0.71		6.8
0.67		6.76
0.7		7.21
0.7		7.15
0.7		7.08
0.68		7.03
0.67		6.96
0.64		6.91
0.61		6.85
0.57		6.81
0.52		6.76
0.52		6.76
0.54		6.73
0.55		6.7
0.57		6.66
1.01		7.41
0.95		7.34
0.86		7.28
0.76		7.23
0.65		7.21
0.84		7.21
0.83		7.13
0.82		7.05
0.82		6.97
0.81		6.89
0.76		6.84
0.71		6.8
0.66		6.76
0.7		7.21
0.7		7.14
0.7		7.08
0.68		7.02
0.67		6.96
0.64		6.9
0.61		6.85
0.57		6.8
0.52		6.76
0.52		6.76
0.54		6.73
0.55		6.7
0.57		6.66
1.01		7.41
0.95		7.33
0.86		7.27
0.76		7.23
0.65		7.2
0.83		7.2
0.83		7.12
0.82		7.05
0.82		6.96
0.81		6.89
0.76		6.84
0.71		6.8
0.66		6.76
0.7		7.2
0.7		7.14
0.69		7.08
0.68		7.02
0.67		6.96
0.64		6.9
0.6		6.85
0.56		6.8
0.52		6.76
0.52		6.76
0.54		6.73
0.55		6.7
0.57		6.66
1.01		7.41
0.95		7.33
0.86		7.27
0.76		7.22
0.65		7.2
0.83		7.2
0.83		7.12
0.82		7.05
0.82		6.96
0.8		6.88
0.75		6.84
0.7		6.8
0.66		6.76
0.69		7.2
0.69		7.14
0.69		7.07
0.68		7.02
0.67		6.96
0.64		6.9
0.6		6.85
0.56		6.8
0.51		6.76
0.52		6.76
0.53		6.73
0.54		6.7
0.56		6.66
1		7.4
0.95		7.33
0.86		7.27
0.75		7.22
0.64		7.2
0.83		7.2
0.83		7.12
0.82		7.04
0.81		6.96
0.8		6.88
0.75		6.84
0.7		6.79
0.65		6.76
0.69		7.2
0.69		7.14
0.69		7.07
0.68		7.02
0.66		6.96
0.64		6.9
0.6		6.85
0.56		6.8
0.51		6.76
0.51		6.76
0.53		6.73
0.54		6.7
0.56		6.66
1		7.4
0.94		7.32
0.86		7.26
0.75		7.22
0.64		7.19
0.83		7.19
0.83		7.12
0.81		7.04
0.81		6.96
0.8		6.88
0.75		6.84
0.7		6.79
0.65		6.76
0.69		7.19
0.69		7.13
0.69		7.07
0.68		7.01
0.66		6.95
0.64		6.9
0.6		6.84
0.56		6.8
0.51		6.76
0.51		6.76
0.53		6.73
0.54		6.7
0.56		6.66
1		7.4
0.94		7.32
0.85		7.26
0.75		7.21
0.64		7.19
0.83		7.19
0.82		7.11
0.81		7.04
0.81		6.96
0.79		6.88
0.74		6.83
0.69		6.79
0.65		6.76
0.69		7.19
0.69		7.13
0.69		7.07
0.68		7.01
0.66		6.95
0.64		6.89
0.6		6.84
0.56		6.8
0.51		6.76
0.51		6.76
0.53		6.73
0.54		6.7
0.55		6.66
1		7.39
0.94		7.32
0.85		7.26
0.75		7.21
0.64		7.19
0.82		7.19
0.82		7.11
0.81		7.04
0.81		6.95
0.79		6.88
0.74		6.83
0.69		6.79
0.64		6.76
0.69		7.19
0.69		7.13
0.68		7.06
0.68		7.01
0.66		6.95
0.63		6.89
0.59		6.84
0.55		6.8
0.51		6.76
0.51		6.76
0.52		6.73
0.53		6.7
0.55		6.66
0.99		7.39
0.94		7.31
0.85		7.26
0.75		7.21
0.64		7.19
0.82		7.19
0.82		7.11
0.81		7.03
0.8		6.95
0.79		6.87
0.74		6.83
0.69		6.79
0.64		6.75
0.69		7.19
0.69		7.12
0.68		7.06
0.67		7.01
0.66		6.95
0.63		6.89
0.59		6.84
0.55		6.79
0.5		6.75
0.5		6.75
0.52		6.73
0.53		6.7
0.55		6.66
0.99		7.39
0.94		7.31
0.85		7.25
0.74		7.21
0.63		7.18
0.82		7.18
0.82		7.11
0.81		7.03
0.8		6.95
0.78		6.87
0.73		6.83
0.68		6.79
0.63		6.75
0.69		7.18
0.69		7.12
0.68		7.06
0.67		7.01
0.66		6.95
0.63		6.89
0.59		6.84
0.55		6.79
0.5		6.75
0.5		6.75
0.52		6.73
0.53		6.7
0.54		6.66
0.99		7.38
0.93		7.31
0.84		7.25
0.74		7.2
0.63		7.18
0.82		7.18
0.82		7.1
0.8		7.03
0.8		6.95
0.78		6.87
0.73		6.83
0.68		6.79
0.63		6.75
0.68		7.18
0.68		7.12
0.68		7.06
0.67		7
0.65		6.94
0.63		6.89
0.59		6.84
0.55		6.79
0.5		6.75
0.5		6.75
0.52		6.73
0.52		6.7
0.54		6.66
0.99		7.38
0.93		7.3
0.84		7.25
0.74		7.2
0.63		7.18
0.82		7.18
0.81		7.1
0.8		7.03
0.8		6.94
0.78		6.87
0.73		6.83
0.68		6.79
0.63		6.75
0.68		7.18
0.68		7.12
0.68		7.05
0.67		7
0.65		6.94
0.63		6.88
0.59		6.84
0.55		6.79
0.5		6.75
0.5		6.75
0.51		6.72
0.52		6.7
0.53		6.66
0.98		7.38
0.93		7.3
0.84		7.24
0.74		7.2
0.63		7.17
0.82		7.17
0.81		7.1
0.8		7.02
0.79		6.94
0.78		6.87
0.72		6.82
0.67		6.78
0.62		6.75
0.68		7.17
0.68		7.11
0.68		7.05
0.67		7
0.65		6.94
0.62		6.88
0.59		6.83
0.54		6.79
0.49		6.75
0.5		6.75
0.51		6.72
0.52		6.7
0.53		6.66
0.98		7.37
0.93		7.3
0.84		7.24
0.73		7.19
0.63		7.17
0.81		7.17
0.81		7.09
0.8		7.02
0.79		6.94
0.77		6.86
0.72		6.82
0.67		6.78
0.62		6.75
0.68		7.17
0.68		7.11
0.67		7.05
0.66		7
0.65		6.94
0.62		6.88
0.58		6.83
0.54		6.79
0.49		6.75
0.49		6.75
0.51		6.72
0.52		6.7
0.53		6.66
0.98		7.37
0.92		7.3
0.84		7.24
0.73		7.19
0.62		7.17
0.81		7.17
0.81		7.09
0.79		7.02
0.79		6.94
0.77		6.86
0.72		6.82
0.67		6.78
0.62		6.75
0.68		7.17
0.68		7.11
0.67		7.05
0.66		6.99
0.65		6.93
0.62		6.88
0.58		6.83
0.54		6.79
0.49		6.75
0.49		6.75
0.51		6.72
0.51		6.7
0.52		6.66
0.98		7.37
0.92		7.29
0.83		7.23
0.73		7.19
0.62		7.16
0.81		7.16
0.81		7.09
0.79		7.02
0.79		6.93
0.77		6.86
0.72		6.82
0.66		6.78
0.61		6.75
0.68		7.16
0.68		7.11
0.67		7.04
0.66		6.99
0.65		6.93
0.62		6.88
0.58		6.83
0.54		6.78
0.49		6.75
0.49		6.75
0.5		6.72
0.51		6.7
0.52		6.66
0.97		7.36
0.92		7.29
0.83		7.23
0.73		7.18
0.62		7.16
0.81		7.16
0.8		7.09
0.79		7.01
0.78		6.93
0.76		6.86
0.71		6.82
0.66		6.78
0.61		6.75
0.68		7.16
0.67		7.1
0.67		7.04
0.66		6.99
0.64		6.93
0.62		6.87
0.58		6.83
0.53		6.78
0.49		6.75
0.49		6.75
0.5		6.72
0.51		6.69
0.52		6.66
0.97		7.36
0.92		7.29
0.83		7.23
0.73		7.18
0.62		7.16
0.81		7.16
0.8		7.08
0.79		7.01
0.78		6.93
0.76		6.86
0.71		6.82
0.66		6.78
0.61		6.75
0.67		7.16
0.67		7.1
0.67		7.04
0.66		6.99
0.64		6.93
0.62		6.87
0.58		6.82
0.53		6.78
0.48		6.75
0.48		6.75
0.5		6.72
0.5		6.69
0.51		6.66
0.97		7.36
0.91		7.28
0.83		7.22
0.72		7.18
0.61		7.16
0.8		7.16
0.8		7.08
0.79		7.01
0.78		6.93
0.76		6.85
0.71		6.81
0.65		6.78
0.6		6.74
0.67		7.16
0.67		7.1
0.67		7.04
0.66		6.98
0.64		6.92
0.61		6.87
0.57		6.82
0.53		6.78
0.48		6.74
0.48		6.74
0.49		6.72
0.5		6.69
0.51		6.66
0.97		7.35
0.91		7.28
0.82		7.22
0.72		7.17
0.61		7.15
0.8		7.15
0.8		7.08
0.78		7
0.78		6.92
0.75		6.85
0.7		6.81
0.65		6.77
0.6		6.74
0.67		7.15
0.67		7.09
0.66		7.03
0.65		6.98
0.64		6.92
0.61		6.87
0.57		6.82
0.53		6.78
0.48		6.74
0.48		6.74
0.49		6.72
0.5		6.69
0.51		6.66
0.96		7.35
0.91		7.28
0.82		7.22
0.72		7.17
0.61		7.15
0.8		7.15
0.8		7.07
0.78		7
0.77		6.92
0.75		6.85
0.7		6.81
0.65		6.77
0.6		6.74
0.67		7.15
0.67		7.09
0.66		7.03
0.65		6.98
0.64		6.92
0.61		6.87
0.57		6.82
0.53		6.78
0.48		6.74
0.48		6.74
0.49		6.72
0.49		6.69
0.5		6.66
0.96		7.35
0.91		7.27
0.82		7.21
0.72		7.17
0.61		7.15
0.8		7.15
0.79		7.07
0.78		7
0.77		6.92
0.75		6.85
0.7		6.81
0.64		6.77
0.59		6.74
0.67		7.15
0.67		7.09
0.66		7.03
0.65		6.98
0.64		6.92
0.61		6.86
0.57		6.82
0.52		6.78
0.47		6.74
0.47		6.74
0.49		6.72
0.49		6.69
0.5		6.66
0.96		7.34
0.9		7.27
0.82		7.21
0.71		7.17
0.61		7.14
0.8		7.14
0.79		7.07
0.78		7
0.77		6.92
0.75		6.85
0.69		6.81
0.64		6.77
0.59		6.74
0.67		7.14
0.66		7.08
0.66		7.02
0.65		6.97
0.63		6.92
0.61		6.86
0.56		6.82
0.52		6.78
0.47		6.74
0.47		6.74
0.48		6.72
0.49		6.69
0.5		6.66
0.96		7.34
0.9		7.27
0.81		7.21
0.71		7.16
0.6		7.14
0.79		7.14
0.79		7.07
0.77		6.99
0.77		6.91
0.74		6.85
0.69		6.8
0.64		6.77
0.59		6.74
0.67		7.14
0.66		7.08
0.66		7.02
0.65		6.97
0.63		6.91
0.6		6.86
0.56		6.81
0.52		6.77
0.47		6.74
0.47		6.74
0.48		6.72
0.49		6.69
0.49		6.66
0.95		7.34
0.9		7.26
0.81		7.2
0.71		7.16
0.6		7.14
0.79		7.14
0.79		7.06
0.77		6.99
0.76		6.91
0.74		6.84
0.69		6.8
0.63		6.77
0.58		6.74
0.66		7.14
0.66		7.08
0.66		7.02
0.64		6.97
0.63		6.91
0.6		6.86
0.56		6.81
0.52		6.77
0.47		6.74
0.47		6.74
0.48		6.71
0.48		6.69
0.49		6.66
0.95		7.33
0.9		7.26
0.81		7.2
0.71		7.16
0.6		7.13
0.79		7.13
0.78		7.06
0.77		6.99
0.76		6.91
0.74		6.84
0.68		6.8
0.63		6.77
0.58		6.74
0.66		7.13
0.66		7.08
0.65		7.02
0.64		6.96
0.63		6.91
0.6		6.86
0.56		6.81
0.51		6.77
0.46		6.74
0.46		6.74
0.47		6.71
0.48		6.69
0.49		6.66
0.95		7.33
0.9		7.26
0.81		7.2
0.71		7.15
0.6		7.13
0.79		7.13
0.78		7.06
0.77		6.99
0.76		6.91
0.73		6.84
0.68		6.8
0.63		6.77
0.58		6.74
0.66		7.13
0.66		7.07
0.65		7.01
0.64		6.96
0.63		6.91
0.6		6.85
0.56		6.81
0.51		6.77
0.46		6.74
0.46		6.74
0.47		6.71
0.48		6.69
0.48		6.66
0.95		7.33
0.89		7.25
0.81		7.19
0.7		7.15
0.59		7.13
0.79		7.13
0.78		7.05
0.76		6.98
0.75		6.91
0.73		6.84
0.67		6.8
0.62		6.76
0.57		6.74
0.66		7.13
0.66		7.07
0.65		7.01
0.64		6.96
0.62		6.9
0.6		6.85
0.55		6.81
0.51		6.77
0.46		6.74
0.46		6.74
0.47		6.71
0.47		6.69
0.48		6.66
0.95		7.32
0.89		7.25
0.8		7.19
0.7		7.15
0.59		7.12
0.78		7.12
0.78		7.05
0.76		6.98
0.75		6.9
0.73		6.84
0.67		6.8
0.62		6.76
0.57		6.73
0.66		7.12
0.66		7.07
0.65		7.01
0.64		6.96
0.62		6.9
0.59		6.85
0.55		6.81
0.51		6.77
0.46		6.73
0.45		6.73
0.47		6.71
0.47		6.69
0.47		6.66
0.94		7.32
0.89		7.24
0.8		7.19
0.7		7.14
0.59		7.12
0.78		7.12
0.77		7.05
0.76		6.98
0.75		6.9
0.72		6.83
0.67		6.79
0.61		6.76
0.56		6.73
0.66		7.12
0.65		7.06
0.65		7
0.63		6.95
0.62		6.9
0.59		6.85
0.55		6.8
0.5		6.77
0.45		6.73
0.45		6.73
0.46		6.71
0.47		6.69
0.47		6.66
0.94		7.32
0.89		7.24
0.8		7.18
0.7		7.14
0.59		7.12
0.78		7.12
0.77		7.04
0.76		6.98
0.74		6.9
0.72		6.83
0.66		6.79
0.61		6.76
0.56		6.73
0.65		7.12
0.65		7.06
0.64		7
0.63		6.95
0.62		6.9
0.59		6.85
0.55		6.8
0.5		6.76
0.45		6.73
0.45		6.73
0.46		6.71
0.46		6.69
0.47		6.66
0.94		7.31
0.88		7.24
0.8		7.18
0.69		7.14
0.59		7.11
0.78		7.11
0.77		7.04
0.75		6.97
0.74		6.9
0.72		6.83
0.66		6.79
0.61		6.76
0.56		6.73
0.65		7.11
0.65		7.06
0.64		7
0.63		6.95
0.62		6.89
0.59		6.84
0.54		6.8
0.5		6.76
0.45		6.73
0.45		6.73
0.46		6.71
0.46		6.69
0.46		6.66
0.93		7.31
0.88		7.23
0.79		7.18
0.69		7.13
0.58		7.11
0.78		7.11
0.77		7.04
0.75		6.97
0.74		6.89
0.71		6.83
0.66		6.79
0.6		6.76
0.55		6.73
0.65		7.11
0.65		7.05
0.64		7
0.63		6.95
0.61		6.89
0.59		6.84
0.54		6.8
0.5		6.76
0.45		6.73
0.44		6.73
0.45		6.71
0.46		6.69
0.46		6.66
0.93		7.3
0.88		7.23
0.79		7.17
0.69		7.13
0.58		7.11
0.77		7.11
0.76		7.04
0.75		6.97
0.74		6.89
0.71		6.83
0.65		6.79
0.6		6.76
0.55		6.73
0.65		7.11
0.65		7.05
0.64		6.99
0.63		6.94
0.61		6.89
0.58		6.84
0.54		6.8
0.49		6.76
0.44		6.73
0.44		6.73
0.45		6.71
0.45		6.69
0.46		6.66
0.93		7.3
0.88		7.23
0.79		7.17
0.69		7.13
0.58		7.1
0.77		7.1
0.76		7.03
0.74		6.96
0.73		6.89
0.7		6.82
0.65		6.79
0.6		6.75
0.55		6.73
0.65		7.1
0.65		7.05
0.64		6.99
0.62		6.94
0.61		6.89
0.58		6.84
0.54		6.8
0.49		6.76
0.44		6.73
0.44		6.73
0.45		6.71
0.45		6.69
0.45		6.66
0.93		7.3
0.87		7.22
0.79		7.17
0.68		7.12
0.58		7.1
0.77		7.1
0.76		7.03
0.74		6.96
0.73		6.89
0.7		6.82
0.65		6.79
0.59		6.75
0.54		6.73
0.65		7.1
0.64		7.04
0.64		6.99
0.62		6.94
0.61		6.89
0.58		6.84
0.54		6.79
0.49		6.76
0.44		6.73
0.44		6.73
0.45		6.71
0.45		6.69
0.45		6.66
0.92		7.29
0.87		7.22
0.78		7.16
0.68		7.12
0.57		7.1
0.77		7.1
0.76		7.03
0.74		6.96
0.73		6.88
0.7		6.82
0.64		6.78
0.59		6.75
0.54		6.73
0.65		7.1
0.64		7.04
0.63		6.98
0.62		6.94
0.6		6.88
0.58		6.83
0.53		6.79
0.49		6.76
0.44		6.73
0.43		6.73
0.44		6.71
0.45		6.69
0.45		6.66
0.92		7.29
0.87		7.22
0.78		7.16
0.68		7.12
0.57		7.09
0.76		7.09
0.76		7.02
0.74		6.96
0.72		6.88
0.69		6.82
0.64		6.78
0.58		6.75
0.54		6.73
0.64		7.09
0.64		7.04
0.63		6.98
0.62		6.93
0.6		6.88
0.58		6.83
0.53		6.79
0.48		6.76
0.43		6.73
0.43		6.73
0.44		6.71
0.44		6.69
0.44		6.66
0.92		7.29
0.87		7.21
0.78		7.16
0.68		7.11
0.57		7.09
0.76		7.09
0.75		7.02
0.73		6.95
0.72		6.88
0.69		6.82
0.63		6.78
0.58		6.75
0.53		6.72
0.64		7.09
0.64		7.04
0.63		6.98
0.62		6.93
0.6		6.88
0.58		6.83
0.53		6.79
0.48		6.75
0.43		6.72
0.43		6.72
0.44		6.7
0.44		6.69
0.44		6.66
0.92		7.28
0.86		7.21
0.78		7.15
0.67		7.11
0.57		7.09
0.76		7.09
0.75		7.02
0.73		6.95
0.72		6.88
0.69		6.81
0.63		6.78
0.58		6.75
0.53		6.72
0.64		7.09
0.64		7.03
0.63		6.98
0.61		6.93
0.6		6.88
0.57		6.83
0.53		6.79
0.48		6.75
0.43		6.72
0.42		6.72
0.43		6.7
0.44		6.68
0.44		6.66
0.91		7.28
0.86		7.21
0.77		7.15
0.67		7.11
0.56		7.08
0.76		7.08
0.75		7.01
0.73		6.95
0.71		6.87
0.68		6.81
0.63		6.78
0.57		6.75
0.52		6.72
0.64		7.08
0.63		7.03
0.62		6.97
0.61		6.93
0.59		6.87
0.57		6.83
0.52		6.79
0.48		6.75
0.43		6.72
0.42		6.72
0.43		6.7
0.43		6.68
0.43		6.66
0.91		7.28
0.86		7.2
0.77		7.14
0.67		7.1
0.56		7.08
0.75		7.08
0.75		7.01
0.73		6.94
0.71		6.87
0.68		6.81
0.62		6.78
0.57		6.75
0.52		6.72
0.64		7.08
0.63		7.03
0.62		6.97
0.61		6.92
0.59		6.87
0.57		6.82
0.52		6.79
0.47		6.75
0.42		6.72
0.42		6.72
0.43		6.7
0.43		6.68
0.43		6.66
0.91		7.27
0.86		7.2
0.77		7.14
0.67		7.1
0.56		7.08
0.75		7.08
0.74		7.01
0.72		6.94
0.71		6.87
0.68		6.81
0.62		6.77
0.57		6.74
0.52		6.72
0.64		7.08
0.63		7.02
0.62		6.97
0.61		6.92
0.59		6.87
0.57		6.82
0.52		6.78
0.47		6.75
0.42		6.72
0.42		6.72
0.43		6.7
0.43		6.68
0.43		6.66
0.91		7.27
0.85		7.19
0.77		7.14
0.66		7.09
0.56		7.07
0.75		7.07
0.74		7
0.72		6.94
0.7		6.87
0.67		6.81
0.62		6.77
0.56		6.74
0.51		6.72
0.63		7.07
0.63		7.02
0.62		6.96
0.6		6.92
0.59		6.87
0.56		6.82
0.52		6.78
0.47		6.75
0.42		6.72
0.41		6.72
0.42		6.7
0.42		6.68
0.42		6.66
0.9		7.26
0.85		7.19
0.76		7.13
0.66		7.09
0.55		7.07
0.75		7.07
0.74		7
0.72		6.94
0.7		6.86
0.67		6.8
0.61		6.77
0.56		6.74
0.51		6.72
0.63		7.07
0.63		7.02
0.62		6.96
0.6		6.91
0.58		6.86
0.56		6.82
0.51		6.78
0.47		6.75
0.41		6.72
0.41		6.72
0.42		6.7
0.42		6.68
0.42		6.66
0.9		7.26
0.85		7.19
0.76		7.13
0.66		7.09
0.55		7.07
0.74		7.07
0.73		7
0.71		6.93
0.7		6.86
0.66		6.8
0.61		6.77
0.55		6.74
0.5		6.72
0.63		7.07
0.62		7.01
0.61		6.96
0.6		6.91
0.58		6.86
0.56		6.82
0.51		6.78
0.46		6.75
0.41		6.72
0.41		6.72
0.42		6.7
0.42		6.68
0.41		6.66