1	0	0
1	35.05	0
1	70.1	0
1	108.2	0
1	140.21	0
2	0	0
2	39.62	0
2	79.25	0
2	124.97	0
2	169.16	0
2	201.17	0
2	237.74	0
2	277.37	0
3	0	0
3	51.82	0
3	106.68	0
3	154.84	0
3	211.23	0
3	267.61	0
3	322.48	0
3	379.48	0
3	437.39	0
4	0	0
4	47.24	0
4	89.92	0
4	141.73	0
1	0	60
1	35.05	60
1	70.1	60
1	108.2	60
1	140.21	60
2	0	60
2	39.62	60
2	79.25	60
2	124.97	60
2	169.16	60
2	201.17	60
2	237.74	60
2	277.37	60
3	0	60
3	51.82	60
3	106.68	60
3	154.84	60
3	211.23	60
3	267.61	60
3	322.48	60
3	379.48	60
3	437.39	60
4	0	60
4	47.24	60
4	89.92	60
4	141.73	60
1	0	120
1	35.05	120
1	70.1	120
1	108.2	120
1	140.21	120
2	0	120
2	39.62	120
2	79.25	120
2	124.97	120
2	169.16	120
2	201.17	120
2	237.74	120
2	277.37	120
3	0	120
3	51.82	120
3	106.68	120
3	154.84	120
3	211.23	120
3	267.61	120
3	322.48	120
3	379.48	120
3	437.39	120
4	0	120
4	47.24	120
4	89.92	120
4	141.73	120
1	0	180
1	35.05	180
1	70.1	180
1	108.2	180
1	140.21	180
2	0	180
2	39.62	180
2	79.25	180
2	124.97	180
2	169.16	180
2	201.17	180
2	237.74	180
2	277.37	180
3	0	180
3	51.82	180
3	106.68	180
3	154.84	180
3	211.23	180
3	267.61	180
3	322.48	180
3	379.48	180
3	437.39	180
4	0	180
4	47.24	180
4	89.92	180
4	141.73	180
1	0	240
1	35.05	240
1	70.1	240
1	108.2	240
1	140.21	240
2	0	240
2	39.62	240
2	79.25	240
2	124.97	240
2	169.16	240
2	201.17	240
2	237.74	240
2	277.37	240
3	0	240
3	51.82	240
3	106.68	240
3	154.84	240
3	211.23	240
3	267.61	240
3	322.48	240
3	379.48	240
3	437.39	240
4	0	240
4	47.24	240
4	89.92	240
4	141.73	240
1	0	300
1	35.05	300
1	70.1	300
1	108.2	300
1	140.21	300
2	0	300
2	39.62	300
2	79.25	300
2	124.97	300
2	169.16	300
2	201.17	300
2	237.74	300
2	277.37	300
3	0	300
3	51.82	300
3	106.68	300
3	154.84	300
3	211.23	300
3	267.61	300
3	322.48	300
3	379.48	300
3	437.39	300
4	0	300
4	47.24	300
4	89.92	300
4	141.73	300
1	0	360
1	35.05	360
1	70.1	360
1	108.2	360
1	140.21	360
2	0	360
2	39.62	360
2	79.25	360
2	124.97	360
2	169.16	360
2	201.17	360
2	237.74	360
2	277.37	360
3	0	360
3	51.82	360
3	106.68	360
3	154.84	360
3	211.23	360
3	267.61	360
3	322.48	360
3	379.48	360
3	437.39	360
4	0	360
4	47.24	360
4	89.92	360
4	141.73	360
1	0	420
1	35.05	420
1	70.1	420
1	108.2	420
1	140.21	420
2	0	420
2	39.62	420
2	79.25	420
2	124.97	420
2	169.16	420
2	201.17	420
2	237.74	420
2	277.37	420
3	0	420
3	51.82	420
3	106.68	420
3	154.84	420
3	211.23	420
3	267.61	420
3	322.48	420
3	379.48	420
3	437.39	420
4	0	420
4	47.24	420
4	89.92	420
4	141.73	420
1	0	480
1	35.05	480
1	70.1	480
1	108.2	480
1	140.21	480
2	0	480
2	39.62	480
2	79.25	480
2	124.97	480
2	169.16	480
2	201.17	480
2	237.74	480
2	277.37	480
3	0	480
3	51.82	480
3	106.68	480
3	154.84	480
3	211.23	480
3	267.61	480
3	322.48	480
3	379.48	480
3	437.39	480
4	0	480
4	47.24	480
4	89.92	480
4	141.73	480
1	0	540
1	35.05	540
1	70.1	540
1	108.2	540
1	140.21	540
2	0	540
2	39.62	540
2	79.25	540
2	124.97	540
2	169.16	540
2	201.17	540
2	237.74	540
2	277.37	540
3	0	540
3	51.82	540
3	106.68	540
3	154.84	540
3	211.23	540
3	267.61	540
3	322.48	540
3	379.48	540
3	437.39	540
4	0	540
4	47.24	540
4	89.92	540
4	141.73	540
1	0	600
1	35.05	600
1	70.1	600
1	108.2	600
1	140.21	600
2	0	600
2	39.62	600
2	79.25	600
2	124.97	600
2	169.16	600
2	201.17	600
2	237.74	600
2	277.37	600
3	0	600
3	51.82	600
3	106.68	600
3	154.84	600
3	211.23	600
3	267.61	600
3	322.48	600
3	379.48	600
3	437.39	600
4	0	600
4	47.24	600
4	89.92	600
4	141.73	600
1	0	660
1	35.05	660
1	70.1	660
1	108.2	660
1	140.21	660
2	0	660
2	39.62	660
2	79.25	660
2	124.97	660
2	169.16	660
2	201.17	660
2	237.74	660
2	277.37	660
3	0	660
3	51.82	660
3	106.68	660
3	154.84	660
3	211.23	660
3	267.61	660
3	322.48	660
3	379.48	660
3	437.39	660
4	0	660
4	47.24	660
4	89.92	660
4	141.73	660
1	0	720
1	35.05	720
1	70.1	720
1	108.2	720
1	140.21	720
2	0	720
2	39.62	720
2	79.25	720
2	124.97	720
2	169.16	720
2	201.17	720
2	237.74	720
2	277.37	720
3	0	720
3	51.82	720
3	106.68	720
3	154.84	720
3	211.23	720
3	267.61	720
3	322.48	720
3	379.48	720
3	437.39	720
4	0	720
4	47.24	720
4	89.92	720
4	141.73	720
1	0	780
1	35.05	780
1	70.1	780
1	108.2	780
1	140.21	780
2	0	780
2	39.62	780
2	79.25	780
2	124.97	780
2	169.16	780
2	201.17	780
2	237.74	780
2	277.37	780
3	0	780
3	51.82	780
3	106.68	780
3	154.84	780
3	211.23	780
3	267.61	780
3	322.48	780
3	379.48	780
3	437.39	780
4	0	780
4	47.24	780
4	89.92	780
4	141.73	780
1	0	840
1	35.05	840
1	70.1	840
1	108.2	840
1	140.21	840
2	0	840
2	39.62	840
2	79.25	840
2	124.97	840
2	169.16	840
2	201.17	840
2	237.74	840
2	277.37	840
3	0	840
3	51.82	840
3	106.68	840
3	154.84	840
3	211.23	840
3	267.61	840
3	322.48	840
3	379.48	840
3	437.39	840
4	0	840
4	47.24	840
4	89.92	840
4	141.73	840
1	0	900
1	35.05	900
1	70.1	900
1	108.2	900
1	140.21	900
2	0	900
2	39.62	900
2	79.25	900
2	124.97	900
2	169.16	900
2	201.17	900
2	237.74	900
2	277.37	900
3	0	900
3	51.82	900
3	106.68	900
3	154.84	900
3	211.23	900
3	267.61	900
3	322.48	900
3	379.48	900
3	437.39	900
4	0	900
4	47.24	900
4	89.92	900
4	141.73	900
1	0	960
1	35.05	960
1	70.1	960
1	108.2	960
1	140.21	960
2	0	960
2	39.62	960
2	79.25	960
2	124.97	960
2	169.16	960
2	201.17	960
2	237.74	960
2	277.37	960
3	0	960
3	51.82	960
3	106.68	960
3	154.84	960
3	211.23	960
3	267.61	960
3	322.48	960
3	379.48	960
3	437.39	960
4	0	960
4	47.24	960
4	89.92	960
4	141.73	960
1	0	1020
1	35.05	1020
1	70.1	1020
1	108.2	1020
1	140.21	1020
2	0	1020
2	39.62	1020
2	79.25	1020
2	124.97	1020
2	169.16	1020
2	201.17	1020
2	237.74	1020
2	277.37	1020
3	0	1020
3	51.82	1020
3	106.68	1020
3	154.84	1020
3	211.23	1020
3	267.61	1020
3	322.48	1020
3	379.48	1020
3	437.39	1020
4	0	1020
4	47.24	1020
4	89.92	1020
4	141.73	1020
1	0	1080
1	35.05	1080
1	70.1	1080
1	108.2	1080
1	140.21	1080
2	0	1080
2	39.62	1080
2	79.25	1080
2	124.97	1080
2	169.16	1080
2	201.17	1080
2	237.74	1080
2	277.37	1080
3	0	1080
3	51.82	1080
3	106.68	1080
3	154.84	1080
3	211.23	1080
3	267.61	1080
3	322.48	1080
3	379.48	1080
3	437.39	1080
4	0	1080
4	47.24	1080
4	89.92	1080
4	141.73	1080
1	0	1140
1	35.05	1140
1	70.1	1140
1	108.2	1140
1	140.21	1140
2	0	1140
2	39.62	1140
2	79.25	1140
2	124.97	1140
2	169.16	1140
2	201.17	1140
2	237.74	1140
2	277.37	1140
3	0	1140
3	51.82	1140
3	106.68	1140
3	154.84	1140
3	211.23	1140
3	267.61	1140
3	322.48	1140
3	379.48	1140
3	437.39	1140
4	0	1140
4	47.24	1140
4	89.92	1140
4	141.73	1140
1	0	1200
1	35.05	1200
1	70.1	1200
1	108.2	1200
1	140.21	1200
2	0	1200
2	39.62	1200
2	79.25	1200
2	124.97	1200
2	169.16	1200
2	201.17	1200
2	237.74	1200
2	277.37	1200
3	0	1200
3	51.82	1200
3	106.68	1200
3	154.84	1200
3	211.23	1200
3	267.61	1200
3	322.48	1200
3	379.48	1200
3	437.39	1200
4	0	1200
4	47.24	1200
4	89.92	1200
4	141.73	1200
1	0	1260
1	35.05	1260
1	70.1	1260
1	108.2	1260
1	140.21	1260
2	0	1260
2	39.62	1260
2	79.25	1260
2	124.97	1260
2	169.16	1260
2	201.17	1260
2	237.74	1260
2	277.37	1260
3	0	1260
3	51.82	1260
3	106.68	1260
3	154.84	1260
3	211.23	1260
3	267.61	1260
3	322.48	1260
3	379.48	1260
3	437.39	1260
4	0	1260
4	47.24	1260
4	89.92	1260
4	141.73	1260
1	0	1320
1	35.05	1320
1	70.1	1320
1	108.2	1320
1	140.21	1320
2	0	1320
2	39.62	1320
2	79.25	1320
2	124.97	1320
2	169.16	1320
2	201.17	1320
2	237.74	1320
2	277.37	1320
3	0	1320
3	51.82	1320
3	106.68	1320
3	154.84	1320
3	211.23	1320
3	267.61	1320
3	322.48	1320
3	379.48	1320
3	437.39	1320
4	0	1320
4	47.24	1320
4	89.92	1320
4	141.73	1320
1	0	1380
1	35.05	1380
1	70.1	1380
1	108.2	1380
1	140.21	1380
2	0	1380
2	39.62	1380
2	79.25	1380
2	124.97	1380
2	169.16	1380
2	201.17	1380
2	237.74	1380
2	277.37	1380
3	0	1380
3	51.82	1380
3	106.68	1380
3	154.84	1380
3	211.23	1380
3	267.61	1380
3	322.48	1380
3	379.48	1380
3	437.39	1380
4	0	1380
4	47.24	1380
4	89.92	1380
4	141.73	1380
1	0	1440
1	35.05	1440
1	70.1	1440
1	108.2	1440
1	140.21	1440
2	0	1440
2	39.62	1440
2	79.25	1440
2	124.97	1440
2	169.16	1440
2	201.17	1440
2	237.74	1440
2	277.37	1440
3	0	1440
3	51.82	1440
3	106.68	1440
3	154.84	1440
3	211.23	1440
3	267.61	1440
3	322.48	1440
3	379.48	1440
3	437.39	1440
4	0	1440
4	47.24	1440
4	89.92	1440
4	141.73	1440
1	0	1500
1	35.05	1500
1	70.1	1500
1	108.2	1500
1	140.21	1500
2	0	1500
2	39.62	1500
2	79.25	1500
2	124.97	1500
2	169.16	1500
2	201.17	1500
2	237.74	1500
2	277.37	1500
3	0	1500
3	51.82	1500
3	106.68	1500
3	154.84	1500
3	211.23	1500
3	267.61	1500
3	322.48	1500
3	379.48	1500
3	437.39	1500
4	0	1500
4	47.24	1500
4	89.92	1500
4	141.73	1500
1	0	1560
1	35.05	1560
1	70.1	1560
1	108.2	1560
1	140.21	1560
2	0	1560
2	39.62	1560
2	79.25	1560
2	124.97	1560
2	169.16	1560
2	201.17	1560
2	237.74	1560
2	277.37	1560
3	0	1560
3	51.82	1560
3	106.68	1560
3	154.84	1560
3	211.23	1560
3	267.61	1560
3	322.48	1560
3	379.48	1560
3	437.39	1560
4	0	1560
4	47.24	1560
4	89.92	1560
4	141.73	1560
1	0	1620
1	35.05	1620
1	70.1	1620
1	108.2	1620
1	140.21	1620
2	0	1620
2	39.62	1620
2	79.25	1620
2	124.97	1620
2	169.16	1620
2	201.17	1620
2	237.74	1620
2	277.37	1620
3	0	1620
3	51.82	1620
3	106.68	1620
3	154.84	1620
3	211.23	1620
3	267.61	1620
3	322.48	1620
3	379.48	1620
3	437.39	1620
4	0	1620
4	47.24	1620
4	89.92	1620
4	141.73	1620
1	0	1680
1	35.05	1680
1	70.1	1680
1	108.2	1680
1	140.21	1680
2	0	1680
2	39.62	1680
2	79.25	1680
2	124.97	1680
2	169.16	1680
2	201.17	1680
2	237.74	1680
2	277.37	1680
3	0	1680
3	51.82	1680
3	106.68	1680
3	154.84	1680
3	211.23	1680
3	267.61	1680
3	322.48	1680
3	379.48	1680
3	437.39	1680
4	0	1680
4	47.24	1680
4	89.92	1680
4	141.73	1680
1	0	1740
1	35.05	1740
1	70.1	1740
1	108.2	1740
1	140.21	1740
2	0	1740
2	39.62	1740
2	79.25	1740
2	124.97	1740
2	169.16	1740
2	201.17	1740
2	237.74	1740
2	277.37	1740
3	0	1740
3	51.82	1740
3	106.68	1740
3	154.84	1740
3	211.23	1740
3	267.61	1740
3	322.48	1740
3	379.48	1740
3	437.39	1740
4	0	1740
4	47.24	1740
4	89.92	1740
4	141.73	1740
1	0	1800
1	35.05	1800
1	70.1	1800
1	108.2	1800
1	140.21	1800
2	0	1800
2	39.62	1800
2	79.25	1800
2	124.97	1800
2	169.16	1800
2	201.17	1800
2	237.74	1800
2	277.37	1800
3	0	1800
3	51.82	1800
3	106.68	1800
3	154.84	1800
3	211.23	1800
3	267.61	1800
3	322.48	1800
3	379.48	1800
3	437.39	1800
4	0	1800
4	47.24	1800
4	89.92	1800
4	141.73	1800
1	0	1860
1	35.05	1860
1	70.1	1860
1	108.2	1860
1	140.21	1860
2	0	1860
2	39.62	1860
2	79.25	1860
2	124.97	1860
2	169.16	1860
2	201.17	1860
2	237.74	1860
2	277.37	1860
3	0	1860
3	51.82	1860
3	106.68	1860
3	154.84	1860
3	211.23	1860
3	267.61	1860
3	322.48	1860
3	379.48	1860
3	437.39	1860
4	0	1860
4	47.24	1860
4	89.92	1860
4	141.73	1860
1	0	1920
1	35.05	1920
1	70.1	1920
1	108.2	1920
1	140.21	1920
2	0	1920
2	39.62	1920
2	79.25	1920
2	124.97	1920
2	169.16	1920
2	201.17	1920
2	237.74	1920
2	277.37	1920
3	0	1920
3	51.82	1920
3	106.68	1920
3	154.84	1920
3	211.23	1920
3	267.61	1920
3	322.48	1920
3	379.48	1920
3	437.39	1920
4	0	1920
4	47.24	1920
4	89.92	1920
4	141.73	1920
1	0	1980
1	35.05	1980
1	70.1	1980
1	108.2	1980
1	140.21	1980
2	0	1980
2	39.62	1980
2	79.25	1980
2	124.97	1980
2	169.16	1980
2	201.17	1980
2	237.74	1980
2	277.37	1980
3	0	1980
3	51.82	1980
3	106.68	1980
3	154.84	1980
3	211.23	1980
3	267.61	1980
3	322.48	1980
3	379.48	1980
3	437.39	1980
4	0	1980
4	47.24	1980
4	89.92	1980
4	141.73	1980
1	0	2040
1	35.05	2040
1	70.1	2040
1	108.2	2040
1	140.21	2040
2	0	2040
2	39.62	2040
2	79.25	2040
2	124.97	2040
2	169.16	2040
2	201.17	2040
2	237.74	2040
2	277.37	2040
3	0	2040
3	51.82	2040
3	106.68	2040
3	154.84	2040
3	211.23	2040
3	267.61	2040
3	322.48	2040
3	379.48	2040
3	437.39	2040
4	0	2040
4	47.24	2040
4	89.92	2040
4	141.73	2040
1	0	2100
1	35.05	2100
1	70.1	2100
1	108.2	2100
1	140.21	2100
2	0	2100
2	39.62	2100
2	79.25	2100
2	124.97	2100
2	169.16	2100
2	201.17	2100
2	237.74	2100
2	277.37	2100
3	0	2100
3	51.82	2100
3	106.68	2100
3	154.84	2100
3	211.23	2100
3	267.61	2100
3	322.48	2100
3	379.48	2100
3	437.39	2100
4	0	2100
4	47.24	2100
4	89.92	2100
4	141.73	2100
1	0	2160
1	35.05	2160
1	70.1	2160
1	108.2	2160
1	140.21	2160
2	0	2160
2	39.62	2160
2	79.25	2160
2	124.97	2160
2	169.16	2160
2	201.17	2160
2	237.74	2160
2	277.37	2160
3	0	2160
3	51.82	2160
3	106.68	2160
3	154.84	2160
3	211.23	2160
3	267.61	2160
3	322.48	2160
3	379.48	2160
3	437.39	2160
4	0	2160
4	47.24	2160
4	89.92	2160
4	141.73	2160
1	0	2220
1	35.05	2220
1	70.1	2220
1	108.2	2220
1	140.21	2220
2	0	2220
2	39.62	2220
2	79.25	2220
2	124.97	2220
2	169.16	2220
2	201.17	2220
2	237.74	2220
2	277.37	2220
3	0	2220
3	51.82	2220
3	106.68	2220
3	154.84	2220
3	211.23	2220
3	267.61	2220
3	322.48	2220
3	379.48	2220
3	437.39	2220
4	0	2220
4	47.24	2220
4	89.92	2220
4	141.73	2220
1	0	2280
1	35.05	2280
1	70.1	2280
1	108.2	2280
1	140.21	2280
2	0	2280
2	39.62	2280
2	79.25	2280
2	124.97	2280
2	169.16	2280
2	201.17	2280
2	237.74	2280
2	277.37	2280
3	0	2280
3	51.82	2280
3	106.68	2280
3	154.84	2280
3	211.23	2280
3	267.61	2280
3	322.48	2280
3	379.48	2280
3	437.39	2280
4	0	2280
4	47.24	2280
4	89.92	2280
4	141.73	2280
1	0	2340
1	35.05	2340
1	70.1	2340
1	108.2	2340
1	140.21	2340
2	0	2340
2	39.62	2340
2	79.25	2340
2	124.97	2340
2	169.16	2340
2	201.17	2340
2	237.74	2340
2	277.37	2340
3	0	2340
3	51.82	2340
3	106.68	2340
3	154.84	2340
3	211.23	2340
3	267.61	2340
3	322.48	2340
3	379.48	2340
3	437.39	2340
4	0	2340
4	47.24	2340
4	89.92	2340
4	141.73	2340
1	0	2400
1	35.05	2400
1	70.1	2400
1	108.2	2400
1	140.21	2400
2	0	2400
2	39.62	2400
2	79.25	2400
2	124.97	2400
2	169.16	2400
2	201.17	2400
2	237.74	2400
2	277.37	2400
3	0	2400
3	51.82	2400
3	106.68	2400
3	154.84	2400
3	211.23	2400
3	267.61	2400
3	322.48	2400
3	379.48	2400
3	437.39	2400
4	0	2400
4	47.24	2400
4	89.92	2400
4	141.73	2400
1	0	2460
1	35.05	2460
1	70.1	2460
1	108.2	2460
1	140.21	2460
2	0	2460
2	39.62	2460
2	79.25	2460
2	124.97	2460
2	169.16	2460
2	201.17	2460
2	237.74	2460
2	277.37	2460
3	0	2460
3	51.82	2460
3	106.68	2460
3	154.84	2460
3	211.23	2460
3	267.61	2460
3	322.48	2460
3	379.48	2460
3	437.39	2460
4	0	2460
4	47.24	2460
4	89.92	2460
4	141.73	2460
1	0	2520
1	35.05	2520
1	70.1	2520
1	108.2	2520
1	140.21	2520
2	0	2520
2	39.62	2520
2	79.25	2520
2	124.97	2520
2	169.16	2520
2	201.17	2520
2	237.74	2520
2	277.37	2520
3	0	2520
3	51.82	2520
3	106.68	2520
3	154.84	2520
3	211.23	2520
3	267.61	2520
3	322.48	2520
3	379.48	2520
3	437.39	2520
4	0	2520
4	47.24	2520
4	89.92	2520
4	141.73	2520
1	0	2580
1	35.05	2580
1	70.1	2580
1	108.2	2580
1	140.21	2580
2	0	2580
2	39.62	2580
2	79.25	2580
2	124.97	2580
2	169.16	2580
2	201.17	2580
2	237.74	2580
2	277.37	2580
3	0	2580
3	51.82	2580
3	106.68	2580
3	154.84	2580
3	211.23	2580
3	267.61	2580
3	322.48	2580
3	379.48	2580
3	437.39	2580
4	0	2580
4	47.24	2580
4	89.92	2580
4	141.73	2580
1	0	2640
1	35.05	2640
1	70.1	2640
1	108.2	2640
1	140.21	2640
2	0	2640
2	39.62	2640
2	79.25	2640
2	124.97	2640
2	169.16	2640
2	201.17	2640
2	237.74	2640
2	277.37	2640
3	0	2640
3	51.82	2640
3	106.68	2640
3	154.84	2640
3	211.23	2640
3	267.61	2640
3	322.48	2640
3	379.48	2640
3	437.39	2640
4	0	2640
4	47.24	2640
4	89.92	2640
4	141.73	2640
1	0	2700
1	35.05	2700
1	70.1	2700
1	108.2	2700
1	140.21	2700
2	0	2700
2	39.62	2700
2	79.25	2700
2	124.97	2700
2	169.16	2700
2	201.17	2700
2	237.74	2700
2	277.37	2700
3	0	2700
3	51.82	2700
3	106.68	2700
3	154.84	2700
3	211.23	2700
3	267.61	2700
3	322.48	2700
3	379.48	2700
3	437.39	2700
4	0	2700
4	47.24	2700
4	89.92	2700
4	141.73	2700
1	0	2760
1	35.05	2760
1	70.1	2760
1	108.2	2760
1	140.21	2760
2	0	2760
2	39.62	2760
2	79.25	2760
2	124.97	2760
2	169.16	2760
2	201.17	2760
2	237.74	2760
2	277.37	2760
3	0	2760
3	51.82	2760
3	106.68	2760
3	154.84	2760
3	211.23	2760
3	267.61	2760
3	322.48	2760
3	379.48	2760
3	437.39	2760
4	0	2760
4	47.24	2760
4	89.92	2760
4	141.73	2760
1	0	2820
1	35.05	2820
1	70.1	2820
1	108.2	2820
1	140.21	2820
2	0	2820
2	39.62	2820
2	79.25	2820
2	124.97	2820
2	169.16	2820
2	201.17	2820
2	237.74	2820
2	277.37	2820
3	0	2820
3	51.82	2820
3	106.68	2820
3	154.84	2820
3	211.23	2820
3	267.61	2820
3	322.48	2820
3	379.48	2820
3	437.39	2820
4	0	2820
4	47.24	2820
4	89.92	2820
4	141.73	2820
1	0	2880
1	35.05	2880
1	70.1	2880
1	108.2	2880
1	140.21	2880
2	0	2880
2	39.62	2880
2	79.25	2880
2	124.97	2880
2	169.16	2880
2	201.17	2880
2	237.74	2880
2	277.37	2880
3	0	2880
3	51.82	2880
3	106.68	2880
3	154.84	2880
3	211.23	2880
3	267.61	2880
3	322.48	2880
3	379.48	2880
3	437.39	2880
4	0	2880
4	47.24	2880
4	89.92	2880
4	141.73	2880
1	0	2940
1	35.05	2940
1	70.1	2940
1	108.2	2940
1	140.21	2940
2	0	2940
2	39.62	2940
2	79.25	2940
2	124.97	2940
2	169.16	2940
2	201.17	2940
2	237.74	2940
2	277.37	2940
3	0	2940
3	51.82	2940
3	106.68	2940
3	154.84	2940
3	211.23	2940
3	267.61	2940
3	322.48	2940
3	379.48	2940
3	437.39	2940
4	0	2940
4	47.24	2940
4	89.92	2940
4	141.73	2940
1	0	3000
1	35.05	3000
1	70.1	3000
1	108.2	3000
1	140.21	3000
2	0	3000
2	39.62	3000
2	79.25	3000
2	124.97	3000
2	169.16	3000
2	201.17	3000
2	237.74	3000
2	277.37	3000
3	0	3000
3	51.82	3000
3	106.68	3000
3	154.84	3000
3	211.23	3000
3	267.61	3000
3	322.48	3000
3	379.48	3000
3	437.39	3000
4	0	3000
4	47.24	3000
4	89.92	3000
4	141.73	3000
1	0	3060
1	35.05	3060
1	70.1	3060
1	108.2	3060
1	140.21	3060
2	0	3060
2	39.62	3060
2	79.25	3060
2	124.97	3060
2	169.16	3060
2	201.17	3060
2	237.74	3060
2	277.37	3060
3	0	3060
3	51.82	3060
3	106.68	3060
3	154.84	3060
3	211.23	3060
3	267.61	3060
3	322.48	3060
3	379.48	3060
3	437.39	3060
4	0	3060
4	47.24	3060
4	89.92	3060
4	141.73	3060
1	0	3120
1	35.05	3120
1	70.1	3120
1	108.2	3120
1	140.21	3120
2	0	3120
2	39.62	3120
2	79.25	3120
2	124.97	3120
2	169.16	3120
2	201.17	3120
2	237.74	3120
2	277.37	3120
3	0	3120
3	51.82	3120
3	106.68	3120
3	154.84	3120
3	211.23	3120
3	267.61	3120
3	322.48	3120
3	379.48	3120
3	437.39	3120
4	0	3120
4	47.24	3120
4	89.92	3120
4	141.73	3120
1	0	3180
1	35.05	3180
1	70.1	3180
1	108.2	3180
1	140.21	3180
2	0	3180
2	39.62	3180
2	79.25	3180
2	124.97	3180
2	169.16	3180
2	201.17	3180
2	237.74	3180
2	277.37	3180
3	0	3180
3	51.82	3180
3	106.68	3180
3	154.84	3180
3	211.23	3180
3	267.61	3180
3	322.48	3180
3	379.48	3180
3	437.39	3180
4	0	3180
4	47.24	3180
4	89.92	3180
4	141.73	3180
1	0	3240
1	35.05	3240
1	70.1	3240
1	108.2	3240
1	140.21	3240
2	0	3240
2	39.62	3240
2	79.25	3240
2	124.97	3240
2	169.16	3240
2	201.17	3240
2	237.74	3240
2	277.37	3240
3	0	3240
3	51.82	3240
3	106.68	3240
3	154.84	3240
3	211.23	3240
3	267.61	3240
3	322.48	3240
3	379.48	3240
3	437.39	3240
4	0	3240
4	47.24	3240
4	89.92	3240
4	141.73	3240
1	0	3300
1	35.05	3300
1	70.1	3300
1	108.2	3300
1	140.21	3300
2	0	3300
2	39.62	3300
2	79.25	3300
2	124.97	3300
2	169.16	3300
2	201.17	3300
2	237.74	3300
2	277.37	3300
3	0	3300
3	51.82	3300
3	106.68	3300
3	154.84	3300
3	211.23	3300
3	267.61	3300
3	322.48	3300
3	379.48	3300
3	437.39	3300
4	0	3300
4	47.24	3300
4	89.92	3300
4	141.73	3300
1	0	3360
1	35.05	3360
1	70.1	3360
1	108.2	3360
1	140.21	3360
2	0	3360
2	39.62	3360
2	79.25	3360
2	124.97	3360
2	169.16	3360
2	201.17	3360
2	237.74	3360
2	277.37	3360
3	0	3360
3	51.82	3360
3	106.68	3360
3	154.84	3360
3	211.23	3360
3	267.61	3360
3	322.48	3360
3	379.48	3360
3	437.39	3360
4	0	3360
4	47.24	3360
4	89.92	3360
4	141.73	3360
1	0	3420
1	35.05	3420
1	70.1	3420
1	108.2	3420
1	140.21	3420
2	0	3420
2	39.62	3420
2	79.25	3420
2	124.97	3420
2	169.16	3420
2	201.17	3420
2	237.74	3420
2	277.37	3420
3	0	3420
3	51.82	3420
3	106.68	3420
3	154.84	3420
3	211.23	3420
3	267.61	3420
3	322.48	3420
3	379.48	3420
3	437.39	3420
4	0	3420
4	47.24	3420
4	89.92	3420
4	141.73	3420
1	0	3480
1	35.05	3480
1	70.1	3480
1	108.2	3480
1	140.21	3480
2	0	3480
2	39.62	3480
2	79.25	3480
2	124.97	3480
2	169.16	3480
2	201.17	3480
2	237.74	3480
2	277.37	3480
3	0	3480
3	51.82	3480
3	106.68	3480
3	154.84	3480
3	211.23	3480
3	267.61	3480
3	322.48	3480
3	379.48	3480
3	437.39	3480
4	0	3480
4	47.24	3480
4	89.92	3480
4	141.73	3480
1	0	3540
1	35.05	3540
1	70.1	3540
1	108.2	3540
1	140.21	3540
2	0	3540
2	39.62	3540
2	79.25	3540
2	124.97	3540
2	169.16	3540
2	201.17	3540
2	237.74	3540
2	277.37	3540
3	0	3540
3	51.82	3540
3	106.68	3540
3	154.84	3540
3	211.23	3540
3	267.61	3540
3	322.48	3540
3	379.48	3540
3	437.39	3540
4	0	3540
4	47.24	3540
4	89.92	3540
4	141.73	3540
1	0	3600
1	35.05	3600
1	70.1	3600
1	108.2	3600
1	140.21	3600
2	0	3600
2	39.62	3600
2	79.25	3600
2	124.97	3600
2	169.16	3600
2	201.17	3600
2	237.74	3600
2	277.37	3600
3	0	3600
3	51.82	3600
3	106.68	3600
3	154.84	3600
3	211.23	3600
3	267.61	3600
3	322.48	3600
3	379.48	3600
3	437.39	3600
4	0	3600
4	47.24	3600
4	89.92	3600
4	141.73	3600
1	0	3660
1	35.05	3660
1	70.1	3660
1	108.2	3660
1	140.21	3660
2	0	3660
2	39.62	3660
2	79.25	3660
2	124.97	3660
2	169.16	3660
2	201.17	3660
2	237.74	3660
2	277.37	3660
3	0	3660
3	51.82	3660
3	106.68	3660
3	154.84	3660
3	211.23	3660
3	267.61	3660
3	322.48	3660
3	379.48	3660
3	437.39	3660
4	0	3660
4	47.24	3660
4	89.92	3660
4	141.73	3660
1	0	3720
1	35.05	3720
1	70.1	3720
1	108.2	3720
1	140.21	3720
2	0	3720
2	39.62	3720
2	79.25	3720
2	124.97	3720
2	169.16	3720
2	201.17	3720
2	237.74	3720
2	277.37	3720
3	0	3720
3	51.82	3720
3	106.68	3720
3	154.84	3720
3	211.23	3720
3	267.61	3720
3	322.48	3720
3	379.48	3720
3	437.39	3720
4	0	3720
4	47.24	3720
4	89.92	3720
4	141.73	3720
1	0	3780
1	35.05	3780
1	70.1	3780
1	108.2	3780
1	140.21	3780
2	0	3780
2	39.62	3780
2	79.25	3780
2	124.97	3780
2	169.16	3780
2	201.17	3780
2	237.74	3780
2	277.37	3780
3	0	3780
3	51.82	3780
3	106.68	3780
3	154.84	3780
3	211.23	3780
3	267.61	3780
3	322.48	3780
3	379.48	3780
3	437.39	3780
4	0	3780
4	47.24	3780
4	89.92	3780
4	141.73	3780
1	0	3840
1	35.05	3840
1	70.1	3840
1	108.2	3840
1	140.21	3840
2	0	3840
2	39.62	3840
2	79.25	3840
2	124.97	3840
2	169.16	3840
2	201.17	3840
2	237.74	3840
2	277.37	3840
3	0	3840
3	51.82	3840
3	106.68	3840
3	154.84	3840
3	211.23	3840
3	267.61	3840
3	322.48	3840
3	379.48	3840
3	437.39	3840
4	0	3840
4	47.24	3840
4	89.92	3840
4	141.73	3840
1	0	3900
1	35.05	3900
1	70.1	3900
1	108.2	3900
1	140.21	3900
2	0	3900
2	39.62	3900
2	79.25	3900
2	124.97	3900
2	169.16	3900
2	201.17	3900
2	237.74	3900
2	277.37	3900
3	0	3900
3	51.82	3900
3	106.68	3900
3	154.84	3900
3	211.23	3900
3	267.61	3900
3	322.48	3900
3	379.48	3900
3	437.39	3900
4	0	3900
4	47.24	3900
4	89.92	3900
4	141.73	3900
1	0	3960
1	35.05	3960
1	70.1	3960
1	108.2	3960
1	140.21	3960
2	0	3960
2	39.62	3960
2	79.25	3960
2	124.97	3960
2	169.16	3960
2	201.17	3960
2	237.74	3960
2	277.37	3960
3	0	3960
3	51.82	3960
3	106.68	3960
3	154.84	3960
3	211.23	3960
3	267.61	3960
3	322.48	3960
3	379.48	3960
3	437.39	3960
4	0	3960
4	47.24	3960
4	89.92	3960
4	141.73	3960
1	0	4020
1	35.05	4020
1	70.1	4020
1	108.2	4020
1	140.21	4020
2	0	4020
2	39.62	4020
2	79.25	4020
2	124.97	4020
2	169.16	4020
2	201.17	4020
2	237.74	4020
2	277.37	4020
3	0	4020
3	51.82	4020
3	106.68	4020
3	154.84	4020
3	211.23	4020
3	267.61	4020
3	322.48	4020
3	379.48	4020
3	437.39	4020
4	0	4020
4	47.24	4020
4	89.92	4020
4	141.73	4020
1	0	4080
1	35.05	4080
1	70.1	4080
1	108.2	4080
1	140.21	4080
2	0	4080
2	39.62	4080
2	79.25	4080
2	124.97	4080
2	169.16	4080
2	201.17	4080
2	237.74	4080
2	277.37	4080
3	0	4080
3	51.82	4080
3	106.68	4080
3	154.84	4080
3	211.23	4080
3	267.61	4080
3	322.48	4080
3	379.48	4080
3	437.39	4080
4	0	4080
4	47.24	4080
4	89.92	4080
4	141.73	4080
1	0	4140
1	35.05	4140
1	70.1	4140
1	108.2	4140
1	140.21	4140
2	0	4140
2	39.62	4140
2	79.25	4140
2	124.97	4140
2	169.16	4140
2	201.17	4140
2	237.74	4140
2	277.37	4140
3	0	4140
3	51.82	4140
3	106.68	4140
3	154.84	4140
3	211.23	4140
3	267.61	4140
3	322.48	4140
3	379.48	4140
3	437.39	4140
4	0	4140
4	47.24	4140
4	89.92	4140
4	141.73	4140
1	0	4200
1	35.05	4200
1	70.1	4200
1	108.2	4200
1	140.21	4200
2	0	4200
2	39.62	4200
2	79.25	4200
2	124.97	4200
2	169.16	4200
2	201.17	4200
2	237.74	4200
2	277.37	4200
3	0	4200
3	51.82	4200
3	106.68	4200
3	154.84	4200
3	211.23	4200
3	267.61	4200
3	322.48	4200
3	379.48	4200
3	437.39	4200
4	0	4200
4	47.24	4200
4	89.92	4200
4	141.73	4200
1	0	4260
1	35.05	4260
1	70.1	4260
1	108.2	4260
1	140.21	4260
2	0	4260
2	39.62	4260
2	79.25	4260
2	124.97	4260
2	169.16	4260
2	201.17	4260
2	237.74	4260
2	277.37	4260
3	0	4260
3	51.82	4260
3	106.68	4260
3	154.84	4260
3	211.23	4260
3	267.61	4260
3	322.48	4260
3	379.48	4260
3	437.39	4260
4	0	4260
4	47.24	4260
4	89.92	4260
4	141.73	4260
1	0	4320
1	35.05	4320
1	70.1	4320
1	108.2	4320
1	140.21	4320
2	0	4320
2	39.62	4320
2	79.25	4320
2	124.97	4320
2	169.16	4320
2	201.17	4320
2	237.74	4320
2	277.37	4320
3	0	4320
3	51.82	4320
3	106.68	4320
3	154.84	4320
3	211.23	4320
3	267.61	4320
3	322.48	4320
3	379.48	4320
3	437.39	4320
4	0	4320
4	47.24	4320
4	89.92	4320
4	141.73	4320
1	0	4380
1	35.05	4380
1	70.1	4380
1	108.2	4380
1	140.21	4380
2	0	4380
2	39.62	4380
2	79.25	4380
2	124.97	4380
2	169.16	4380
2	201.17	4380
2	237.74	4380
2	277.37	4380
3	0	4380
3	51.82	4380
3	106.68	4380
3	154.84	4380
3	211.23	4380
3	267.61	4380
3	322.48	4380
3	379.48	4380
3	437.39	4380
4	0	4380
4	47.24	4380
4	89.92	4380
4	141.73	4380
1	0	4440
1	35.05	4440
1	70.1	4440
1	108.2	4440
1	140.21	4440
2	0	4440
2	39.62	4440
2	79.25	4440
2	124.97	4440
2	169.16	4440
2	201.17	4440
2	237.74	4440
2	277.37	4440
3	0	4440
3	51.82	4440
3	106.68	4440
3	154.84	4440
3	211.23	4440
3	267.61	4440
3	322.48	4440
3	379.48	4440
3	437.39	4440
4	0	4440
4	47.24	4440
4	89.92	4440
4	141.73	4440
1	0	4500
1	35.05	4500
1	70.1	4500
1	108.2	4500
1	140.21	4500
2	0	4500
2	39.62	4500
2	79.25	4500
2	124.97	4500
2	169.16	4500
2	201.17	4500
2	237.74	4500
2	277.37	4500
3	0	4500
3	51.82	4500
3	106.68	4500
3	154.84	4500
3	211.23	4500
3	267.61	4500
3	322.48	4500
3	379.48	4500
3	437.39	4500
4	0	4500
4	47.24	4500
4	89.92	4500
4	141.73	4500
1	0	4560
1	35.05	4560
1	70.1	4560
1	108.2	4560
1	140.21	4560
2	0	4560
2	39.62	4560
2	79.25	4560
2	124.97	4560
2	169.16	4560
2	201.17	4560
2	237.74	4560
2	277.37	4560
3	0	4560
3	51.82	4560
3	106.68	4560
3	154.84	4560
3	211.23	4560
3	267.61	4560
3	322.48	4560
3	379.48	4560
3	437.39	4560
4	0	4560
4	47.24	4560
4	89.92	4560
4	141.73	4560
1	0	4620
1	35.05	4620
1	70.1	4620
1	108.2	4620
1	140.21	4620
2	0	4620
2	39.62	4620
2	79.25	4620
2	124.97	4620
2	169.16	4620
2	201.17	4620
2	237.74	4620
2	277.37	4620
3	0	4620
3	51.82	4620
3	106.68	4620
3	154.84	4620
3	211.23	4620
3	267.61	4620
3	322.48	4620
3	379.48	4620
3	437.39	4620
4	0	4620
4	47.24	4620
4	89.92	4620
4	141.73	4620
1	0	4680
1	35.05	4680
1	70.1	4680
1	108.2	4680
1	140.21	4680
2	0	4680
2	39.62	4680
2	79.25	4680
2	124.97	4680
2	169.16	4680
2	201.17	4680
2	237.74	4680
2	277.37	4680
3	0	4680
3	51.82	4680
3	106.68	4680
3	154.84	4680
3	211.23	4680
3	267.61	4680
3	322.48	4680
3	379.48	4680
3	437.39	4680
4	0	4680
4	47.24	4680
4	89.92	4680
4	141.73	4680
1	0	4740
1	35.05	4740
1	70.1	4740
1	108.2	4740
1	140.21	4740
2	0	4740
2	39.62	4740
2	79.25	4740
2	124.97	4740
2	169.16	4740
2	201.17	4740
2	237.74	4740
2	277.37	4740
3	0	4740
3	51.82	4740
3	106.68	4740
3	154.84	4740
3	211.23	4740
3	267.61	4740
3	322.48	4740
3	379.48	4740
3	437.39	4740
4	0	4740
4	47.24	4740
4	89.92	4740
4	141.73	4740
1	0	4800
1	35.05	4800
1	70.1	4800
1	108.2	4800
1	140.21	4800
2	0	4800
2	39.62	4800
2	79.25	4800
2	124.97	4800
2	169.16	4800
2	201.17	4800
2	237.74	4800
2	277.37	4800
3	0	4800
3	51.82	4800
3	106.68	4800
3	154.84	4800
3	211.23	4800
3	267.61	4800
3	322.48	4800
3	379.48	4800
3	437.39	4800
4	0	4800
4	47.24	4800
4	89.92	4800
4	141.73	4800
1	0	4860
1	35.05	4860
1	70.1	4860
1	108.2	4860
1	140.21	4860
2	0	4860
2	39.62	4860
2	79.25	4860
2	124.97	4860
2	169.16	4860
2	201.17	4860
2	237.74	4860
2	277.37	4860
3	0	4860
3	51.82	4860
3	106.68	4860
3	154.84	4860
3	211.23	4860
3	267.61	4860
3	322.48	4860
3	379.48	4860
3	437.39	4860
4	0	4860
4	47.24	4860
4	89.92	4860
4	141.73	4860
1	0	4920
1	35.05	4920
1	70.1	4920
1	108.2	4920
1	140.21	4920
2	0	4920
2	39.62	4920
2	79.25	4920
2	124.97	4920
2	169.16	4920
2	201.17	4920
2	237.74	4920
2	277.37	4920
3	0	4920
3	51.82	4920
3	106.68	4920
3	154.84	4920
3	211.23	4920
3	267.61	4920
3	322.48	4920
3	379.48	4920
3	437.39	4920
4	0	4920
4	47.24	4920
4	89.92	4920
4	141.73	4920
1	0	4980
1	35.05	4980
1	70.1	4980
1	108.2	4980
1	140.21	4980
2	0	4980
2	39.62	4980
2	79.25	4980
2	124.97	4980
2	169.16	4980
2	201.17	4980
2	237.74	4980
2	277.37	4980
3	0	4980
3	51.82	4980
3	106.68	4980
3	154.84	4980
3	211.23	4980
3	267.61	4980
3	322.48	4980
3	379.48	4980
3	437.39	4980
4	0	4980
4	47.24	4980
4	89.92	4980
4	141.73	4980
1	0	5040
1	35.05	5040
1	70.1	5040
1	108.2	5040
1	140.21	5040
2	0	5040
2	39.62	5040
2	79.25	5040
2	124.97	5040
2	169.16	5040
2	201.17	5040
2	237.74	5040
2	277.37	5040
3	0	5040
3	51.82	5040
3	106.68	5040
3	154.84	5040
3	211.23	5040
3	267.61	5040
3	322.48	5040
3	379.48	5040
3	437.39	5040
4	0	5040
4	47.24	5040
4	89.92	5040
4	141.73	5040
1	0	5100
1	35.05	5100
1	70.1	5100
1	108.2	5100
1	140.21	5100
2	0	5100
2	39.62	5100
2	79.25	5100
2	124.97	5100
2	169.16	5100
2	201.17	5100
2	237.74	5100
2	277.37	5100
3	0	5100
3	51.82	5100
3	106.68	5100
3	154.84	5100
3	211.23	5100
3	267.61	5100
3	322.48	5100
3	379.48	5100
3	437.39	5100
4	0	5100
4	47.24	5100
4	89.92	5100
4	141.73	5100
1	0	5160
1	35.05	5160
1	70.1	5160
1	108.2	5160
1	140.21	5160
2	0	5160
2	39.62	5160
2	79.25	5160
2	124.97	5160
2	169.16	5160
2	201.17	5160
2	237.74	5160
2	277.37	5160
3	0	5160
3	51.82	5160
3	106.68	5160
3	154.84	5160
3	211.23	5160
3	267.61	5160
3	322.48	5160
3	379.48	5160
3	437.39	5160
4	0	5160
4	47.24	5160
4	89.92	5160
4	141.73	5160
1	0	5220
1	35.05	5220
1	70.1	5220
1	108.2	5220
1	140.21	5220
2	0	5220
2	39.62	5220
2	79.25	5220
2	124.97	5220
2	169.16	5220
2	201.17	5220
2	237.74	5220
2	277.37	5220
3	0	5220
3	51.82	5220
3	106.68	5220
3	154.84	5220
3	211.23	5220
3	267.61	5220
3	322.48	5220
3	379.48	5220
3	437.39	5220
4	0	5220
4	47.24	5220
4	89.92	5220
4	141.73	5220
1	0	5280
1	35.05	5280
1	70.1	5280
1	108.2	5280
1	140.21	5280
2	0	5280
2	39.62	5280
2	79.25	5280
2	124.97	5280
2	169.16	5280
2	201.17	5280
2	237.74	5280
2	277.37	5280
3	0	5280
3	51.82	5280
3	106.68	5280
3	154.84	5280
3	211.23	5280
3	267.61	5280
3	322.48	5280
3	379.48	5280
3	437.39	5280
4	0	5280
4	47.24	5280
4	89.92	5280
4	141.73	5280
1	0	5340
1	35.05	5340
1	70.1	5340
1	108.2	5340
1	140.21	5340
2	0	5340
2	39.62	5340
2	79.25	5340
2	124.97	5340
2	169.16	5340
2	201.17	5340
2	237.74	5340
2	277.37	5340
3	0	5340
3	51.82	5340
3	106.68	5340
3	154.84	5340
3	211.23	5340
3	267.61	5340
3	322.48	5340
3	379.48	5340
3	437.39	5340
4	0	5340
4	47.24	5340
4	89.92	5340
4	141.73	5340
1	0	5400
1	35.05	5400
1	70.1	5400
1	108.2	5400
1	140.21	5400
2	0	5400
2	39.62	5400
2	79.25	5400
2	124.97	5400
2	169.16	5400
2	201.17	5400
2	237.74	5400
2	277.37	5400
3	0	5400
3	51.82	5400
3	106.68	5400
3	154.84	5400
3	211.23	5400
3	267.61	5400
3	322.48	5400
3	379.48	5400
3	437.39	5400
4	0	5400
4	47.24	5400
4	89.92	5400
4	141.73	5400
1	0	5460
1	35.05	5460
1	70.1	5460
1	108.2	5460
1	140.21	5460
2	0	5460
2	39.62	5460
2	79.25	5460
2	124.97	5460
2	169.16	5460
2	201.17	5460
2	237.74	5460
2	277.37	5460
3	0	5460
3	51.82	5460
3	106.68	5460
3	154.84	5460
3	211.23	5460
3	267.61	5460
3	322.48	5460
3	379.48	5460
3	437.39	5460
4	0	5460
4	47.24	5460
4	89.92	5460
4	141.73	5460
1	0	5520
1	35.05	5520
1	70.1	5520
1	108.2	5520
1	140.21	5520
2	0	5520
2	39.62	5520
2	79.25	5520
2	124.97	5520
2	169.16	5520
2	201.17	5520
2	237.74	5520
2	277.37	5520
3	0	5520
3	51.82	5520
3	106.68	5520
3	154.84	5520
3	211.23	5520
3	267.61	5520
3	322.48	5520
3	379.48	5520
3	437.39	5520
4	0	5520
4	47.24	5520
4	89.92	5520
4	141.73	5520
1	0	5580
1	35.05	5580
1	70.1	5580
1	108.2	5580
1	140.21	5580
2	0	5580
2	39.62	5580
2	79.25	5580
2	124.97	5580
2	169.16	5580
2	201.17	5580
2	237.74	5580
2	277.37	5580
3	0	5580
3	51.82	5580
3	106.68	5580
3	154.84	5580
3	211.23	5580
3	267.61	5580
3	322.48	5580
3	379.48	5580
3	437.39	5580
4	0	5580
4	47.24	5580
4	89.92	5580
4	141.73	5580
1	0	5640
1	35.05	5640
1	70.1	5640
1	108.2	5640
1	140.21	5640
2	0	5640
2	39.62	5640
2	79.25	5640
2	124.97	5640
2	169.16	5640
2	201.17	5640
2	237.74	5640
2	277.37	5640
3	0	5640
3	51.82	5640
3	106.68	5640
3	154.84	5640
3	211.23	5640
3	267.61	5640
3	322.48	5640
3	379.48	5640
3	437.39	5640
4	0	5640
4	47.24	5640
4	89.92	5640
4	141.73	5640
1	0	5700
1	35.05	5700
1	70.1	5700
1	108.2	5700
1	140.21	5700
2	0	5700
2	39.62	5700
2	79.25	5700
2	124.97	5700
2	169.16	5700
2	201.17	5700
2	237.74	5700
2	277.37	5700
3	0	5700
3	51.82	5700
3	106.68	5700
3	154.84	5700
3	211.23	5700
3	267.61	5700
3	322.48	5700
3	379.48	5700
3	437.39	5700
4	0	5700
4	47.24	5700
4	89.92	5700
4	141.73	5700
1	0	5760
1	35.05	5760
1	70.1	5760
1	108.2	5760
1	140.21	5760
2	0	5760
2	39.62	5760
2	79.25	5760
2	124.97	5760
2	169.16	5760
2	201.17	5760
2	237.74	5760
2	277.37	5760
3	0	5760
3	51.82	5760
3	106.68	5760
3	154.84	5760
3	211.23	5760
3	267.61	5760
3	322.48	5760
3	379.48	5760
3	437.39	5760
4	0	5760
4	47.24	5760
4	89.92	5760
4	141.73	5760
1	0	5820
1	35.05	5820
1	70.1	5820
1	108.2	5820
1	140.21	5820
2	0	5820
2	39.62	5820
2	79.25	5820
2	124.97	5820
2	169.16	5820
2	201.17	5820
2	237.74	5820
2	277.37	5820
3	0	5820
3	51.82	5820
3	106.68	5820
3	154.84	5820
3	211.23	5820
3	267.61	5820
3	322.48	5820
3	379.48	5820
3	437.39	5820
4	0	5820
4	47.24	5820
4	89.92	5820
4	141.73	5820
1	0	5880
1	35.05	5880
1	70.1	5880
1	108.2	5880
1	140.21	5880
2	0	5880
2	39.62	5880
2	79.25	5880
2	124.97	5880
2	169.16	5880
2	201.17	5880
2	237.74	5880
2	277.37	5880
3	0	5880
3	51.82	5880
3	106.68	5880
3	154.84	5880
3	211.23	5880
3	267.61	5880
3	322.48	5880
3	379.48	5880
3	437.39	5880
4	0	5880
4	47.24	5880
4	89.92	5880
4	141.73	5880
1	0	5940
1	35.05	5940
1	70.1	5940
1	108.2	5940
1	140.21	5940
2	0	5940
2	39.62	5940
2	79.25	5940
2	124.97	5940
2	169.16	5940
2	201.17	5940
2	237.74	5940
2	277.37	5940
3	0	5940
3	51.82	5940
3	106.68	5940
3	154.84	5940
3	211.23	5940
3	267.61	5940
3	322.48	5940
3	379.48	5940
3	437.39	5940
4	0	5940
4	47.24	5940
4	89.92	5940
4	141.73	5940
1	0	6000
1	35.05	6000
1	70.1	6000
1	108.2	6000
1	140.21	6000
2	0	6000
2	39.62	6000
2	79.25	6000
2	124.97	6000
2	169.16	6000
2	201.17	6000
2	237.74	6000
2	277.37	6000
3	0	6000
3	51.82	6000
3	106.68	6000
3	154.84	6000
3	211.23	6000
3	267.61	6000
3	322.48	6000
3	379.48	6000
3	437.39	6000
4	0	6000
4	47.24	6000
4	89.92	6000
4	141.73	6000
1	0	6060
1	35.05	6060
1	70.1	6060
1	108.2	6060
1	140.21	6060
2	0	6060
2	39.62	6060
2	79.25	6060
2	124.97	6060
2	169.16	6060
2	201.17	6060
2	237.74	6060
2	277.37	6060
3	0	6060
3	51.82	6060
3	106.68	6060
3	154.84	6060
3	211.23	6060
3	267.61	6060
3	322.48	6060
3	379.48	6060
3	437.39	6060
4	0	6060
4	47.24	6060
4	89.92	6060
4	141.73	6060
1	0	6120
1	35.05	6120
1	70.1	6120
1	108.2	6120
1	140.21	6120
2	0	6120
2	39.62	6120
2	79.25	6120
2	124.97	6120
2	169.16	6120
2	201.17	6120
2	237.74	6120
2	277.37	6120
3	0	6120
3	51.82	6120
3	106.68	6120
3	154.84	6120
3	211.23	6120
3	267.61	6120
3	322.48	6120
3	379.48	6120
3	437.39	6120
4	0	6120
4	47.24	6120
4	89.92	6120
4	141.73	6120
1	0	6180
1	35.05	6180
1	70.1	6180
1	108.2	6180
1	140.21	6180
2	0	6180
2	39.62	6180
2	79.25	6180
2	124.97	6180
2	169.16	6180
2	201.17	6180
2	237.74	6180
2	277.37	6180
3	0	6180
3	51.82	6180
3	106.68	6180
3	154.84	6180
3	211.23	6180
3	267.61	6180
3	322.48	6180
3	379.48	6180
3	437.39	6180
4	0	6180
4	47.24	6180
4	89.92	6180
4	141.73	6180
1	0	6240
1	35.05	6240
1	70.1	6240
1	108.2	6240
1	140.21	6240
2	0	6240
2	39.62	6240
2	79.25	6240
2	124.97	6240
2	169.16	6240
2	201.17	6240
2	237.74	6240
2	277.37	6240
3	0	6240
3	51.82	6240
3	106.68	6240
3	154.84	6240
3	211.23	6240
3	267.61	6240
3	322.48	6240
3	379.48	6240
3	437.39	6240
4	0	6240
4	47.24	6240
4	89.92	6240
4	141.73	6240
1	0	6300
1	35.05	6300
1	70.1	6300
1	108.2	6300
1	140.21	6300
2	0	6300
2	39.62	6300
2	79.25	6300
2	124.97	6300
2	169.16	6300
2	201.17	6300
2	237.74	6300
2	277.37	6300
3	0	6300
3	51.82	6300
3	106.68	6300
3	154.84	6300
3	211.23	6300
3	267.61	6300
3	322.48	6300
3	379.48	6300
3	437.39	6300
4	0	6300
4	47.24	6300
4	89.92	6300
4	141.73	6300
1	0	6360
1	35.05	6360
1	70.1	6360
1	108.2	6360
1	140.21	6360
2	0	6360
2	39.62	6360
2	79.25	6360
2	124.97	6360
2	169.16	6360
2	201.17	6360
2	237.74	6360
2	277.37	6360
3	0	6360
3	51.82	6360
3	106.68	6360
3	154.84	6360
3	211.23	6360
3	267.61	6360
3	322.48	6360
3	379.48	6360
3	437.39	6360
4	0	6360
4	47.24	6360
4	89.92	6360
4	141.73	6360
1	0	6420
1	35.05	6420
1	70.1	6420
1	108.2	6420
1	140.21	6420
2	0	6420
2	39.62	6420
2	79.25	6420
2	124.97	6420
2	169.16	6420
2	201.17	6420
2	237.74	6420
2	277.37	6420
3	0	6420
3	51.82	6420
3	106.68	6420
3	154.84	6420
3	211.23	6420
3	267.61	6420
3	322.48	6420
3	379.48	6420
3	437.39	6420
4	0	6420
4	47.24	6420
4	89.92	6420
4	141.73	6420
1	0	6480
1	35.05	6480
1	70.1	6480
1	108.2	6480
1	140.21	6480
2	0	6480
2	39.62	6480
2	79.25	6480
2	124.97	6480
2	169.16	6480
2	201.17	6480
2	237.74	6480
2	277.37	6480
3	0	6480
3	51.82	6480
3	106.68	6480
3	154.84	6480
3	211.23	6480
3	267.61	6480
3	322.48	6480
3	379.48	6480
3	437.39	6480
4	0	6480
4	47.24	6480
4	89.92	6480
4	141.73	6480
1	0	6540
1	35.05	6540
1	70.1	6540
1	108.2	6540
1	140.21	6540
2	0	6540
2	39.62	6540
2	79.25	6540
2	124.97	6540
2	169.16	6540
2	201.17	6540
2	237.74	6540
2	277.37	6540
3	0	6540
3	51.82	6540
3	106.68	6540
3	154.84	6540
3	211.23	6540
3	267.61	6540
3	322.48	6540
3	379.48	6540
3	437.39	6540
4	0	6540
4	47.24	6540
4	89.92	6540
4	141.73	6540
1	0	6600
1	35.05	6600
1	70.1	6600
1	108.2	6600
1	140.21	6600
2	0	6600
2	39.62	6600
2	79.25	6600
2	124.97	6600
2	169.16	6600
2	201.17	6600
2	237.74	6600
2	277.37	6600
3	0	6600
3	51.82	6600
3	106.68	6600
3	154.84	6600
3	211.23	6600
3	267.61	6600
3	322.48	6600
3	379.48	6600
3	437.39	6600
4	0	6600
4	47.24	6600
4	89.92	6600
4	141.73	6600
1	0	6660
1	35.05	6660
1	70.1	6660
1	108.2	6660
1	140.21	6660
2	0	6660
2	39.62	6660
2	79.25	6660
2	124.97	6660
2	169.16	6660
2	201.17	6660
2	237.74	6660
2	277.37	6660
3	0	6660
3	51.82	6660
3	106.68	6660
3	154.84	6660
3	211.23	6660
3	267.61	6660
3	322.48	6660
3	379.48	6660
3	437.39	6660
4	0	6660
4	47.24	6660
4	89.92	6660
4	141.73	6660
1	0	6720
1	35.05	6720
1	70.1	6720
1	108.2	6720
1	140.21	6720
2	0	6720
2	39.62	6720
2	79.25	6720
2	124.97	6720
2	169.16	6720
2	201.17	6720
2	237.74	6720
2	277.37	6720
3	0	6720
3	51.82	6720
3	106.68	6720
3	154.84	6720
3	211.23	6720
3	267.61	6720
3	322.48	6720
3	379.48	6720
3	437.39	6720
4	0	6720
4	47.24	6720
4	89.92	6720
4	141.73	6720
1	0	6780
1	35.05	6780
1	70.1	6780
1	108.2	6780
1	140.21	6780
2	0	6780
2	39.62	6780
2	79.25	6780
2	124.97	6780
2	169.16	6780
2	201.17	6780
2	237.74	6780
2	277.37	6780
3	0	6780
3	51.82	6780
3	106.68	6780
3	154.84	6780
3	211.23	6780
3	267.61	6780
3	322.48	6780
3	379.48	6780
3	437.39	6780
4	0	6780
4	47.24	6780
4	89.92	6780
4	141.73	6780
1	0	6840
1	35.05	6840
1	70.1	6840
1	108.2	6840
1	140.21	6840
2	0	6840
2	39.62	6840
2	79.25	6840
2	124.97	6840
2	169.16	6840
2	201.17	6840
2	237.74	6840
2	277.37	6840
3	0	6840
3	51.82	6840
3	106.68	6840
3	154.84	6840
3	211.23	6840
3	267.61	6840
3	322.48	6840
3	379.48	6840
3	437.39	6840
4	0	6840
4	47.24	6840
4	89.92	6840
4	141.73	6840
1	0	6900
1	35.05	6900
1	70.1	6900
1	108.2	6900
1	140.21	6900
2	0	6900
2	39.62	6900
2	79.25	6900
2	124.97	6900
2	169.16	6900
2	201.17	6900
2	237.74	6900
2	277.37	6900
3	0	6900
3	51.82	6900
3	106.68	6900
3	154.84	6900
3	211.23	6900
3	267.61	6900
3	322.48	6900
3	379.48	6900
3	437.39	6900
4	0	6900
4	47.24	6900
4	89.92	6900
4	141.73	6900
1	0	6960
1	35.05	6960
1	70.1	6960
1	108.2	6960
1	140.21	6960
2	0	6960
2	39.62	6960
2	79.25	6960
2	124.97	6960
2	169.16	6960
2	201.17	6960
2	237.74	6960
2	277.37	6960
3	0	6960
3	51.82	6960
3	106.68	6960
3	154.84	6960
3	211.23	6960
3	267.61	6960
3	322.48	6960
3	379.48	6960
3	437.39	6960
4	0	6960
4	47.24	6960
4	89.92	6960
4	141.73	6960
1	0	7020
1	35.05	7020
1	70.1	7020
1	108.2	7020
1	140.21	7020
2	0	7020
2	39.62	7020
2	79.25	7020
2	124.97	7020
2	169.16	7020
2	201.17	7020
2	237.74	7020
2	277.37	7020
3	0	7020
3	51.82	7020
3	106.68	7020
3	154.84	7020
3	211.23	7020
3	267.61	7020
3	322.48	7020
3	379.48	7020
3	437.39	7020
4	0	7020
4	47.24	7020
4	89.92	7020
4	141.73	7020
1	0	7080
1	35.05	7080
1	70.1	7080
1	108.2	7080
1	140.21	7080
2	0	7080
2	39.62	7080
2	79.25	7080
2	124.97	7080
2	169.16	7080
2	201.17	7080
2	237.74	7080
2	277.37	7080
3	0	7080
3	51.82	7080
3	106.68	7080
3	154.84	7080
3	211.23	7080
3	267.61	7080
3	322.48	7080
3	379.48	7080
3	437.39	7080
4	0	7080
4	47.24	7080
4	89.92	7080
4	141.73	7080
1	0	7140
1	35.05	7140
1	70.1	7140
1	108.2	7140
1	140.21	7140
2	0	7140
2	39.62	7140
2	79.25	7140
2	124.97	7140
2	169.16	7140
2	201.17	7140
2	237.74	7140
2	277.37	7140
3	0	7140
3	51.82	7140
3	106.68	7140
3	154.84	7140
3	211.23	7140
3	267.61	7140
3	322.48	7140
3	379.48	7140
3	437.39	7140
4	0	7140
4	47.24	7140
4	89.92	7140
4	141.73	7140
1	0	7200
1	35.05	7200
1	70.1	7200
1	108.2	7200
1	140.21	7200
2	0	7200
2	39.62	7200
2	79.25	7200
2	124.97	7200
2	169.16	7200
2	201.17	7200
2	237.74	7200
2	277.37	7200
3	0	7200
3	51.82	7200
3	106.68	7200
3	154.84	7200
3	211.23	7200
3	267.61	7200
3	322.48	7200
3	379.48	7200
3	437.39	7200
4	0	7200
4	47.24	7200
4	89.92	7200
4	141.73	7200
1	0	7260
1	35.05	7260
1	70.1	7260
1	108.2	7260
1	140.21	7260
2	0	7260
2	39.62	7260
2	79.25	7260
2	124.97	7260
2	169.16	7260
2	201.17	7260
2	237.74	7260
2	277.37	7260
3	0	7260
3	51.82	7260
3	106.68	7260
3	154.84	7260
3	211.23	7260
3	267.61	7260
3	322.48	7260
3	379.48	7260
3	437.39	7260
4	0	7260
4	47.24	7260
4	89.92	7260
4	141.73	7260
1	0	7320
1	35.05	7320
1	70.1	7320
1	108.2	7320
1	140.21	7320
2	0	7320
2	39.62	7320
2	79.25	7320
2	124.97	7320
2	169.16	7320
2	201.17	7320
2	237.74	7320
2	277.37	7320
3	0	7320
3	51.82	7320
3	106.68	7320
3	154.84	7320
3	211.23	7320
3	267.61	7320
3	322.48	7320
3	379.48	7320
3	437.39	7320
4	0	7320
4	47.24	7320
4	89.92	7320
4	141.73	7320
1	0	7380
1	35.05	7380
1	70.1	7380
1	108.2	7380
1	140.21	7380
2	0	7380
2	39.62	7380
2	79.25	7380
2	124.97	7380
2	169.16	7380
2	201.17	7380
2	237.74	7380
2	277.37	7380
3	0	7380
3	51.82	7380
3	106.68	7380
3	154.84	7380
3	211.23	7380
3	267.61	7380
3	322.48	7380
3	379.48	7380
3	437.39	7380
4	0	7380
4	47.24	7380
4	89.92	7380
4	141.73	7380
1	0	7440
1	35.05	7440
1	70.1	7440
1	108.2	7440
1	140.21	7440
2	0	7440
2	39.62	7440
2	79.25	7440
2	124.97	7440
2	169.16	7440
2	201.17	7440
2	237.74	7440
2	277.37	7440
3	0	7440
3	51.82	7440
3	106.68	7440
3	154.84	7440
3	211.23	7440
3	267.61	7440
3	322.48	7440
3	379.48	7440
3	437.39	7440
4	0	7440
4	47.24	7440
4	89.92	7440
4	141.73	7440
1	0	7500
1	35.05	7500
1	70.1	7500
1	108.2	7500
1	140.21	7500
2	0	7500
2	39.62	7500
2	79.25	7500
2	124.97	7500
2	169.16	7500
2	201.17	7500
2	237.74	7500
2	277.37	7500
3	0	7500
3	51.82	7500
3	106.68	7500
3	154.84	7500
3	211.23	7500
3	267.61	7500
3	322.48	7500
3	379.48	7500
3	437.39	7500
4	0	7500
4	47.24	7500
4	89.92	7500
4	141.73	7500
1	0	7560
1	35.05	7560
1	70.1	7560
1	108.2	7560
1	140.21	7560
2	0	7560
2	39.62	7560
2	79.25	7560
2	124.97	7560
2	169.16	7560
2	201.17	7560
2	237.74	7560
2	277.37	7560
3	0	7560
3	51.82	7560
3	106.68	7560
3	154.84	7560
3	211.23	7560
3	267.61	7560
3	322.48	7560
3	379.48	7560
3	437.39	7560
4	0	7560
4	47.24	7560
4	89.92	7560
4	141.73	7560
1	0	7620
1	35.05	7620
1	70.1	7620
1	108.2	7620
1	140.21	7620
2	0	7620
2	39.62	7620
2	79.25	7620
2	124.97	7620
2	169.16	7620
2	201.17	7620
2	237.74	7620
2	277.37	7620
3	0	7620
3	51.82	7620
3	106.68	7620
3	154.84	7620
3	211.23	7620
3	267.61	7620
3	322.48	7620
3	379.48	7620
3	437.39	7620
4	0	7620
4	47.24	7620
4	89.92	7620
4	141.73	7620
1	0	7680
1	35.05	7680
1	70.1	7680
1	108.2	7680
1	140.21	7680
2	0	7680
2	39.62	7680
2	79.25	7680
2	124.97	7680
2	169.16	7680
2	201.17	7680
2	237.74	7680
2	277.37	7680
3	0	7680
3	51.82	7680
3	106.68	7680
3	154.84	7680
3	211.23	7680
3	267.61	7680
3	322.48	7680
3	379.48	7680
3	437.39	7680
4	0	7680
4	47.24	7680
4	89.92	7680
4	141.73	7680
1	0	7740
1	35.05	7740
1	70.1	7740
1	108.2	7740
1	140.21	7740
2	0	7740
2	39.62	7740
2	79.25	7740
2	124.97	7740
2	169.16	7740
2	201.17	7740
2	237.74	7740
2	277.37	7740
3	0	7740
3	51.82	7740
3	106.68	7740
3	154.84	7740
3	211.23	7740
3	267.61	7740
3	322.48	7740
3	379.48	7740
3	437.39	7740
4	0	7740
4	47.24	7740
4	89.92	7740
4	141.73	7740
1	0	7800
1	35.05	7800
1	70.1	7800
1	108.2	7800
1	140.21	7800
2	0	7800
2	39.62	7800
2	79.25	7800
2	124.97	7800
2	169.16	7800
2	201.17	7800
2	237.74	7800
2	277.37	7800
3	0	7800
3	51.82	7800
3	106.68	7800
3	154.84	7800
3	211.23	7800
3	267.61	7800
3	322.48	7800
3	379.48	7800
3	437.39	7800
4	0	7800
4	47.24	7800
4	89.92	7800
4	141.73	7800
1	0	7860
1	35.05	7860
1	70.1	7860
1	108.2	7860
1	140.21	7860
2	0	7860
2	39.62	7860
2	79.25	7860
2	124.97	7860
2	169.16	7860
2	201.17	7860
2	237.74	7860
2	277.37	7860
3	0	7860
3	51.82	7860
3	106.68	7860
3	154.84	7860
3	211.23	7860
3	267.61	7860
3	322.48	7860
3	379.48	7860
3	437.39	7860
4	0	7860
4	47.24	7860
4	89.92	7860
4	141.73	7860
1	0	7920
1	35.05	7920
1	70.1	7920
1	108.2	7920
1	140.21	7920
2	0	7920
2	39.62	7920
2	79.25	7920
2	124.97	7920
2	169.16	7920
2	201.17	7920
2	237.74	7920
2	277.37	7920
3	0	7920
3	51.82	7920
3	106.68	7920
3	154.84	7920
3	211.23	7920
3	267.61	7920
3	322.48	7920
3	379.48	7920
3	437.39	7920
4	0	7920
4	47.24	7920
4	89.92	7920
4	141.73	7920
1	0	7980
1	35.05	7980
1	70.1	7980
1	108.2	7980
1	140.21	7980
2	0	7980
2	39.62	7980
2	79.25	7980
2	124.97	7980
2	169.16	7980
2	201.17	7980
2	237.74	7980
2	277.37	7980
3	0	7980
3	51.82	7980
3	106.68	7980
3	154.84	7980
3	211.23	7980
3	267.61	7980
3	322.48	7980
3	379.48	7980
3	437.39	7980
4	0	7980
4	47.24	7980
4	89.92	7980
4	141.73	7980
1	0	8040
1	35.05	8040
1	70.1	8040
1	108.2	8040
1	140.21	8040
2	0	8040
2	39.62	8040
2	79.25	8040
2	124.97	8040
2	169.16	8040
2	201.17	8040
2	237.74	8040
2	277.37	8040
3	0	8040
3	51.82	8040
3	106.68	8040
3	154.84	8040
3	211.23	8040
3	267.61	8040
3	322.48	8040
3	379.48	8040
3	437.39	8040
4	0	8040
4	47.24	8040
4	89.92	8040
4	141.73	8040
1	0	8100
1	35.05	8100
1	70.1	8100
1	108.2	8100
1	140.21	8100
2	0	8100
2	39.62	8100
2	79.25	8100
2	124.97	8100
2	169.16	8100
2	201.17	8100
2	237.74	8100
2	277.37	8100
3	0	8100
3	51.82	8100
3	106.68	8100
3	154.84	8100
3	211.23	8100
3	267.61	8100
3	322.48	8100
3	379.48	8100
3	437.39	8100
4	0	8100
4	47.24	8100
4	89.92	8100
4	141.73	8100
1	0	8160
1	35.05	8160
1	70.1	8160
1	108.2	8160
1	140.21	8160
2	0	8160
2	39.62	8160
2	79.25	8160
2	124.97	8160
2	169.16	8160
2	201.17	8160
2	237.74	8160
2	277.37	8160
3	0	8160
3	51.82	8160
3	106.68	8160
3	154.84	8160
3	211.23	8160
3	267.61	8160
3	322.48	8160
3	379.48	8160
3	437.39	8160
4	0	8160
4	47.24	8160
4	89.92	8160
4	141.73	8160
1	0	8220
1	35.05	8220
1	70.1	8220
1	108.2	8220
1	140.21	8220
2	0	8220
2	39.62	8220
2	79.25	8220
2	124.97	8220
2	169.16	8220
2	201.17	8220
2	237.74	8220
2	277.37	8220
3	0	8220
3	51.82	8220
3	106.68	8220
3	154.84	8220
3	211.23	8220
3	267.61	8220
3	322.48	8220
3	379.48	8220
3	437.39	8220
4	0	8220
4	47.24	8220
4	89.92	8220
4	141.73	8220
1	0	8280
1	35.05	8280
1	70.1	8280
1	108.2	8280
1	140.21	8280
2	0	8280
2	39.62	8280
2	79.25	8280
2	124.97	8280
2	169.16	8280
2	201.17	8280
2	237.74	8280
2	277.37	8280
3	0	8280
3	51.82	8280
3	106.68	8280
3	154.84	8280
3	211.23	8280
3	267.61	8280
3	322.48	8280
3	379.48	8280
3	437.39	8280
4	0	8280
4	47.24	8280
4	89.92	8280
4	141.73	8280
1	0	8340
1	35.05	8340
1	70.1	8340
1	108.2	8340
1	140.21	8340
2	0	8340
2	39.62	8340
2	79.25	8340
2	124.97	8340
2	169.16	8340
2	201.17	8340
2	237.74	8340
2	277.37	8340
3	0	8340
3	51.82	8340
3	106.68	8340
3	154.84	8340
3	211.23	8340
3	267.61	8340
3	322.48	8340
3	379.48	8340
3	437.39	8340
4	0	8340
4	47.24	8340
4	89.92	8340
4	141.73	8340
1	0	8400
1	35.05	8400
1	70.1	8400
1	108.2	8400
1	140.21	8400
2	0	8400
2	39.62	8400
2	79.25	8400
2	124.97	8400
2	169.16	8400
2	201.17	8400
2	237.74	8400
2	277.37	8400
3	0	8400
3	51.82	8400
3	106.68	8400
3	154.84	8400
3	211.23	8400
3	267.61	8400
3	322.48	8400
3	379.48	8400
3	437.39	8400
4	0	8400
4	47.24	8400
4	89.92	8400
4	141.73	8400
1	0	8460
1	35.05	8460
1	70.1	8460
1	108.2	8460
1	140.21	8460
2	0	8460
2	39.62	8460
2	79.25	8460
2	124.97	8460
2	169.16	8460
2	201.17	8460
2	237.74	8460
2	277.37	8460
3	0	8460
3	51.82	8460
3	106.68	8460
3	154.84	8460
3	211.23	8460
3	267.61	8460
3	322.48	8460
3	379.48	8460
3	437.39	8460
4	0	8460
4	47.24	8460
4	89.92	8460
4	141.73	8460
1	0	8520
1	35.05	8520
1	70.1	8520
1	108.2	8520
1	140.21	8520
2	0	8520
2	39.62	8520
2	79.25	8520
2	124.97	8520
2	169.16	8520
2	201.17	8520
2	237.74	8520
2	277.37	8520
3	0	8520
3	51.82	8520
3	106.68	8520
3	154.84	8520
3	211.23	8520
3	267.61	8520
3	322.48	8520
3	379.48	8520
3	437.39	8520
4	0	8520
4	47.24	8520
4	89.92	8520
4	141.73	8520
1	0	8580
1	35.05	8580
1	70.1	8580
1	108.2	8580
1	140.21	8580
2	0	8580
2	39.62	8580
2	79.25	8580
2	124.97	8580
2	169.16	8580
2	201.17	8580
2	237.74	8580
2	277.37	8580
3	0	8580
3	51.82	8580
3	106.68	8580
3	154.84	8580
3	211.23	8580
3	267.61	8580
3	322.48	8580
3	379.48	8580
3	437.39	8580
4	0	8580
4	47.24	8580
4	89.92	8580
4	141.73	8580
1	0	8640
1	35.05	8640
1	70.1	8640
1	108.2	8640
1	140.21	8640
2	0	8640
2	39.62	8640
2	79.25	8640
2	124.97	8640
2	169.16	8640
2	201.17	8640
2	237.74	8640
2	277.37	8640
3	0	8640
3	51.82	8640
3	106.68	8640
3	154.84	8640
3	211.23	8640
3	267.61	8640
3	322.48	8640
3	379.48	8640
3	437.39	8640
4	0	8640
4	47.24	8640
4	89.92	8640
4	141.73	8640
1	0	8700
1	35.05	8700
1	70.1	8700
1	108.2	8700
1	140.21	8700
2	0	8700
2	39.62	8700
2	79.25	8700
2	124.97	8700
2	169.16	8700
2	201.17	8700
2	237.74	8700
2	277.37	8700
3	0	8700
3	51.82	8700
3	106.68	8700
3	154.84	8700
3	211.23	8700
3	267.61	8700
3	322.48	8700
3	379.48	8700
3	437.39	8700
4	0	8700
4	47.24	8700
4	89.92	8700
4	141.73	8700
1	0	8760
1	35.05	8760
1	70.1	8760
1	108.2	8760
1	140.21	8760
2	0	8760
2	39.62	8760
2	79.25	8760
2	124.97	8760
2	169.16	8760
2	201.17	8760
2	237.74	8760
2	277.37	8760
3	0	8760
3	51.82	8760
3	106.68	8760
3	154.84	8760
3	211.23	8760
3	267.61	8760
3	322.48	8760
3	379.48	8760
3	437.39	8760
4	0	8760
4	47.24	8760
4	89.92	8760
4	141.73	8760
1	0	8820
1	35.05	8820
1	70.1	8820
1	108.2	8820
1	140.21	8820
2	0	8820
2	39.62	8820
2	79.25	8820
2	124.97	8820
2	169.16	8820
2	201.17	8820
2	237.74	8820
2	277.37	8820
3	0	8820
3	51.82	8820
3	106.68	8820
3	154.84	8820
3	211.23	8820
3	267.61	8820
3	322.48	8820
3	379.48	8820
3	437.39	8820
4	0	8820
4	47.24	8820
4	89.92	8820
4	141.73	8820
1	0	8880
1	35.05	8880
1	70.1	8880
1	108.2	8880
1	140.21	8880
2	0	8880
2	39.62	8880
2	79.25	8880
2	124.97	8880
2	169.16	8880
2	201.17	8880
2	237.74	8880
2	277.37	8880
3	0	8880
3	51.82	8880
3	106.68	8880
3	154.84	8880
3	211.23	8880
3	267.61	8880
3	322.48	8880
3	379.48	8880
3	437.39	8880
4	0	8880
4	47.24	8880
4	89.92	8880
4	141.73	8880
1	0	8940
1	35.05	8940
1	70.1	8940
1	108.2	8940
1	140.21	8940
2	0	8940
2	39.62	8940
2	79.25	8940
2	124.97	8940
2	169.16	8940
2	201.17	8940
2	237.74	8940
2	277.37	8940
3	0	8940
3	51.82	8940
3	106.68	8940
3	154.84	8940
3	211.23	8940
3	267.61	8940
3	322.48	8940
3	379.48	8940
3	437.39	8940
4	0	8940
4	47.24	8940
4	89.92	8940
4	141.73	8940
1	0	9000
1	35.05	9000
1	70.1	9000
1	108.2	9000
1	140.21	9000
2	0	9000
2	39.62	9000
2	79.25	9000
2	124.97	9000
2	169.16	9000
2	201.17	9000
2	237.74	9000
2	277.37	9000
3	0	9000
3	51.82	9000
3	106.68	9000
3	154.84	9000
3	211.23	9000
3	267.61	9000
3	322.48	9000
3	379.48	9000
3	437.39	9000
4	0	9000
4	47.24	9000
4	89.92	9000
4	141.73	9000
1	0	9060
1	35.05	9060
1	70.1	9060
1	108.2	9060
1	140.21	9060
2	0	9060
2	39.62	9060
2	79.25	9060
2	124.97	9060
2	169.16	9060
2	201.17	9060
2	237.74	9060
2	277.37	9060
3	0	9060
3	51.82	9060
3	106.68	9060
3	154.84	9060
3	211.23	9060
3	267.61	9060
3	322.48	9060
3	379.48	9060
3	437.39	9060
4	0	9060
4	47.24	9060
4	89.92	9060
4	141.73	9060
1	0	9120
1	35.05	9120
1	70.1	9120
1	108.2	9120
1	140.21	9120
2	0	9120
2	39.62	9120
2	79.25	9120
2	124.97	9120
2	169.16	9120
2	201.17	9120
2	237.74	9120
2	277.37	9120
3	0	9120
3	51.82	9120
3	106.68	9120
3	154.84	9120
3	211.23	9120
3	267.61	9120
3	322.48	9120
3	379.48	9120
3	437.39	9120
4	0	9120
4	47.24	9120
4	89.92	9120
4	141.73	9120
1	0	9180
1	35.05	9180
1	70.1	9180
1	108.2	9180
1	140.21	9180
2	0	9180
2	39.62	9180
2	79.25	9180
2	124.97	9180
2	169.16	9180
2	201.17	9180
2	237.74	9180
2	277.37	9180
3	0	9180
3	51.82	9180
3	106.68	9180
3	154.84	9180
3	211.23	9180
3	267.61	9180
3	322.48	9180
3	379.48	9180
3	437.39	9180
4	0	9180
4	47.24	9180
4	89.92	9180
4	141.73	9180
1	0	9240
1	35.05	9240
1	70.1	9240
1	108.2	9240
1	140.21	9240
2	0	9240
2	39.62	9240
2	79.25	9240
2	124.97	9240
2	169.16	9240
2	201.17	9240
2	237.74	9240
2	277.37	9240
3	0	9240
3	51.82	9240
3	106.68	9240
3	154.84	9240
3	211.23	9240
3	267.61	9240
3	322.48	9240
3	379.48	9240
3	437.39	9240
4	0	9240
4	47.24	9240
4	89.92	9240
4	141.73	9240
1	0	9300
1	35.05	9300
1	70.1	9300
1	108.2	9300
1	140.21	9300
2	0	9300
2	39.62	9300
2	79.25	9300
2	124.97	9300
2	169.16	9300
2	201.17	9300
2	237.74	9300
2	277.37	9300
3	0	9300
3	51.82	9300
3	106.68	9300
3	154.84	9300
3	211.23	9300
3	267.61	9300
3	322.48	9300
3	379.48	9300
3	437.39	9300
4	0	9300
4	47.24	9300
4	89.92	9300
4	141.73	9300
1	0	9360
1	35.05	9360
1	70.1	9360
1	108.2	9360
1	140.21	9360
2	0	9360
2	39.62	9360
2	79.25	9360
2	124.97	9360
2	169.16	9360
2	201.17	9360
2	237.74	9360
2	277.37	9360
3	0	9360
3	51.82	9360
3	106.68	9360
3	154.84	9360
3	211.23	9360
3	267.61	9360
3	322.48	9360
3	379.48	9360
3	437.39	9360
4	0	9360
4	47.24	9360
4	89.92	9360
4	141.73	9360
1	0	9420
1	35.05	9420
1	70.1	9420
1	108.2	9420
1	140.21	9420
2	0	9420
2	39.62	9420
2	79.25	9420
2	124.97	9420
2	169.16	9420
2	201.17	9420
2	237.74	9420
2	277.37	9420
3	0	9420
3	51.82	9420
3	106.68	9420
3	154.84	9420
3	211.23	9420
3	267.61	9420
3	322.48	9420
3	379.48	9420
3	437.39	9420
4	0	9420
4	47.24	9420
4	89.92	9420
4	141.73	9420
1	0	9480
1	35.05	9480
1	70.1	9480
1	108.2	9480
1	140.21	9480
2	0	9480
2	39.62	9480
2	79.25	9480
2	124.97	9480
2	169.16	9480
2	201.17	9480
2	237.74	9480
2	277.37	9480
3	0	9480
3	51.82	9480
3	106.68	9480
3	154.84	9480
3	211.23	9480
3	267.61	9480
3	322.48	9480
3	379.48	9480
3	437.39	9480
4	0	9480
4	47.24	9480
4	89.92	9480
4	141.73	9480
1	0	9540
1	35.05	9540
1	70.1	9540
1	108.2	9540
1	140.21	9540
2	0	9540
2	39.62	9540
2	79.25	9540
2	124.97	9540
2	169.16	9540
2	201.17	9540
2	237.74	9540
2	277.37	9540
3	0	9540
3	51.82	9540
3	106.68	9540
3	154.84	9540
3	211.23	9540
3	267.61	9540
3	322.48	9540
3	379.48	9540
3	437.39	9540
4	0	9540
4	47.24	9540
4	89.92	9540
4	141.73	9540
1	0	9600
1	35.05	9600
1	70.1	9600
1	108.2	9600
1	140.21	9600
2	0	9600
2	39.62	9600
2	79.25	9600
2	124.97	9600
2	169.16	9600
2	201.17	9600
2	237.74	9600
2	277.37	9600
3	0	9600
3	51.82	9600
3	106.68	9600
3	154.84	9600
3	211.23	9600
3	267.61	9600
3	322.48	9600
3	379.48	9600
3	437.39	9600
4	0	9600
4	47.24	9600
4	89.92	9600
4	141.73	9600
1	0	9660
1	35.05	9660
1	70.1	9660
1	108.2	9660
1	140.21	9660
2	0	9660
2	39.62	9660
2	79.25	9660
2	124.97	9660
2	169.16	9660
2	201.17	9660
2	237.74	9660
2	277.37	9660
3	0	9660
3	51.82	9660
3	106.68	9660
3	154.84	9660
3	211.23	9660
3	267.61	9660
3	322.48	9660
3	379.48	9660
3	437.39	9660
4	0	9660
4	47.24	9660
4	89.92	9660
4	141.73	9660
1	0	9720
1	35.05	9720
1	70.1	9720
1	108.2	9720
1	140.21	9720
2	0	9720
2	39.62	9720
2	79.25	9720
2	124.97	9720
2	169.16	9720
2	201.17	9720
2	237.74	9720
2	277.37	9720
3	0	9720
3	51.82	9720
3	106.68	9720
3	154.84	9720
3	211.23	9720
3	267.61	9720
3	322.48	9720
3	379.48	9720
3	437.39	9720
4	0	9720
4	47.24	9720
4	89.92	9720
4	141.73	9720
1	0	9780
1	35.05	9780
1	70.1	9780
1	108.2	9780
1	140.21	9780
2	0	9780
2	39.62	9780
2	79.25	9780
2	124.97	9780
2	169.16	9780
2	201.17	9780
2	237.74	9780
2	277.37	9780
3	0	9780
3	51.82	9780
3	106.68	9780
3	154.84	9780
3	211.23	9780
3	267.61	9780
3	322.48	9780
3	379.48	9780
3	437.39	9780
4	0	9780
4	47.24	9780
4	89.92	9780
4	141.73	9780
1	0	9840
1	35.05	9840
1	70.1	9840
1	108.2	9840
1	140.21	9840
2	0	9840
2	39.62	9840
2	79.25	9840
2	124.97	9840
2	169.16	9840
2	201.17	9840
2	237.74	9840
2	277.37	9840
3	0	9840
3	51.82	9840
3	106.68	9840
3	154.84	9840
3	211.23	9840
3	267.61	9840
3	322.48	9840
3	379.48	9840
3	437.39	9840
4	0	9840
4	47.24	9840
4	89.92	9840
4	141.73	9840
1	0	9900
1	35.05	9900
1	70.1	9900
1	108.2	9900
1	140.21	9900
2	0	9900
2	39.62	9900
2	79.25	9900
2	124.97	9900
2	169.16	9900
2	201.17	9900
2	237.74	9900
2	277.37	9900
3	0	9900
3	51.82	9900
3	106.68	9900
3	154.84	9900
3	211.23	9900
3	267.61	9900
3	322.48	9900
3	379.48	9900
3	437.39	9900
4	0	9900
4	47.24	9900
4	89.92	9900
4	141.73	9900
1	0	9960
1	35.05	9960
1	70.1	9960
1	108.2	9960
1	140.21	9960
2	0	9960
2	39.62	9960
2	79.25	9960
2	124.97	9960
2	169.16	9960
2	201.17	9960
2	237.74	9960
2	277.37	9960
3	0	9960
3	51.82	9960
3	106.68	9960
3	154.84	9960
3	211.23	9960
3	267.61	9960
3	322.48	9960
3	379.48	9960
3	437.39	9960
4	0	9960
4	47.24	9960
4	89.92	9960
4	141.73	9960
1	0	10020
1	35.05	10020
1	70.1	10020
1	108.2	10020
1	140.21	10020
2	0	10020
2	39.62	10020
2	79.25	10020
2	124.97	10020
2	169.16	10020
2	201.17	10020
2	237.74	10020
2	277.37	10020
3	0	10020
3	51.82	10020
3	106.68	10020
3	154.84	10020
3	211.23	10020
3	267.61	10020
3	322.48	10020
3	379.48	10020
3	437.39	10020
4	0	10020
4	47.24	10020
4	89.92	10020
4	141.73	10020
1	0	10080
1	35.05	10080
1	70.1	10080
1	108.2	10080
1	140.21	10080
2	0	10080
2	39.62	10080
2	79.25	10080
2	124.97	10080
2	169.16	10080
2	201.17	10080
2	237.74	10080
2	277.37	10080
3	0	10080
3	51.82	10080
3	106.68	10080
3	154.84	10080
3	211.23	10080
3	267.61	10080
3	322.48	10080
3	379.48	10080
3	437.39	10080
4	0	10080
4	47.24	10080
4	89.92	10080
4	141.73	10080
1	0	10140
1	35.05	10140
1	70.1	10140
1	108.2	10140
1	140.21	10140
2	0	10140
2	39.62	10140
2	79.25	10140
2	124.97	10140
2	169.16	10140
2	201.17	10140
2	237.74	10140
2	277.37	10140
3	0	10140
3	51.82	10140
3	106.68	10140
3	154.84	10140
3	211.23	10140
3	267.61	10140
3	322.48	10140
3	379.48	10140
3	437.39	10140
4	0	10140
4	47.24	10140
4	89.92	10140
4	141.73	10140
1	0	10200
1	35.05	10200
1	70.1	10200
1	108.2	10200
1	140.21	10200
2	0	10200
2	39.62	10200
2	79.25	10200
2	124.97	10200
2	169.16	10200
2	201.17	10200
2	237.74	10200
2	277.37	10200
3	0	10200
3	51.82	10200
3	106.68	10200
3	154.84	10200
3	211.23	10200
3	267.61	10200
3	322.48	10200
3	379.48	10200
3	437.39	10200
4	0	10200
4	47.24	10200
4	89.92	10200
4	141.73	10200
1	0	10260
1	35.05	10260
1	70.1	10260
1	108.2	10260
1	140.21	10260
2	0	10260
2	39.62	10260
2	79.25	10260
2	124.97	10260
2	169.16	10260
2	201.17	10260
2	237.74	10260
2	277.37	10260
3	0	10260
3	51.82	10260
3	106.68	10260
3	154.84	10260
3	211.23	10260
3	267.61	10260
3	322.48	10260
3	379.48	10260
3	437.39	10260
4	0	10260
4	47.24	10260
4	89.92	10260
4	141.73	10260
1	0	10320
1	35.05	10320
1	70.1	10320
1	108.2	10320
1	140.21	10320
2	0	10320
2	39.62	10320
2	79.25	10320
2	124.97	10320
2	169.16	10320
2	201.17	10320
2	237.74	10320
2	277.37	10320
3	0	10320
3	51.82	10320
3	106.68	10320
3	154.84	10320
3	211.23	10320
3	267.61	10320
3	322.48	10320
3	379.48	10320
3	437.39	10320
4	0	10320
4	47.24	10320
4	89.92	10320
4	141.73	10320
1	0	10380
1	35.05	10380
1	70.1	10380
1	108.2	10380
1	140.21	10380
2	0	10380
2	39.62	10380
2	79.25	10380
2	124.97	10380
2	169.16	10380
2	201.17	10380
2	237.74	10380
2	277.37	10380
3	0	10380
3	51.82	10380
3	106.68	10380
3	154.84	10380
3	211.23	10380
3	267.61	10380
3	322.48	10380
3	379.48	10380
3	437.39	10380
4	0	10380
4	47.24	10380
4	89.92	10380
4	141.73	10380
1	0	10440
1	35.05	10440
1	70.1	10440
1	108.2	10440
1	140.21	10440
2	0	10440
2	39.62	10440
2	79.25	10440
2	124.97	10440
2	169.16	10440
2	201.17	10440
2	237.74	10440
2	277.37	10440
3	0	10440
3	51.82	10440
3	106.68	10440
3	154.84	10440
3	211.23	10440
3	267.61	10440
3	322.48	10440
3	379.48	10440
3	437.39	10440
4	0	10440
4	47.24	10440
4	89.92	10440
4	141.73	10440
1	0	10500
1	35.05	10500
1	70.1	10500
1	108.2	10500
1	140.21	10500
2	0	10500
2	39.62	10500
2	79.25	10500
2	124.97	10500
2	169.16	10500
2	201.17	10500
2	237.74	10500
2	277.37	10500
3	0	10500
3	51.82	10500
3	106.68	10500
3	154.84	10500
3	211.23	10500
3	267.61	10500
3	322.48	10500
3	379.48	10500
3	437.39	10500
4	0	10500
4	47.24	10500
4	89.92	10500
4	141.73	10500
1	0	10560
1	35.05	10560
1	70.1	10560
1	108.2	10560
1	140.21	10560
2	0	10560
2	39.62	10560
2	79.25	10560
2	124.97	10560
2	169.16	10560
2	201.17	10560
2	237.74	10560
2	277.37	10560
3	0	10560
3	51.82	10560
3	106.68	10560
3	154.84	10560
3	211.23	10560
3	267.61	10560
3	322.48	10560
3	379.48	10560
3	437.39	10560
4	0	10560
4	47.24	10560
4	89.92	10560
4	141.73	10560
1	0	10620
1	35.05	10620
1	70.1	10620
1	108.2	10620
1	140.21	10620
2	0	10620
2	39.62	10620
2	79.25	10620
2	124.97	10620
2	169.16	10620
2	201.17	10620
2	237.74	10620
2	277.37	10620
3	0	10620
3	51.82	10620
3	106.68	10620
3	154.84	10620
3	211.23	10620
3	267.61	10620
3	322.48	10620
3	379.48	10620
3	437.39	10620
4	0	10620
4	47.24	10620
4	89.92	10620
4	141.73	10620
1	0	10680
1	35.05	10680
1	70.1	10680
1	108.2	10680
1	140.21	10680
2	0	10680
2	39.62	10680
2	79.25	10680
2	124.97	10680
2	169.16	10680
2	201.17	10680
2	237.74	10680
2	277.37	10680
3	0	10680
3	51.82	10680
3	106.68	10680
3	154.84	10680
3	211.23	10680
3	267.61	10680
3	322.48	10680
3	379.48	10680
3	437.39	10680
4	0	10680
4	47.24	10680
4	89.92	10680
4	141.73	10680
1	0	10740
1	35.05	10740
1	70.1	10740
1	108.2	10740
1	140.21	10740
2	0	10740
2	39.62	10740
2	79.25	10740
2	124.97	10740
2	169.16	10740
2	201.17	10740
2	237.74	10740
2	277.37	10740
3	0	10740
3	51.82	10740
3	106.68	10740
3	154.84	10740
3	211.23	10740
3	267.61	10740
3	322.48	10740
3	379.48	10740
3	437.39	10740
4	0	10740
4	47.24	10740
4	89.92	10740
4	141.73	10740
1	0	10800
1	35.05	10800
1	70.1	10800
1	108.2	10800
1	140.21	10800
2	0	10800
2	39.62	10800
2	79.25	10800
2	124.97	10800
2	169.16	10800
2	201.17	10800
2	237.74	10800
2	277.37	10800
3	0	10800
3	51.82	10800
3	106.68	10800
3	154.84	10800
3	211.23	10800
3	267.61	10800
3	322.48	10800
3	379.48	10800
3	437.39	10800
4	0	10800
4	47.24	10800
4	89.92	10800
4	141.73	10800
1	0	10860
1	35.05	10860
1	70.1	10860
1	108.2	10860
1	140.21	10860
2	0	10860
2	39.62	10860
2	79.25	10860
2	124.97	10860
2	169.16	10860
2	201.17	10860
2	237.74	10860
2	277.37	10860
3	0	10860
3	51.82	10860
3	106.68	10860
3	154.84	10860
3	211.23	10860
3	267.61	10860
3	322.48	10860
3	379.48	10860
3	437.39	10860
4	0	10860
4	47.24	10860
4	89.92	10860
4	141.73	10860
1	0	10920
1	35.05	10920
1	70.1	10920
1	108.2	10920
1	140.21	10920
2	0	10920
2	39.62	10920
2	79.25	10920
2	124.97	10920
2	169.16	10920
2	201.17	10920
2	237.74	10920
2	277.37	10920
3	0	10920
3	51.82	10920
3	106.68	10920
3	154.84	10920
3	211.23	10920
3	267.61	10920
3	322.48	10920
3	379.48	10920
3	437.39	10920
4	0	10920
4	47.24	10920
4	89.92	10920
4	141.73	10920
1	0	10980
1	35.05	10980
1	70.1	10980
1	108.2	10980
1	140.21	10980
2	0	10980
2	39.62	10980
2	79.25	10980
2	124.97	10980
2	169.16	10980
2	201.17	10980
2	237.74	10980
2	277.37	10980
3	0	10980
3	51.82	10980
3	106.68	10980
3	154.84	10980
3	211.23	10980
3	267.61	10980
3	322.48	10980
3	379.48	10980
3	437.39	10980
4	0	10980
4	47.24	10980
4	89.92	10980
4	141.73	10980
1	0	11040
1	35.05	11040
1	70.1	11040
1	108.2	11040
1	140.21	11040
2	0	11040
2	39.62	11040
2	79.25	11040
2	124.97	11040
2	169.16	11040
2	201.17	11040
2	237.74	11040
2	277.37	11040
3	0	11040
3	51.82	11040
3	106.68	11040
3	154.84	11040
3	211.23	11040
3	267.61	11040
3	322.48	11040
3	379.48	11040
3	437.39	11040
4	0	11040
4	47.24	11040
4	89.92	11040
4	141.73	11040
1	0	11100
1	35.05	11100
1	70.1	11100
1	108.2	11100
1	140.21	11100
2	0	11100
2	39.62	11100
2	79.25	11100
2	124.97	11100
2	169.16	11100
2	201.17	11100
2	237.74	11100
2	277.37	11100
3	0	11100
3	51.82	11100
3	106.68	11100
3	154.84	11100
3	211.23	11100
3	267.61	11100
3	322.48	11100
3	379.48	11100
3	437.39	11100
4	0	11100
4	47.24	11100
4	89.92	11100
4	141.73	11100
1	0	11160
1	35.05	11160
1	70.1	11160
1	108.2	11160
1	140.21	11160
2	0	11160
2	39.62	11160
2	79.25	11160
2	124.97	11160
2	169.16	11160
2	201.17	11160
2	237.74	11160
2	277.37	11160
3	0	11160
3	51.82	11160
3	106.68	11160
3	154.84	11160
3	211.23	11160
3	267.61	11160
3	322.48	11160
3	379.48	11160
3	437.39	11160
4	0	11160
4	47.24	11160
4	89.92	11160
4	141.73	11160
1	0	11220
1	35.05	11220
1	70.1	11220
1	108.2	11220
1	140.21	11220
2	0	11220
2	39.62	11220
2	79.25	11220
2	124.97	11220
2	169.16	11220
2	201.17	11220
2	237.74	11220
2	277.37	11220
3	0	11220
3	51.82	11220
3	106.68	11220
3	154.84	11220
3	211.23	11220
3	267.61	11220
3	322.48	11220
3	379.48	11220
3	437.39	11220
4	0	11220
4	47.24	11220
4	89.92	11220
4	141.73	11220
1	0	11280
1	35.05	11280
1	70.1	11280
1	108.2	11280
1	140.21	11280
2	0	11280
2	39.62	11280
2	79.25	11280
2	124.97	11280
2	169.16	11280
2	201.17	11280
2	237.74	11280
2	277.37	11280
3	0	11280
3	51.82	11280
3	106.68	11280
3	154.84	11280
3	211.23	11280
3	267.61	11280
3	322.48	11280
3	379.48	11280
3	437.39	11280
4	0	11280
4	47.24	11280
4	89.92	11280
4	141.73	11280
1	0	11340
1	35.05	11340
1	70.1	11340
1	108.2	11340
1	140.21	11340
2	0	11340
2	39.62	11340
2	79.25	11340
2	124.97	11340
2	169.16	11340
2	201.17	11340
2	237.74	11340
2	277.37	11340
3	0	11340
3	51.82	11340
3	106.68	11340
3	154.84	11340
3	211.23	11340
3	267.61	11340
3	322.48	11340
3	379.48	11340
3	437.39	11340
4	0	11340
4	47.24	11340
4	89.92	11340
4	141.73	11340
1	0	11400
1	35.05	11400
1	70.1	11400
1	108.2	11400
1	140.21	11400
2	0	11400
2	39.62	11400
2	79.25	11400
2	124.97	11400
2	169.16	11400
2	201.17	11400
2	237.74	11400
2	277.37	11400
3	0	11400
3	51.82	11400
3	106.68	11400
3	154.84	11400
3	211.23	11400
3	267.61	11400
3	322.48	11400
3	379.48	11400
3	437.39	11400
4	0	11400
4	47.24	11400
4	89.92	11400
4	141.73	11400
1	0	11460
1	35.05	11460
1	70.1	11460
1	108.2	11460
1	140.21	11460
2	0	11460
2	39.62	11460
2	79.25	11460
2	124.97	11460
2	169.16	11460
2	201.17	11460
2	237.74	11460
2	277.37	11460
3	0	11460
3	51.82	11460
3	106.68	11460
3	154.84	11460
3	211.23	11460
3	267.61	11460
3	322.48	11460
3	379.48	11460
3	437.39	11460
4	0	11460
4	47.24	11460
4	89.92	11460
4	141.73	11460
1	0	11520
1	35.05	11520
1	70.1	11520
1	108.2	11520
1	140.21	11520
2	0	11520
2	39.62	11520
2	79.25	11520
2	124.97	11520
2	169.16	11520
2	201.17	11520
2	237.74	11520
2	277.37	11520
3	0	11520
3	51.82	11520
3	106.68	11520
3	154.84	11520
3	211.23	11520
3	267.61	11520
3	322.48	11520
3	379.48	11520
3	437.39	11520
4	0	11520
4	47.24	11520
4	89.92	11520
4	141.73	11520
1	0	11580
1	35.05	11580
1	70.1	11580
1	108.2	11580
1	140.21	11580
2	0	11580
2	39.62	11580
2	79.25	11580
2	124.97	11580
2	169.16	11580
2	201.17	11580
2	237.74	11580
2	277.37	11580
3	0	11580
3	51.82	11580
3	106.68	11580
3	154.84	11580
3	211.23	11580
3	267.61	11580
3	322.48	11580
3	379.48	11580
3	437.39	11580
4	0	11580
4	47.24	11580
4	89.92	11580
4	141.73	11580
1	0	11640
1	35.05	11640
1	70.1	11640
1	108.2	11640
1	140.21	11640
2	0	11640
2	39.62	11640
2	79.25	11640
2	124.97	11640
2	169.16	11640
2	201.17	11640
2	237.74	11640
2	277.37	11640
3	0	11640
3	51.82	11640
3	106.68	11640
3	154.84	11640
3	211.23	11640
3	267.61	11640
3	322.48	11640
3	379.48	11640
3	437.39	11640
4	0	11640
4	47.24	11640
4	89.92	11640
4	141.73	11640
1	0	11700
1	35.05	11700
1	70.1	11700
1	108.2	11700
1	140.21	11700
2	0	11700
2	39.62	11700
2	79.25	11700
2	124.97	11700
2	169.16	11700
2	201.17	11700
2	237.74	11700
2	277.37	11700
3	0	11700
3	51.82	11700
3	106.68	11700
3	154.84	11700
3	211.23	11700
3	267.61	11700
3	322.48	11700
3	379.48	11700
3	437.39	11700
4	0	11700
4	47.24	11700
4	89.92	11700
4	141.73	11700
1	0	11760
1	35.05	11760
1	70.1	11760
1	108.2	11760
1	140.21	11760
2	0	11760
2	39.62	11760
2	79.25	11760
2	124.97	11760
2	169.16	11760
2	201.17	11760
2	237.74	11760
2	277.37	11760
3	0	11760
3	51.82	11760
3	106.68	11760
3	154.84	11760
3	211.23	11760
3	267.61	11760
3	322.48	11760
3	379.48	11760
3	437.39	11760
4	0	11760
4	47.24	11760
4	89.92	11760
4	141.73	11760
1	0	11820
1	35.05	11820
1	70.1	11820
1	108.2	11820
1	140.21	11820
2	0	11820
2	39.62	11820
2	79.25	11820
2	124.97	11820
2	169.16	11820
2	201.17	11820
2	237.74	11820
2	277.37	11820
3	0	11820
3	51.82	11820
3	106.68	11820
3	154.84	11820
3	211.23	11820
3	267.61	11820
3	322.48	11820
3	379.48	11820
3	437.39	11820
4	0	11820
4	47.24	11820
4	89.92	11820
4	141.73	11820
1	0	11880
1	35.05	11880
1	70.1	11880
1	108.2	11880
1	140.21	11880
2	0	11880
2	39.62	11880
2	79.25	11880
2	124.97	11880
2	169.16	11880
2	201.17	11880
2	237.74	11880
2	277.37	11880
3	0	11880
3	51.82	11880
3	106.68	11880
3	154.84	11880
3	211.23	11880
3	267.61	11880
3	322.48	11880
3	379.48	11880
3	437.39	11880
4	0	11880
4	47.24	11880
4	89.92	11880
4	141.73	11880
1	0	11940
1	35.05	11940
1	70.1	11940
1	108.2	11940
1	140.21	11940
2	0	11940
2	39.62	11940
2	79.25	11940
2	124.97	11940
2	169.16	11940
2	201.17	11940
2	237.74	11940
2	277.37	11940
3	0	11940
3	51.82	11940
3	106.68	11940
3	154.84	11940
3	211.23	11940
3	267.61	11940
3	322.48	11940
3	379.48	11940
3	437.39	11940
4	0	11940
4	47.24	11940
4	89.92	11940
4	141.73	11940
1	0	12000
1	35.05	12000
1	70.1	12000
1	108.2	12000
1	140.21	12000
2	0	12000
2	39.62	12000
2	79.25	12000
2	124.97	12000
2	169.16	12000
2	201.17	12000
2	237.74	12000
2	277.37	12000
3	0	12000
3	51.82	12000
3	106.68	12000
3	154.84	12000
3	211.23	12000
3	267.61	12000
3	322.48	12000
3	379.48	12000
3	437.39	12000
4	0	12000
4	47.24	12000
4	89.92	12000
4	141.73	12000
1	0	12060
1	35.05	12060
1	70.1	12060
1	108.2	12060
1	140.21	12060
2	0	12060
2	39.62	12060
2	79.25	12060
2	124.97	12060
2	169.16	12060
2	201.17	12060
2	237.74	12060
2	277.37	12060
3	0	12060
3	51.82	12060
3	106.68	12060
3	154.84	12060
3	211.23	12060
3	267.61	12060
3	322.48	12060
3	379.48	12060
3	437.39	12060
4	0	12060
4	47.24	12060
4	89.92	12060
4	141.73	12060
1	0	12120
1	35.05	12120
1	70.1	12120
1	108.2	12120
1	140.21	12120
2	0	12120
2	39.62	12120
2	79.25	12120
2	124.97	12120
2	169.16	12120
2	201.17	12120
2	237.74	12120
2	277.37	12120
3	0	12120
3	51.82	12120
3	106.68	12120
3	154.84	12120
3	211.23	12120
3	267.61	12120
3	322.48	12120
3	379.48	12120
3	437.39	12120
4	0	12120
4	47.24	12120
4	89.92	12120
4	141.73	12120
1	0	12180
1	35.05	12180
1	70.1	12180
1	108.2	12180
1	140.21	12180
2	0	12180
2	39.62	12180
2	79.25	12180
2	124.97	12180
2	169.16	12180
2	201.17	12180
2	237.74	12180
2	277.37	12180
3	0	12180
3	51.82	12180
3	106.68	12180
3	154.84	12180
3	211.23	12180
3	267.61	12180
3	322.48	12180
3	379.48	12180
3	437.39	12180
4	0	12180
4	47.24	12180
4	89.92	12180
4	141.73	12180
1	0	12240
1	35.05	12240
1	70.1	12240
1	108.2	12240
1	140.21	12240
2	0	12240
2	39.62	12240
2	79.25	12240
2	124.97	12240
2	169.16	12240
2	201.17	12240
2	237.74	12240
2	277.37	12240
3	0	12240
3	51.82	12240
3	106.68	12240
3	154.84	12240
3	211.23	12240
3	267.61	12240
3	322.48	12240
3	379.48	12240
3	437.39	12240
4	0	12240
4	47.24	12240
4	89.92	12240
4	141.73	12240
1	0	12300
1	35.05	12300
1	70.1	12300
1	108.2	12300
1	140.21	12300
2	0	12300
2	39.62	12300
2	79.25	12300
2	124.97	12300
2	169.16	12300
2	201.17	12300
2	237.74	12300
2	277.37	12300
3	0	12300
3	51.82	12300
3	106.68	12300
3	154.84	12300
3	211.23	12300
3	267.61	12300
3	322.48	12300
3	379.48	12300
3	437.39	12300
4	0	12300
4	47.24	12300
4	89.92	12300
4	141.73	12300
1	0	12360
1	35.05	12360
1	70.1	12360
1	108.2	12360
1	140.21	12360
2	0	12360
2	39.62	12360
2	79.25	12360
2	124.97	12360
2	169.16	12360
2	201.17	12360
2	237.74	12360
2	277.37	12360
3	0	12360
3	51.82	12360
3	106.68	12360
3	154.84	12360
3	211.23	12360
3	267.61	12360
3	322.48	12360
3	379.48	12360
3	437.39	12360
4	0	12360
4	47.24	12360
4	89.92	12360
4	141.73	12360
1	0	12420
1	35.05	12420
1	70.1	12420
1	108.2	12420
1	140.21	12420
2	0	12420
2	39.62	12420
2	79.25	12420
2	124.97	12420
2	169.16	12420
2	201.17	12420
2	237.74	12420
2	277.37	12420
3	0	12420
3	51.82	12420
3	106.68	12420
3	154.84	12420
3	211.23	12420
3	267.61	12420
3	322.48	12420
3	379.48	12420
3	437.39	12420
4	0	12420
4	47.24	12420
4	89.92	12420
4	141.73	12420
1	0	12480
1	35.05	12480
1	70.1	12480
1	108.2	12480
1	140.21	12480
2	0	12480
2	39.62	12480
2	79.25	12480
2	124.97	12480
2	169.16	12480
2	201.17	12480
2	237.74	12480
2	277.37	12480
3	0	12480
3	51.82	12480
3	106.68	12480
3	154.84	12480
3	211.23	12480
3	267.61	12480
3	322.48	12480
3	379.48	12480
3	437.39	12480
4	0	12480
4	47.24	12480
4	89.92	12480
4	141.73	12480
1	0	12540
1	35.05	12540
1	70.1	12540
1	108.2	12540
1	140.21	12540
2	0	12540
2	39.62	12540
2	79.25	12540
2	124.97	12540
2	169.16	12540
2	201.17	12540
2	237.74	12540
2	277.37	12540
3	0	12540
3	51.82	12540
3	106.68	12540
3	154.84	12540
3	211.23	12540
3	267.61	12540
3	322.48	12540
3	379.48	12540
3	437.39	12540
4	0	12540
4	47.24	12540
4	89.92	12540
4	141.73	12540
1	0	12600
1	35.05	12600
1	70.1	12600
1	108.2	12600
1	140.21	12600
2	0	12600
2	39.62	12600
2	79.25	12600
2	124.97	12600
2	169.16	12600
2	201.17	12600
2	237.74	12600
2	277.37	12600
3	0	12600
3	51.82	12600
3	106.68	12600
3	154.84	12600
3	211.23	12600
3	267.61	12600
3	322.48	12600
3	379.48	12600
3	437.39	12600
4	0	12600
4	47.24	12600
4	89.92	12600
4	141.73	12600
1	0	12660
1	35.05	12660
1	70.1	12660
1	108.2	12660
1	140.21	12660
2	0	12660
2	39.62	12660
2	79.25	12660
2	124.97	12660
2	169.16	12660
2	201.17	12660
2	237.74	12660
2	277.37	12660
3	0	12660
3	51.82	12660
3	106.68	12660
3	154.84	12660
3	211.23	12660
3	267.61	12660
3	322.48	12660
3	379.48	12660
3	437.39	12660
4	0	12660
4	47.24	12660
4	89.92	12660
4	141.73	12660
1	0	12720
1	35.05	12720
1	70.1	12720
1	108.2	12720
1	140.21	12720
2	0	12720
2	39.62	12720
2	79.25	12720
2	124.97	12720
2	169.16	12720
2	201.17	12720
2	237.74	12720
2	277.37	12720
3	0	12720
3	51.82	12720
3	106.68	12720
3	154.84	12720
3	211.23	12720
3	267.61	12720
3	322.48	12720
3	379.48	12720
3	437.39	12720
4	0	12720
4	47.24	12720
4	89.92	12720
4	141.73	12720
1	0	12780
1	35.05	12780
1	70.1	12780
1	108.2	12780
1	140.21	12780
2	0	12780
2	39.62	12780
2	79.25	12780
2	124.97	12780
2	169.16	12780
2	201.17	12780
2	237.74	12780
2	277.37	12780
3	0	12780
3	51.82	12780
3	106.68	12780
3	154.84	12780
3	211.23	12780
3	267.61	12780
3	322.48	12780
3	379.48	12780
3	437.39	12780
4	0	12780
4	47.24	12780
4	89.92	12780
4	141.73	12780
1	0	12840
1	35.05	12840
1	70.1	12840
1	108.2	12840
1	140.21	12840
2	0	12840
2	39.62	12840
2	79.25	12840
2	124.97	12840
2	169.16	12840
2	201.17	12840
2	237.74	12840
2	277.37	12840
3	0	12840
3	51.82	12840
3	106.68	12840
3	154.84	12840
3	211.23	12840
3	267.61	12840
3	322.48	12840
3	379.48	12840
3	437.39	12840
4	0	12840
4	47.24	12840
4	89.92	12840
4	141.73	12840
1	0	12900
1	35.05	12900
1	70.1	12900
1	108.2	12900
1	140.21	12900
2	0	12900
2	39.62	12900
2	79.25	12900
2	124.97	12900
2	169.16	12900
2	201.17	12900
2	237.74	12900
2	277.37	12900
3	0	12900
3	51.82	12900
3	106.68	12900
3	154.84	12900
3	211.23	12900
3	267.61	12900
3	322.48	12900
3	379.48	12900
3	437.39	12900
4	0	12900
4	47.24	12900
4	89.92	12900
4	141.73	12900
1	0	12960
1	35.05	12960
1	70.1	12960
1	108.2	12960
1	140.21	12960
2	0	12960
2	39.62	12960
2	79.25	12960
2	124.97	12960
2	169.16	12960
2	201.17	12960
2	237.74	12960
2	277.37	12960
3	0	12960
3	51.82	12960
3	106.68	12960
3	154.84	12960
3	211.23	12960
3	267.61	12960
3	322.48	12960
3	379.48	12960
3	437.39	12960
4	0	12960
4	47.24	12960
4	89.92	12960
4	141.73	12960
1	0	13020
1	35.05	13020
1	70.1	13020
1	108.2	13020
1	140.21	13020
2	0	13020
2	39.62	13020
2	79.25	13020
2	124.97	13020
2	169.16	13020
2	201.17	13020
2	237.74	13020
2	277.37	13020
3	0	13020
3	51.82	13020
3	106.68	13020
3	154.84	13020
3	211.23	13020
3	267.61	13020
3	322.48	13020
3	379.48	13020
3	437.39	13020
4	0	13020
4	47.24	13020
4	89.92	13020
4	141.73	13020
1	0	13080
1	35.05	13080
1	70.1	13080
1	108.2	13080
1	140.21	13080
2	0	13080
2	39.62	13080
2	79.25	13080
2	124.97	13080
2	169.16	13080
2	201.17	13080
2	237.74	13080
2	277.37	13080
3	0	13080
3	51.82	13080
3	106.68	13080
3	154.84	13080
3	211.23	13080
3	267.61	13080
3	322.48	13080
3	379.48	13080
3	437.39	13080
4	0	13080
4	47.24	13080
4	89.92	13080
4	141.73	13080
1	0	13140
1	35.05	13140
1	70.1	13140
1	108.2	13140
1	140.21	13140
2	0	13140
2	39.62	13140
2	79.25	13140
2	124.97	13140
2	169.16	13140
2	201.17	13140
2	237.74	13140
2	277.37	13140
3	0	13140
3	51.82	13140
3	106.68	13140
3	154.84	13140
3	211.23	13140
3	267.61	13140
3	322.48	13140
3	379.48	13140
3	437.39	13140
4	0	13140
4	47.24	13140
4	89.92	13140
4	141.73	13140
1	0	13200
1	35.05	13200
1	70.1	13200
1	108.2	13200
1	140.21	13200
2	0	13200
2	39.62	13200
2	79.25	13200
2	124.97	13200
2	169.16	13200
2	201.17	13200
2	237.74	13200
2	277.37	13200
3	0	13200
3	51.82	13200
3	106.68	13200
3	154.84	13200
3	211.23	13200
3	267.61	13200
3	322.48	13200
3	379.48	13200
3	437.39	13200
4	0	13200
4	47.24	13200
4	89.92	13200
4	141.73	13200
1	0	13260
1	35.05	13260
1	70.1	13260
1	108.2	13260
1	140.21	13260
2	0	13260
2	39.62	13260
2	79.25	13260
2	124.97	13260
2	169.16	13260
2	201.17	13260
2	237.74	13260
2	277.37	13260
3	0	13260
3	51.82	13260
3	106.68	13260
3	154.84	13260
3	211.23	13260
3	267.61	13260
3	322.48	13260
3	379.48	13260
3	437.39	13260
4	0	13260
4	47.24	13260
4	89.92	13260
4	141.73	13260
1	0	13320
1	35.05	13320
1	70.1	13320
1	108.2	13320
1	140.21	13320
2	0	13320
2	39.62	13320
2	79.25	13320
2	124.97	13320
2	169.16	13320
2	201.17	13320
2	237.74	13320
2	277.37	13320
3	0	13320
3	51.82	13320
3	106.68	13320
3	154.84	13320
3	211.23	13320
3	267.61	13320
3	322.48	13320
3	379.48	13320
3	437.39	13320
4	0	13320
4	47.24	13320
4	89.92	13320
4	141.73	13320
1	0	13380
1	35.05	13380
1	70.1	13380
1	108.2	13380
1	140.21	13380
2	0	13380
2	39.62	13380
2	79.25	13380
2	124.97	13380
2	169.16	13380
2	201.17	13380
2	237.74	13380
2	277.37	13380
3	0	13380
3	51.82	13380
3	106.68	13380
3	154.84	13380
3	211.23	13380
3	267.61	13380
3	322.48	13380
3	379.48	13380
3	437.39	13380
4	0	13380
4	47.24	13380
4	89.92	13380
4	141.73	13380
1	0	13440
1	35.05	13440
1	70.1	13440
1	108.2	13440
1	140.21	13440
2	0	13440
2	39.62	13440
2	79.25	13440
2	124.97	13440
2	169.16	13440
2	201.17	13440
2	237.74	13440
2	277.37	13440
3	0	13440
3	51.82	13440
3	106.68	13440
3	154.84	13440
3	211.23	13440
3	267.61	13440
3	322.48	13440
3	379.48	13440
3	437.39	13440
4	0	13440
4	47.24	13440
4	89.92	13440
4	141.73	13440
1	0	13500
1	35.05	13500
1	70.1	13500
1	108.2	13500
1	140.21	13500
2	0	13500
2	39.62	13500
2	79.25	13500
2	124.97	13500
2	169.16	13500
2	201.17	13500
2	237.74	13500
2	277.37	13500
3	0	13500
3	51.82	13500
3	106.68	13500
3	154.84	13500
3	211.23	13500
3	267.61	13500
3	322.48	13500
3	379.48	13500
3	437.39	13500
4	0	13500
4	47.24	13500
4	89.92	13500
4	141.73	13500
1	0	13560
1	35.05	13560
1	70.1	13560
1	108.2	13560
1	140.21	13560
2	0	13560
2	39.62	13560
2	79.25	13560
2	124.97	13560
2	169.16	13560
2	201.17	13560
2	237.74	13560
2	277.37	13560
3	0	13560
3	51.82	13560
3	106.68	13560
3	154.84	13560
3	211.23	13560
3	267.61	13560
3	322.48	13560
3	379.48	13560
3	437.39	13560
4	0	13560
4	47.24	13560
4	89.92	13560
4	141.73	13560
1	0	13620
1	35.05	13620
1	70.1	13620
1	108.2	13620
1	140.21	13620
2	0	13620
2	39.62	13620
2	79.25	13620
2	124.97	13620
2	169.16	13620
2	201.17	13620
2	237.74	13620
2	277.37	13620
3	0	13620
3	51.82	13620
3	106.68	13620
3	154.84	13620
3	211.23	13620
3	267.61	13620
3	322.48	13620
3	379.48	13620
3	437.39	13620
4	0	13620
4	47.24	13620
4	89.92	13620
4	141.73	13620
1	0	13680
1	35.05	13680
1	70.1	13680
1	108.2	13680
1	140.21	13680
2	0	13680
2	39.62	13680
2	79.25	13680
2	124.97	13680
2	169.16	13680
2	201.17	13680
2	237.74	13680
2	277.37	13680
3	0	13680
3	51.82	13680
3	106.68	13680
3	154.84	13680
3	211.23	13680
3	267.61	13680
3	322.48	13680
3	379.48	13680
3	437.39	13680
4	0	13680
4	47.24	13680
4	89.92	13680
4	141.73	13680
1	0	13740
1	35.05	13740
1	70.1	13740
1	108.2	13740
1	140.21	13740
2	0	13740
2	39.62	13740
2	79.25	13740
2	124.97	13740
2	169.16	13740
2	201.17	13740
2	237.74	13740
2	277.37	13740
3	0	13740
3	51.82	13740
3	106.68	13740
3	154.84	13740
3	211.23	13740
3	267.61	13740
3	322.48	13740
3	379.48	13740
3	437.39	13740
4	0	13740
4	47.24	13740
4	89.92	13740
4	141.73	13740
1	0	13800
1	35.05	13800
1	70.1	13800
1	108.2	13800
1	140.21	13800
2	0	13800
2	39.62	13800
2	79.25	13800
2	124.97	13800
2	169.16	13800
2	201.17	13800
2	237.74	13800
2	277.37	13800
3	0	13800
3	51.82	13800
3	106.68	13800
3	154.84	13800
3	211.23	13800
3	267.61	13800
3	322.48	13800
3	379.48	13800
3	437.39	13800
4	0	13800
4	47.24	13800
4	89.92	13800
4	141.73	13800
1	0	13860
1	35.05	13860
1	70.1	13860
1	108.2	13860
1	140.21	13860
2	0	13860
2	39.62	13860
2	79.25	13860
2	124.97	13860
2	169.16	13860
2	201.17	13860
2	237.74	13860
2	277.37	13860
3	0	13860
3	51.82	13860
3	106.68	13860
3	154.84	13860
3	211.23	13860
3	267.61	13860
3	322.48	13860
3	379.48	13860
3	437.39	13860
4	0	13860
4	47.24	13860
4	89.92	13860
4	141.73	13860
1	0	13920
1	35.05	13920
1	70.1	13920
1	108.2	13920
1	140.21	13920
2	0	13920
2	39.62	13920
2	79.25	13920
2	124.97	13920
2	169.16	13920
2	201.17	13920
2	237.74	13920
2	277.37	13920
3	0	13920
3	51.82	13920
3	106.68	13920
3	154.84	13920
3	211.23	13920
3	267.61	13920
3	322.48	13920
3	379.48	13920
3	437.39	13920
4	0	13920
4	47.24	13920
4	89.92	13920
4	141.73	13920
1	0	13980
1	35.05	13980
1	70.1	13980
1	108.2	13980
1	140.21	13980
2	0	13980
2	39.62	13980
2	79.25	13980
2	124.97	13980
2	169.16	13980
2	201.17	13980
2	237.74	13980
2	277.37	13980
3	0	13980
3	51.82	13980
3	106.68	13980
3	154.84	13980
3	211.23	13980
3	267.61	13980
3	322.48	13980
3	379.48	13980
3	437.39	13980
4	0	13980
4	47.24	13980
4	89.92	13980
4	141.73	13980
1	0	14040
1	35.05	14040
1	70.1	14040
1	108.2	14040
1	140.21	14040
2	0	14040
2	39.62	14040
2	79.25	14040
2	124.97	14040
2	169.16	14040
2	201.17	14040
2	237.74	14040
2	277.37	14040
3	0	14040
3	51.82	14040
3	106.68	14040
3	154.84	14040
3	211.23	14040
3	267.61	14040
3	322.48	14040
3	379.48	14040
3	437.39	14040
4	0	14040
4	47.24	14040
4	89.92	14040
4	141.73	14040
1	0	14100
1	35.05	14100
1	70.1	14100
1	108.2	14100
1	140.21	14100
2	0	14100
2	39.62	14100
2	79.25	14100
2	124.97	14100
2	169.16	14100
2	201.17	14100
2	237.74	14100
2	277.37	14100
3	0	14100
3	51.82	14100
3	106.68	14100
3	154.84	14100
3	211.23	14100
3	267.61	14100
3	322.48	14100
3	379.48	14100
3	437.39	14100
4	0	14100
4	47.24	14100
4	89.92	14100
4	141.73	14100
1	0	14160
1	35.05	14160
1	70.1	14160
1	108.2	14160
1	140.21	14160
2	0	14160
2	39.62	14160
2	79.25	14160
2	124.97	14160
2	169.16	14160
2	201.17	14160
2	237.74	14160
2	277.37	14160
3	0	14160
3	51.82	14160
3	106.68	14160
3	154.84	14160
3	211.23	14160
3	267.61	14160
3	322.48	14160
3	379.48	14160
3	437.39	14160
4	0	14160
4	47.24	14160
4	89.92	14160
4	141.73	14160
1	0	14220
1	35.05	14220
1	70.1	14220
1	108.2	14220
1	140.21	14220
2	0	14220
2	39.62	14220
2	79.25	14220
2	124.97	14220
2	169.16	14220
2	201.17	14220
2	237.74	14220
2	277.37	14220
3	0	14220
3	51.82	14220
3	106.68	14220
3	154.84	14220
3	211.23	14220
3	267.61	14220
3	322.48	14220
3	379.48	14220
3	437.39	14220
4	0	14220
4	47.24	14220
4	89.92	14220
4	141.73	14220
1	0	14280
1	35.05	14280
1	70.1	14280
1	108.2	14280
1	140.21	14280
2	0	14280
2	39.62	14280
2	79.25	14280
2	124.97	14280
2	169.16	14280
2	201.17	14280
2	237.74	14280
2	277.37	14280
3	0	14280
3	51.82	14280
3	106.68	14280
3	154.84	14280
3	211.23	14280
3	267.61	14280
3	322.48	14280
3	379.48	14280
3	437.39	14280
4	0	14280
4	47.24	14280
4	89.92	14280
4	141.73	14280
1	0	14340
1	35.05	14340
1	70.1	14340
1	108.2	14340
1	140.21	14340
2	0	14340
2	39.62	14340
2	79.25	14340
2	124.97	14340
2	169.16	14340
2	201.17	14340
2	237.74	14340
2	277.37	14340
3	0	14340
3	51.82	14340
3	106.68	14340
3	154.84	14340
3	211.23	14340
3	267.61	14340
3	322.48	14340
3	379.48	14340
3	437.39	14340
4	0	14340
4	47.24	14340
4	89.92	14340
4	141.73	14340
1	0	14400
1	35.05	14400
1	70.1	14400
1	108.2	14400
1	140.21	14400
2	0	14400
2	39.62	14400
2	79.25	14400
2	124.97	14400
2	169.16	14400
2	201.17	14400
2	237.74	14400
2	277.37	14400
3	0	14400
3	51.82	14400
3	106.68	14400
3	154.84	14400
3	211.23	14400
3	267.61	14400
3	322.48	14400
3	379.48	14400
3	437.39	14400
4	0	14400
4	47.24	14400
4	89.92	14400
4	141.73	14400
1	0	14460
1	35.05	14460
1	70.1	14460
1	108.2	14460
1	140.21	14460
2	0	14460
2	39.62	14460
2	79.25	14460
2	124.97	14460
2	169.16	14460
2	201.17	14460
2	237.74	14460
2	277.37	14460
3	0	14460
3	51.82	14460
3	106.68	14460
3	154.84	14460
3	211.23	14460
3	267.61	14460
3	322.48	14460
3	379.48	14460
3	437.39	14460
4	0	14460
4	47.24	14460
4	89.92	14460
4	141.73	14460
1	0	14520
1	35.05	14520
1	70.1	14520
1	108.2	14520
1	140.21	14520
2	0	14520
2	39.62	14520
2	79.25	14520
2	124.97	14520
2	169.16	14520
2	201.17	14520
2	237.74	14520
2	277.37	14520
3	0	14520
3	51.82	14520
3	106.68	14520
3	154.84	14520
3	211.23	14520
3	267.61	14520
3	322.48	14520
3	379.48	14520
3	437.39	14520
4	0	14520
4	47.24	14520
4	89.92	14520
4	141.73	14520
1	0	14580
1	35.05	14580
1	70.1	14580
1	108.2	14580
1	140.21	14580
2	0	14580
2	39.62	14580
2	79.25	14580
2	124.97	14580
2	169.16	14580
2	201.17	14580
2	237.74	14580
2	277.37	14580
3	0	14580
3	51.82	14580
3	106.68	14580
3	154.84	14580
3	211.23	14580
3	267.61	14580
3	322.48	14580
3	379.48	14580
3	437.39	14580
4	0	14580
4	47.24	14580
4	89.92	14580
4	141.73	14580
1	0	14640
1	35.05	14640
1	70.1	14640
1	108.2	14640
1	140.21	14640
2	0	14640
2	39.62	14640
2	79.25	14640
2	124.97	14640
2	169.16	14640
2	201.17	14640
2	237.74	14640
2	277.37	14640
3	0	14640
3	51.82	14640
3	106.68	14640
3	154.84	14640
3	211.23	14640
3	267.61	14640
3	322.48	14640
3	379.48	14640
3	437.39	14640
4	0	14640
4	47.24	14640
4	89.92	14640
4	141.73	14640
1	0	14700
1	35.05	14700
1	70.1	14700
1	108.2	14700
1	140.21	14700
2	0	14700
2	39.62	14700
2	79.25	14700
2	124.97	14700
2	169.16	14700
2	201.17	14700
2	237.74	14700
2	277.37	14700
3	0	14700
3	51.82	14700
3	106.68	14700
3	154.84	14700
3	211.23	14700
3	267.61	14700
3	322.48	14700
3	379.48	14700
3	437.39	14700
4	0	14700
4	47.24	14700
4	89.92	14700
4	141.73	14700
1	0	14760
1	35.05	14760
1	70.1	14760
1	108.2	14760
1	140.21	14760
2	0	14760
2	39.62	14760
2	79.25	14760
2	124.97	14760
2	169.16	14760
2	201.17	14760
2	237.74	14760
2	277.37	14760
3	0	14760
3	51.82	14760
3	106.68	14760
3	154.84	14760
3	211.23	14760
3	267.61	14760
3	322.48	14760
3	379.48	14760
3	437.39	14760
4	0	14760
4	47.24	14760
4	89.92	14760
4	141.73	14760
1	0	14820
1	35.05	14820
1	70.1	14820
1	108.2	14820
1	140.21	14820
2	0	14820
2	39.62	14820
2	79.25	14820
2	124.97	14820
2	169.16	14820
2	201.17	14820
2	237.74	14820
2	277.37	14820
3	0	14820
3	51.82	14820
3	106.68	14820
3	154.84	14820
3	211.23	14820
3	267.61	14820
3	322.48	14820
3	379.48	14820
3	437.39	14820
4	0	14820
4	47.24	14820
4	89.92	14820
4	141.73	14820
1	0	14880
1	35.05	14880
1	70.1	14880
1	108.2	14880
1	140.21	14880
2	0	14880
2	39.62	14880
2	79.25	14880
2	124.97	14880
2	169.16	14880
2	201.17	14880
2	237.74	14880
2	277.37	14880
3	0	14880
3	51.82	14880
3	106.68	14880
3	154.84	14880
3	211.23	14880
3	267.61	14880
3	322.48	14880
3	379.48	14880
3	437.39	14880
4	0	14880
4	47.24	14880
4	89.92	14880
4	141.73	14880
1	0	14940
1	35.05	14940
1	70.1	14940
1	108.2	14940
1	140.21	14940
2	0	14940
2	39.62	14940
2	79.25	14940
2	124.97	14940
2	169.16	14940
2	201.17	14940
2	237.74	14940
2	277.37	14940
3	0	14940
3	51.82	14940
3	106.68	14940
3	154.84	14940
3	211.23	14940
3	267.61	14940
3	322.48	14940
3	379.48	14940
3	437.39	14940
4	0	14940
4	47.24	14940
4	89.92	14940
4	141.73	14940
1	0	15000
1	35.05	15000
1	70.1	15000
1	108.2	15000
1	140.21	15000
2	0	15000
2	39.62	15000
2	79.25	15000
2	124.97	15000
2	169.16	15000
2	201.17	15000
2	237.74	15000
2	277.37	15000
3	0	15000
3	51.82	15000
3	106.68	15000
3	154.84	15000
3	211.23	15000
3	267.61	15000
3	322.48	15000
3	379.48	15000
3	437.39	15000
4	0	15000
4	47.24	15000
4	89.92	15000
4	141.73	15000
1	0	15060
1	35.05	15060
1	70.1	15060
1	108.2	15060
1	140.21	15060
2	0	15060
2	39.62	15060
2	79.25	15060
2	124.97	15060
2	169.16	15060
2	201.17	15060
2	237.74	15060
2	277.37	15060
3	0	15060
3	51.82	15060
3	106.68	15060
3	154.84	15060
3	211.23	15060
3	267.61	15060
3	322.48	15060
3	379.48	15060
3	437.39	15060
4	0	15060
4	47.24	15060
4	89.92	15060
4	141.73	15060
1	0	15120
1	35.05	15120
1	70.1	15120
1	108.2	15120
1	140.21	15120
2	0	15120
2	39.62	15120
2	79.25	15120
2	124.97	15120
2	169.16	15120
2	201.17	15120
2	237.74	15120
2	277.37	15120
3	0	15120
3	51.82	15120
3	106.68	15120
3	154.84	15120
3	211.23	15120
3	267.61	15120
3	322.48	15120
3	379.48	15120
3	437.39	15120
4	0	15120
4	47.24	15120
4	89.92	15120
4	141.73	15120
1	0	15180
1	35.05	15180
1	70.1	15180
1	108.2	15180
1	140.21	15180
2	0	15180
2	39.62	15180
2	79.25	15180
2	124.97	15180
2	169.16	15180
2	201.17	15180
2	237.74	15180
2	277.37	15180
3	0	15180
3	51.82	15180
3	106.68	15180
3	154.84	15180
3	211.23	15180
3	267.61	15180
3	322.48	15180
3	379.48	15180
3	437.39	15180
4	0	15180
4	47.24	15180
4	89.92	15180
4	141.73	15180
1	0	15240
1	35.05	15240
1	70.1	15240
1	108.2	15240
1	140.21	15240
2	0	15240
2	39.62	15240
2	79.25	15240
2	124.97	15240
2	169.16	15240
2	201.17	15240
2	237.74	15240
2	277.37	15240
3	0	15240
3	51.82	15240
3	106.68	15240
3	154.84	15240
3	211.23	15240
3	267.61	15240
3	322.48	15240
3	379.48	15240
3	437.39	15240
4	0	15240
4	47.24	15240
4	89.92	15240
4	141.73	15240
1	0	15300
1	35.05	15300
1	70.1	15300
1	108.2	15300
1	140.21	15300
2	0	15300
2	39.62	15300
2	79.25	15300
2	124.97	15300
2	169.16	15300
2	201.17	15300
2	237.74	15300
2	277.37	15300
3	0	15300
3	51.82	15300
3	106.68	15300
3	154.84	15300
3	211.23	15300
3	267.61	15300
3	322.48	15300
3	379.48	15300
3	437.39	15300
4	0	15300
4	47.24	15300
4	89.92	15300
4	141.73	15300
1	0	15360
1	35.05	15360
1	70.1	15360
1	108.2	15360
1	140.21	15360
2	0	15360
2	39.62	15360
2	79.25	15360
2	124.97	15360
2	169.16	15360
2	201.17	15360
2	237.74	15360
2	277.37	15360
3	0	15360
3	51.82	15360
3	106.68	15360
3	154.84	15360
3	211.23	15360
3	267.61	15360
3	322.48	15360
3	379.48	15360
3	437.39	15360
4	0	15360
4	47.24	15360
4	89.92	15360
4	141.73	15360
1	0	15420
1	35.05	15420
1	70.1	15420
1	108.2	15420
1	140.21	15420
2	0	15420
2	39.62	15420
2	79.25	15420
2	124.97	15420
2	169.16	15420
2	201.17	15420
2	237.74	15420
2	277.37	15420
3	0	15420
3	51.82	15420
3	106.68	15420
3	154.84	15420
3	211.23	15420
3	267.61	15420
3	322.48	15420
3	379.48	15420
3	437.39	15420
4	0	15420
4	47.24	15420
4	89.92	15420
4	141.73	15420
1	0	15480
1	35.05	15480
1	70.1	15480
1	108.2	15480
1	140.21	15480
2	0	15480
2	39.62	15480
2	79.25	15480
2	124.97	15480
2	169.16	15480
2	201.17	15480
2	237.74	15480
2	277.37	15480
3	0	15480
3	51.82	15480
3	106.68	15480
3	154.84	15480
3	211.23	15480
3	267.61	15480
3	322.48	15480
3	379.48	15480
3	437.39	15480
4	0	15480
4	47.24	15480
4	89.92	15480
4	141.73	15480
1	0	15540
1	35.05	15540
1	70.1	15540
1	108.2	15540
1	140.21	15540
2	0	15540
2	39.62	15540
2	79.25	15540
2	124.97	15540
2	169.16	15540
2	201.17	15540
2	237.74	15540
2	277.37	15540
3	0	15540
3	51.82	15540
3	106.68	15540
3	154.84	15540
3	211.23	15540
3	267.61	15540
3	322.48	15540
3	379.48	15540
3	437.39	15540
4	0	15540
4	47.24	15540
4	89.92	15540
4	141.73	15540
1	0	15600
1	35.05	15600
1	70.1	15600
1	108.2	15600
1	140.21	15600
2	0	15600
2	39.62	15600
2	79.25	15600
2	124.97	15600
2	169.16	15600
2	201.17	15600
2	237.74	15600
2	277.37	15600
3	0	15600
3	51.82	15600
3	106.68	15600
3	154.84	15600
3	211.23	15600
3	267.61	15600
3	322.48	15600
3	379.48	15600
3	437.39	15600
4	0	15600
4	47.24	15600
4	89.92	15600
4	141.73	15600
1	0	15660
1	35.05	15660
1	70.1	15660
1	108.2	15660
1	140.21	15660
2	0	15660
2	39.62	15660
2	79.25	15660
2	124.97	15660
2	169.16	15660
2	201.17	15660
2	237.74	15660
2	277.37	15660
3	0	15660
3	51.82	15660
3	106.68	15660
3	154.84	15660
3	211.23	15660
3	267.61	15660
3	322.48	15660
3	379.48	15660
3	437.39	15660
4	0	15660
4	47.24	15660
4	89.92	15660
4	141.73	15660
1	0	15720
1	35.05	15720
1	70.1	15720
1	108.2	15720
1	140.21	15720
2	0	15720
2	39.62	15720
2	79.25	15720
2	124.97	15720
2	169.16	15720
2	201.17	15720
2	237.74	15720
2	277.37	15720
3	0	15720
3	51.82	15720
3	106.68	15720
3	154.84	15720
3	211.23	15720
3	267.61	15720
3	322.48	15720
3	379.48	15720
3	437.39	15720
4	0	15720
4	47.24	15720
4	89.92	15720
4	141.73	15720
1	0	15780
1	35.05	15780
1	70.1	15780
1	108.2	15780
1	140.21	15780
2	0	15780
2	39.62	15780
2	79.25	15780
2	124.97	15780
2	169.16	15780
2	201.17	15780
2	237.74	15780
2	277.37	15780
3	0	15780
3	51.82	15780
3	106.68	15780
3	154.84	15780
3	211.23	15780
3	267.61	15780
3	322.48	15780
3	379.48	15780
3	437.39	15780
4	0	15780
4	47.24	15780
4	89.92	15780
4	141.73	15780
1	0	15840
1	35.05	15840
1	70.1	15840
1	108.2	15840
1	140.21	15840
2	0	15840
2	39.62	15840
2	79.25	15840
2	124.97	15840
2	169.16	15840
2	201.17	15840
2	237.74	15840
2	277.37	15840
3	0	15840
3	51.82	15840
3	106.68	15840
3	154.84	15840
3	211.23	15840
3	267.61	15840
3	322.48	15840
3	379.48	15840
3	437.39	15840
4	0	15840
4	47.24	15840
4	89.92	15840
4	141.73	15840
1	0	15900
1	35.05	15900
1	70.1	15900
1	108.2	15900
1	140.21	15900
2	0	15900
2	39.62	15900
2	79.25	15900
2	124.97	15900
2	169.16	15900
2	201.17	15900
2	237.74	15900
2	277.37	15900
3	0	15900
3	51.82	15900
3	106.68	15900
3	154.84	15900
3	211.23	15900
3	267.61	15900
3	322.48	15900
3	379.48	15900
3	437.39	15900
4	0	15900
4	47.24	15900
4	89.92	15900
4	141.73	15900
1	0	15960
1	35.05	15960
1	70.1	15960
1	108.2	15960
1	140.21	15960
2	0	15960
2	39.62	15960
2	79.25	15960
2	124.97	15960
2	169.16	15960
2	201.17	15960
2	237.74	15960
2	277.37	15960
3	0	15960
3	51.82	15960
3	106.68	15960
3	154.84	15960
3	211.23	15960
3	267.61	15960
3	322.48	15960
3	379.48	15960
3	437.39	15960
4	0	15960
4	47.24	15960
4	89.92	15960
4	141.73	15960
1	0	16020
1	35.05	16020
1	70.1	16020
1	108.2	16020
1	140.21	16020
2	0	16020
2	39.62	16020
2	79.25	16020
2	124.97	16020
2	169.16	16020
2	201.17	16020
2	237.74	16020
2	277.37	16020
3	0	16020
3	51.82	16020
3	106.68	16020
3	154.84	16020
3	211.23	16020
3	267.61	16020
3	322.48	16020
3	379.48	16020
3	437.39	16020
4	0	16020
4	47.24	16020
4	89.92	16020
4	141.73	16020
1	0	16080
1	35.05	16080
1	70.1	16080
1	108.2	16080
1	140.21	16080
2	0	16080
2	39.62	16080
2	79.25	16080
2	124.97	16080
2	169.16	16080
2	201.17	16080
2	237.74	16080
2	277.37	16080
3	0	16080
3	51.82	16080
3	106.68	16080
3	154.84	16080
3	211.23	16080
3	267.61	16080
3	322.48	16080
3	379.48	16080
3	437.39	16080
4	0	16080
4	47.24	16080
4	89.92	16080
4	141.73	16080
1	0	16140
1	35.05	16140
1	70.1	16140
1	108.2	16140
1	140.21	16140
2	0	16140
2	39.62	16140
2	79.25	16140
2	124.97	16140
2	169.16	16140
2	201.17	16140
2	237.74	16140
2	277.37	16140
3	0	16140
3	51.82	16140
3	106.68	16140
3	154.84	16140
3	211.23	16140
3	267.61	16140
3	322.48	16140
3	379.48	16140
3	437.39	16140
4	0	16140
4	47.24	16140
4	89.92	16140
4	141.73	16140
1	0	16200
1	35.05	16200
1	70.1	16200
1	108.2	16200
1	140.21	16200
2	0	16200
2	39.62	16200
2	79.25	16200
2	124.97	16200
2	169.16	16200
2	201.17	16200
2	237.74	16200
2	277.37	16200
3	0	16200
3	51.82	16200
3	106.68	16200
3	154.84	16200
3	211.23	16200
3	267.61	16200
3	322.48	16200
3	379.48	16200
3	437.39	16200
4	0	16200
4	47.24	16200
4	89.92	16200
4	141.73	16200
1	0	16260
1	35.05	16260
1	70.1	16260
1	108.2	16260
1	140.21	16260
2	0	16260
2	39.62	16260
2	79.25	16260
2	124.97	16260
2	169.16	16260
2	201.17	16260
2	237.74	16260
2	277.37	16260
3	0	16260
3	51.82	16260
3	106.68	16260
3	154.84	16260
3	211.23	16260
3	267.61	16260
3	322.48	16260
3	379.48	16260
3	437.39	16260
4	0	16260
4	47.24	16260
4	89.92	16260
4	141.73	16260
1	0	16320
1	35.05	16320
1	70.1	16320
1	108.2	16320
1	140.21	16320
2	0	16320
2	39.62	16320
2	79.25	16320
2	124.97	16320
2	169.16	16320
2	201.17	16320
2	237.74	16320
2	277.37	16320
3	0	16320
3	51.82	16320
3	106.68	16320
3	154.84	16320
3	211.23	16320
3	267.61	16320
3	322.48	16320
3	379.48	16320
3	437.39	16320
4	0	16320
4	47.24	16320
4	89.92	16320
4	141.73	16320
1	0	16380
1	35.05	16380
1	70.1	16380
1	108.2	16380
1	140.21	16380
2	0	16380
2	39.62	16380
2	79.25	16380
2	124.97	16380
2	169.16	16380
2	201.17	16380
2	237.74	16380
2	277.37	16380
3	0	16380
3	51.82	16380
3	106.68	16380
3	154.84	16380
3	211.23	16380
3	267.61	16380
3	322.48	16380
3	379.48	16380
3	437.39	16380
4	0	16380
4	47.24	16380
4	89.92	16380
4	141.73	16380
1	0	16440
1	35.05	16440
1	70.1	16440
1	108.2	16440
1	140.21	16440
2	0	16440
2	39.62	16440
2	79.25	16440
2	124.97	16440
2	169.16	16440
2	201.17	16440
2	237.74	16440
2	277.37	16440
3	0	16440
3	51.82	16440
3	106.68	16440
3	154.84	16440
3	211.23	16440
3	267.61	16440
3	322.48	16440
3	379.48	16440
3	437.39	16440
4	0	16440
4	47.24	16440
4	89.92	16440
4	141.73	16440
1	0	16500
1	35.05	16500
1	70.1	16500
1	108.2	16500
1	140.21	16500
2	0	16500
2	39.62	16500
2	79.25	16500
2	124.97	16500
2	169.16	16500
2	201.17	16500
2	237.74	16500
2	277.37	16500
3	0	16500
3	51.82	16500
3	106.68	16500
3	154.84	16500
3	211.23	16500
3	267.61	16500
3	322.48	16500
3	379.48	16500
3	437.39	16500
4	0	16500
4	47.24	16500
4	89.92	16500
4	141.73	16500
1	0	16560
1	35.05	16560
1	70.1	16560
1	108.2	16560
1	140.21	16560
2	0	16560
2	39.62	16560
2	79.25	16560
2	124.97	16560
2	169.16	16560
2	201.17	16560
2	237.74	16560
2	277.37	16560
3	0	16560
3	51.82	16560
3	106.68	16560
3	154.84	16560
3	211.23	16560
3	267.61	16560
3	322.48	16560
3	379.48	16560
3	437.39	16560
4	0	16560
4	47.24	16560
4	89.92	16560
4	141.73	16560
1	0	16620
1	35.05	16620
1	70.1	16620
1	108.2	16620
1	140.21	16620
2	0	16620
2	39.62	16620
2	79.25	16620
2	124.97	16620
2	169.16	16620
2	201.17	16620
2	237.74	16620
2	277.37	16620
3	0	16620
3	51.82	16620
3	106.68	16620
3	154.84	16620
3	211.23	16620
3	267.61	16620
3	322.48	16620
3	379.48	16620
3	437.39	16620
4	0	16620
4	47.24	16620
4	89.92	16620
4	141.73	16620
1	0	16680
1	35.05	16680
1	70.1	16680
1	108.2	16680
1	140.21	16680
2	0	16680
2	39.62	16680
2	79.25	16680
2	124.97	16680
2	169.16	16680
2	201.17	16680
2	237.74	16680
2	277.37	16680
3	0	16680
3	51.82	16680
3	106.68	16680
3	154.84	16680
3	211.23	16680
3	267.61	16680
3	322.48	16680
3	379.48	16680
3	437.39	16680
4	0	16680
4	47.24	16680
4	89.92	16680
4	141.73	16680
1	0	16740
1	35.05	16740
1	70.1	16740
1	108.2	16740
1	140.21	16740
2	0	16740
2	39.62	16740
2	79.25	16740
2	124.97	16740
2	169.16	16740
2	201.17	16740
2	237.74	16740
2	277.37	16740
3	0	16740
3	51.82	16740
3	106.68	16740
3	154.84	16740
3	211.23	16740
3	267.61	16740
3	322.48	16740
3	379.48	16740
3	437.39	16740
4	0	16740
4	47.24	16740
4	89.92	16740
4	141.73	16740
1	0	16800
1	35.05	16800
1	70.1	16800
1	108.2	16800
1	140.21	16800
2	0	16800
2	39.62	16800
2	79.25	16800
2	124.97	16800
2	169.16	16800
2	201.17	16800
2	237.74	16800
2	277.37	16800
3	0	16800
3	51.82	16800
3	106.68	16800
3	154.84	16800
3	211.23	16800
3	267.61	16800
3	322.48	16800
3	379.48	16800
3	437.39	16800
4	0	16800
4	47.24	16800
4	89.92	16800
4	141.73	16800
1	0	16860
1	35.05	16860
1	70.1	16860
1	108.2	16860
1	140.21	16860
2	0	16860
2	39.62	16860
2	79.25	16860
2	124.97	16860
2	169.16	16860
2	201.17	16860
2	237.74	16860
2	277.37	16860
3	0	16860
3	51.82	16860
3	106.68	16860
3	154.84	16860
3	211.23	16860
3	267.61	16860
3	322.48	16860
3	379.48	16860
3	437.39	16860
4	0	16860
4	47.24	16860
4	89.92	16860
4	141.73	16860
1	0	16920
1	35.05	16920
1	70.1	16920
1	108.2	16920
1	140.21	16920
2	0	16920
2	39.62	16920
2	79.25	16920
2	124.97	16920
2	169.16	16920
2	201.17	16920
2	237.74	16920
2	277.37	16920
3	0	16920
3	51.82	16920
3	106.68	16920
3	154.84	16920
3	211.23	16920
3	267.61	16920
3	322.48	16920
3	379.48	16920
3	437.39	16920
4	0	16920
4	47.24	16920
4	89.92	16920
4	141.73	16920
1	0	16980
1	35.05	16980
1	70.1	16980
1	108.2	16980
1	140.21	16980
2	0	16980
2	39.62	16980
2	79.25	16980
2	124.97	16980
2	169.16	16980
2	201.17	16980
2	237.74	16980
2	277.37	16980
3	0	16980
3	51.82	16980
3	106.68	16980
3	154.84	16980
3	211.23	16980
3	267.61	16980
3	322.48	16980
3	379.48	16980
3	437.39	16980
4	0	16980
4	47.24	16980
4	89.92	16980
4	141.73	16980
1	0	17040
1	35.05	17040
1	70.1	17040
1	108.2	17040
1	140.21	17040
2	0	17040
2	39.62	17040
2	79.25	17040
2	124.97	17040
2	169.16	17040
2	201.17	17040
2	237.74	17040
2	277.37	17040
3	0	17040
3	51.82	17040
3	106.68	17040
3	154.84	17040
3	211.23	17040
3	267.61	17040
3	322.48	17040
3	379.48	17040
3	437.39	17040
4	0	17040
4	47.24	17040
4	89.92	17040
4	141.73	17040
1	0	17100
1	35.05	17100
1	70.1	17100
1	108.2	17100
1	140.21	17100
2	0	17100
2	39.62	17100
2	79.25	17100
2	124.97	17100
2	169.16	17100
2	201.17	17100
2	237.74	17100
2	277.37	17100
3	0	17100
3	51.82	17100
3	106.68	17100
3	154.84	17100
3	211.23	17100
3	267.61	17100
3	322.48	17100
3	379.48	17100
3	437.39	17100
4	0	17100
4	47.24	17100
4	89.92	17100
4	141.73	17100
1	0	17160
1	35.05	17160
1	70.1	17160
1	108.2	17160
1	140.21	17160
2	0	17160
2	39.62	17160
2	79.25	17160
2	124.97	17160
2	169.16	17160
2	201.17	17160
2	237.74	17160
2	277.37	17160
3	0	17160
3	51.82	17160
3	106.68	17160
3	154.84	17160
3	211.23	17160
3	267.61	17160
3	322.48	17160
3	379.48	17160
3	437.39	17160
4	0	17160
4	47.24	17160
4	89.92	17160
4	141.73	17160
1	0	17220
1	35.05	17220
1	70.1	17220
1	108.2	17220
1	140.21	17220
2	0	17220
2	39.62	17220
2	79.25	17220
2	124.97	17220
2	169.16	17220
2	201.17	17220
2	237.74	17220
2	277.37	17220
3	0	17220
3	51.82	17220
3	106.68	17220
3	154.84	17220
3	211.23	17220
3	267.61	17220
3	322.48	17220
3	379.48	17220
3	437.39	17220
4	0	17220
4	47.24	17220
4	89.92	17220
4	141.73	17220
1	0	17280
1	35.05	17280
1	70.1	17280
1	108.2	17280
1	140.21	17280
2	0	17280
2	39.62	17280
2	79.25	17280
2	124.97	17280
2	169.16	17280
2	201.17	17280
2	237.74	17280
2	277.37	17280
3	0	17280
3	51.82	17280
3	106.68	17280
3	154.84	17280
3	211.23	17280
3	267.61	17280
3	322.48	17280
3	379.48	17280
3	437.39	17280
4	0	17280
4	47.24	17280
4	89.92	17280
4	141.73	17280
1	0	17340
1	35.05	17340
1	70.1	17340
1	108.2	17340
1	140.21	17340
2	0	17340
2	39.62	17340
2	79.25	17340
2	124.97	17340
2	169.16	17340
2	201.17	17340
2	237.74	17340
2	277.37	17340
3	0	17340
3	51.82	17340
3	106.68	17340
3	154.84	17340
3	211.23	17340
3	267.61	17340
3	322.48	17340
3	379.48	17340
3	437.39	17340
4	0	17340
4	47.24	17340
4	89.92	17340
4	141.73	17340
1	0	17400
1	35.05	17400
1	70.1	17400
1	108.2	17400
1	140.21	17400
2	0	17400
2	39.62	17400
2	79.25	17400
2	124.97	17400
2	169.16	17400
2	201.17	17400
2	237.74	17400
2	277.37	17400
3	0	17400
3	51.82	17400
3	106.68	17400
3	154.84	17400
3	211.23	17400
3	267.61	17400
3	322.48	17400
3	379.48	17400
3	437.39	17400
4	0	17400
4	47.24	17400
4	89.92	17400
4	141.73	17400
1	0	17460
1	35.05	17460
1	70.1	17460
1	108.2	17460
1	140.21	17460
2	0	17460
2	39.62	17460
2	79.25	17460
2	124.97	17460
2	169.16	17460
2	201.17	17460
2	237.74	17460
2	277.37	17460
3	0	17460
3	51.82	17460
3	106.68	17460
3	154.84	17460
3	211.23	17460
3	267.61	17460
3	322.48	17460
3	379.48	17460
3	437.39	17460
4	0	17460
4	47.24	17460
4	89.92	17460
4	141.73	17460
1	0	17520
1	35.05	17520
1	70.1	17520
1	108.2	17520
1	140.21	17520
2	0	17520
2	39.62	17520
2	79.25	17520
2	124.97	17520
2	169.16	17520
2	201.17	17520
2	237.74	17520
2	277.37	17520
3	0	17520
3	51.82	17520
3	106.68	17520
3	154.84	17520
3	211.23	17520
3	267.61	17520
3	322.48	17520
3	379.48	17520
3	437.39	17520
4	0	17520
4	47.24	17520
4	89.92	17520
4	141.73	17520
1	0	17580
1	35.05	17580
1	70.1	17580
1	108.2	17580
1	140.21	17580
2	0	17580
2	39.62	17580
2	79.25	17580
2	124.97	17580
2	169.16	17580
2	201.17	17580
2	237.74	17580
2	277.37	17580
3	0	17580
3	51.82	17580
3	106.68	17580
3	154.84	17580
3	211.23	17580
3	267.61	17580
3	322.48	17580
3	379.48	17580
3	437.39	17580
4	0	17580
4	47.24	17580
4	89.92	17580
4	141.73	17580
1	0	17640
1	35.05	17640
1	70.1	17640
1	108.2	17640
1	140.21	17640
2	0	17640
2	39.62	17640
2	79.25	17640
2	124.97	17640
2	169.16	17640
2	201.17	17640
2	237.74	17640
2	277.37	17640
3	0	17640
3	51.82	17640
3	106.68	17640
3	154.84	17640
3	211.23	17640
3	267.61	17640
3	322.48	17640
3	379.48	17640
3	437.39	17640
4	0	17640
4	47.24	17640
4	89.92	17640
4	141.73	17640
1	0	17700
1	35.05	17700
1	70.1	17700
1	108.2	17700
1	140.21	17700
2	0	17700
2	39.62	17700
2	79.25	17700
2	124.97	17700
2	169.16	17700
2	201.17	17700
2	237.74	17700
2	277.37	17700
3	0	17700
3	51.82	17700
3	106.68	17700
3	154.84	17700
3	211.23	17700
3	267.61	17700
3	322.48	17700
3	379.48	17700
3	437.39	17700
4	0	17700
4	47.24	17700
4	89.92	17700
4	141.73	17700
1	0	17760
1	35.05	17760
1	70.1	17760
1	108.2	17760
1	140.21	17760
2	0	17760
2	39.62	17760
2	79.25	17760
2	124.97	17760
2	169.16	17760
2	201.17	17760
2	237.74	17760
2	277.37	17760
3	0	17760
3	51.82	17760
3	106.68	17760
3	154.84	17760
3	211.23	17760
3	267.61	17760
3	322.48	17760
3	379.48	17760
3	437.39	17760
4	0	17760
4	47.24	17760
4	89.92	17760
4	141.73	17760
1	0	17820
1	35.05	17820
1	70.1	17820
1	108.2	17820
1	140.21	17820
2	0	17820
2	39.62	17820
2	79.25	17820
2	124.97	17820
2	169.16	17820
2	201.17	17820
2	237.74	17820
2	277.37	17820
3	0	17820
3	51.82	17820
3	106.68	17820
3	154.84	17820
3	211.23	17820
3	267.61	17820
3	322.48	17820
3	379.48	17820
3	437.39	17820
4	0	17820
4	47.24	17820
4	89.92	17820
4	141.73	17820
1	0	17880
1	35.05	17880
1	70.1	17880
1	108.2	17880
1	140.21	17880
2	0	17880
2	39.62	17880
2	79.25	17880
2	124.97	17880
2	169.16	17880
2	201.17	17880
2	237.74	17880
2	277.37	17880
3	0	17880
3	51.82	17880
3	106.68	17880
3	154.84	17880
3	211.23	17880
3	267.61	17880
3	322.48	17880
3	379.48	17880
3	437.39	17880
4	0	17880
4	47.24	17880
4	89.92	17880
4	141.73	17880
1	0	17940
1	35.05	17940
1	70.1	17940
1	108.2	17940
1	140.21	17940
2	0	17940
2	39.62	17940
2	79.25	17940
2	124.97	17940
2	169.16	17940
2	201.17	17940
2	237.74	17940
2	277.37	17940
3	0	17940
3	51.82	17940
3	106.68	17940
3	154.84	17940
3	211.23	17940
3	267.61	17940
3	322.48	17940
3	379.48	17940
3	437.39	17940
4	0	17940
4	47.24	17940
4	89.92	17940
4	141.73	17940
1	0	18000
1	35.05	18000
1	70.1	18000
1	108.2	18000
1	140.21	18000
2	0	18000
2	39.62	18000
2	79.25	18000
2	124.97	18000
2	169.16	18000
2	201.17	18000
2	237.74	18000
2	277.37	18000
3	0	18000
3	51.82	18000
3	106.68	18000
3	154.84	18000
3	211.23	18000
3	267.61	18000
3	322.48	18000
3	379.48	18000
3	437.39	18000
4	0	18000
4	47.24	18000
4	89.92	18000
4	141.73	18000
1	0	18060
1	35.05	18060
1	70.1	18060
1	108.2	18060
1	140.21	18060
2	0	18060
2	39.62	18060
2	79.25	18060
2	124.97	18060
2	169.16	18060
2	201.17	18060
2	237.74	18060
2	277.37	18060
3	0	18060
3	51.82	18060
3	106.68	18060
3	154.84	18060
3	211.23	18060
3	267.61	18060
3	322.48	18060
3	379.48	18060
3	437.39	18060
4	0	18060
4	47.24	18060
4	89.92	18060
4	141.73	18060
1	0	18120
1	35.05	18120
1	70.1	18120
1	108.2	18120
1	140.21	18120
2	0	18120
2	39.62	18120
2	79.25	18120
2	124.97	18120
2	169.16	18120
2	201.17	18120
2	237.74	18120
2	277.37	18120
3	0	18120
3	51.82	18120
3	106.68	18120
3	154.84	18120
3	211.23	18120
3	267.61	18120
3	322.48	18120
3	379.48	18120
3	437.39	18120
4	0	18120
4	47.24	18120
4	89.92	18120
4	141.73	18120
1	0	18180
1	35.05	18180
1	70.1	18180
1	108.2	18180
1	140.21	18180
2	0	18180
2	39.62	18180
2	79.25	18180
2	124.97	18180
2	169.16	18180
2	201.17	18180
2	237.74	18180
2	277.37	18180
3	0	18180
3	51.82	18180
3	106.68	18180
3	154.84	18180
3	211.23	18180
3	267.61	18180
3	322.48	18180
3	379.48	18180
3	437.39	18180
4	0	18180
4	47.24	18180
4	89.92	18180
4	141.73	18180
1	0	18240
1	35.05	18240
1	70.1	18240
1	108.2	18240
1	140.21	18240
2	0	18240
2	39.62	18240
2	79.25	18240
2	124.97	18240
2	169.16	18240
2	201.17	18240
2	237.74	18240
2	277.37	18240
3	0	18240
3	51.82	18240
3	106.68	18240
3	154.84	18240
3	211.23	18240
3	267.61	18240
3	322.48	18240
3	379.48	18240
3	437.39	18240
4	0	18240
4	47.24	18240
4	89.92	18240
4	141.73	18240
1	0	18300
1	35.05	18300
1	70.1	18300
1	108.2	18300
1	140.21	18300
2	0	18300
2	39.62	18300
2	79.25	18300
2	124.97	18300
2	169.16	18300
2	201.17	18300
2	237.74	18300
2	277.37	18300
3	0	18300
3	51.82	18300
3	106.68	18300
3	154.84	18300
3	211.23	18300
3	267.61	18300
3	322.48	18300
3	379.48	18300
3	437.39	18300
4	0	18300
4	47.24	18300
4	89.92	18300
4	141.73	18300
1	0	18360
1	35.05	18360
1	70.1	18360
1	108.2	18360
1	140.21	18360
2	0	18360
2	39.62	18360
2	79.25	18360
2	124.97	18360
2	169.16	18360
2	201.17	18360
2	237.74	18360
2	277.37	18360
3	0	18360
3	51.82	18360
3	106.68	18360
3	154.84	18360
3	211.23	18360
3	267.61	18360
3	322.48	18360
3	379.48	18360
3	437.39	18360
4	0	18360
4	47.24	18360
4	89.92	18360
4	141.73	18360
1	0	18420
1	35.05	18420
1	70.1	18420
1	108.2	18420
1	140.21	18420
2	0	18420
2	39.62	18420
2	79.25	18420
2	124.97	18420
2	169.16	18420
2	201.17	18420
2	237.74	18420
2	277.37	18420
3	0	18420
3	51.82	18420
3	106.68	18420
3	154.84	18420
3	211.23	18420
3	267.61	18420
3	322.48	18420
3	379.48	18420
3	437.39	18420
4	0	18420
4	47.24	18420
4	89.92	18420
4	141.73	18420
1	0	18480
1	35.05	18480
1	70.1	18480
1	108.2	18480
1	140.21	18480
2	0	18480
2	39.62	18480
2	79.25	18480
2	124.97	18480
2	169.16	18480
2	201.17	18480
2	237.74	18480
2	277.37	18480
3	0	18480
3	51.82	18480
3	106.68	18480
3	154.84	18480
3	211.23	18480
3	267.61	18480
3	322.48	18480
3	379.48	18480
3	437.39	18480
4	0	18480
4	47.24	18480
4	89.92	18480
4	141.73	18480
1	0	18540
1	35.05	18540
1	70.1	18540
1	108.2	18540
1	140.21	18540
2	0	18540
2	39.62	18540
2	79.25	18540
2	124.97	18540
2	169.16	18540
2	201.17	18540
2	237.74	18540
2	277.37	18540
3	0	18540
3	51.82	18540
3	106.68	18540
3	154.84	18540
3	211.23	18540
3	267.61	18540
3	322.48	18540
3	379.48	18540
3	437.39	18540
4	0	18540
4	47.24	18540
4	89.92	18540
4	141.73	18540
1	0	18600
1	35.05	18600
1	70.1	18600
1	108.2	18600
1	140.21	18600
2	0	18600
2	39.62	18600
2	79.25	18600
2	124.97	18600
2	169.16	18600
2	201.17	18600
2	237.74	18600
2	277.37	18600
3	0	18600
3	51.82	18600
3	106.68	18600
3	154.84	18600
3	211.23	18600
3	267.61	18600
3	322.48	18600
3	379.48	18600
3	437.39	18600
4	0	18600
4	47.24	18600
4	89.92	18600
4	141.73	18600
1	0	18660
1	35.05	18660
1	70.1	18660
1	108.2	18660
1	140.21	18660
2	0	18660
2	39.62	18660
2	79.25	18660
2	124.97	18660
2	169.16	18660
2	201.17	18660
2	237.74	18660
2	277.37	18660
3	0	18660
3	51.82	18660
3	106.68	18660
3	154.84	18660
3	211.23	18660
3	267.61	18660
3	322.48	18660
3	379.48	18660
3	437.39	18660
4	0	18660
4	47.24	18660
4	89.92	18660
4	141.73	18660
1	0	18720
1	35.05	18720
1	70.1	18720
1	108.2	18720
1	140.21	18720
2	0	18720
2	39.62	18720
2	79.25	18720
2	124.97	18720
2	169.16	18720
2	201.17	18720
2	237.74	18720
2	277.37	18720
3	0	18720
3	51.82	18720
3	106.68	18720
3	154.84	18720
3	211.23	18720
3	267.61	18720
3	322.48	18720
3	379.48	18720
3	437.39	18720
4	0	18720
4	47.24	18720
4	89.92	18720
4	141.73	18720
1	0	18780
1	35.05	18780
1	70.1	18780
1	108.2	18780
1	140.21	18780
2	0	18780
2	39.62	18780
2	79.25	18780
2	124.97	18780
2	169.16	18780
2	201.17	18780
2	237.74	18780
2	277.37	18780
3	0	18780
3	51.82	18780
3	106.68	18780
3	154.84	18780
3	211.23	18780
3	267.61	18780
3	322.48	18780
3	379.48	18780
3	437.39	18780
4	0	18780
4	47.24	18780
4	89.92	18780
4	141.73	18780
1	0	18840
1	35.05	18840
1	70.1	18840
1	108.2	18840
1	140.21	18840
2	0	18840
2	39.62	18840
2	79.25	18840
2	124.97	18840
2	169.16	18840
2	201.17	18840
2	237.74	18840
2	277.37	18840
3	0	18840
3	51.82	18840
3	106.68	18840
3	154.84	18840
3	211.23	18840
3	267.61	18840
3	322.48	18840
3	379.48	18840
3	437.39	18840
4	0	18840
4	47.24	18840
4	89.92	18840
4	141.73	18840
1	0	18900
1	35.05	18900
1	70.1	18900
1	108.2	18900
1	140.21	18900
2	0	18900
2	39.62	18900
2	79.25	18900
2	124.97	18900
2	169.16	18900
2	201.17	18900
2	237.74	18900
2	277.37	18900
3	0	18900
3	51.82	18900
3	106.68	18900
3	154.84	18900
3	211.23	18900
3	267.61	18900
3	322.48	18900
3	379.48	18900
3	437.39	18900
4	0	18900
4	47.24	18900
4	89.92	18900
4	141.73	18900
1	0	18960
1	35.05	18960
1	70.1	18960
1	108.2	18960
1	140.21	18960
2	0	18960
2	39.62	18960
2	79.25	18960
2	124.97	18960
2	169.16	18960
2	201.17	18960
2	237.74	18960
2	277.37	18960
3	0	18960
3	51.82	18960
3	106.68	18960
3	154.84	18960
3	211.23	18960
3	267.61	18960
3	322.48	18960
3	379.48	18960
3	437.39	18960
4	0	18960
4	47.24	18960
4	89.92	18960
4	141.73	18960
1	0	19020
1	35.05	19020
1	70.1	19020
1	108.2	19020
1	140.21	19020
2	0	19020
2	39.62	19020
2	79.25	19020
2	124.97	19020
2	169.16	19020
2	201.17	19020
2	237.74	19020
2	277.37	19020
3	0	19020
3	51.82	19020
3	106.68	19020
3	154.84	19020
3	211.23	19020
3	267.61	19020
3	322.48	19020
3	379.48	19020
3	437.39	19020
4	0	19020
4	47.24	19020
4	89.92	19020
4	141.73	19020
1	0	19080
1	35.05	19080
1	70.1	19080
1	108.2	19080
1	140.21	19080
2	0	19080
2	39.62	19080
2	79.25	19080
2	124.97	19080
2	169.16	19080
2	201.17	19080
2	237.74	19080
2	277.37	19080
3	0	19080
3	51.82	19080
3	106.68	19080
3	154.84	19080
3	211.23	19080
3	267.61	19080
3	322.48	19080
3	379.48	19080
3	437.39	19080
4	0	19080
4	47.24	19080
4	89.92	19080
4	141.73	19080
1	0	19140
1	35.05	19140
1	70.1	19140
1	108.2	19140
1	140.21	19140
2	0	19140
2	39.62	19140
2	79.25	19140
2	124.97	19140
2	169.16	19140
2	201.17	19140
2	237.74	19140
2	277.37	19140
3	0	19140
3	51.82	19140
3	106.68	19140
3	154.84	19140
3	211.23	19140
3	267.61	19140
3	322.48	19140
3	379.48	19140
3	437.39	19140
4	0	19140
4	47.24	19140
4	89.92	19140
4	141.73	19140
1	0	19200
1	35.05	19200
1	70.1	19200
1	108.2	19200
1	140.21	19200
2	0	19200
2	39.62	19200
2	79.25	19200
2	124.97	19200
2	169.16	19200
2	201.17	19200
2	237.74	19200
2	277.37	19200
3	0	19200
3	51.82	19200
3	106.68	19200
3	154.84	19200
3	211.23	19200
3	267.61	19200
3	322.48	19200
3	379.48	19200
3	437.39	19200
4	0	19200
4	47.24	19200
4	89.92	19200
4	141.73	19200
1	0	19260
1	35.05	19260
1	70.1	19260
1	108.2	19260
1	140.21	19260
2	0	19260
2	39.62	19260
2	79.25	19260
2	124.97	19260
2	169.16	19260
2	201.17	19260
2	237.74	19260
2	277.37	19260
3	0	19260
3	51.82	19260
3	106.68	19260
3	154.84	19260
3	211.23	19260
3	267.61	19260
3	322.48	19260
3	379.48	19260
3	437.39	19260
4	0	19260
4	47.24	19260
4	89.92	19260
4	141.73	19260
1	0	19320
1	35.05	19320
1	70.1	19320
1	108.2	19320
1	140.21	19320
2	0	19320
2	39.62	19320
2	79.25	19320
2	124.97	19320
2	169.16	19320
2	201.17	19320
2	237.74	19320
2	277.37	19320
3	0	19320
3	51.82	19320
3	106.68	19320
3	154.84	19320
3	211.23	19320
3	267.61	19320
3	322.48	19320
3	379.48	19320
3	437.39	19320
4	0	19320
4	47.24	19320
4	89.92	19320
4	141.73	19320
1	0	19380
1	35.05	19380
1	70.1	19380
1	108.2	19380
1	140.21	19380
2	0	19380
2	39.62	19380
2	79.25	19380
2	124.97	19380
2	169.16	19380
2	201.17	19380
2	237.74	19380
2	277.37	19380
3	0	19380
3	51.82	19380
3	106.68	19380
3	154.84	19380
3	211.23	19380
3	267.61	19380
3	322.48	19380
3	379.48	19380
3	437.39	19380
4	0	19380
4	47.24	19380
4	89.92	19380
4	141.73	19380
1	0	19440
1	35.05	19440
1	70.1	19440
1	108.2	19440
1	140.21	19440
2	0	19440
2	39.62	19440
2	79.25	19440
2	124.97	19440
2	169.16	19440
2	201.17	19440
2	237.74	19440
2	277.37	19440
3	0	19440
3	51.82	19440
3	106.68	19440
3	154.84	19440
3	211.23	19440
3	267.61	19440
3	322.48	19440
3	379.48	19440
3	437.39	19440
4	0	19440
4	47.24	19440
4	89.92	19440
4	141.73	19440
1	0	19500
1	35.05	19500
1	70.1	19500
1	108.2	19500
1	140.21	19500
2	0	19500
2	39.62	19500
2	79.25	19500
2	124.97	19500
2	169.16	19500
2	201.17	19500
2	237.74	19500
2	277.37	19500
3	0	19500
3	51.82	19500
3	106.68	19500
3	154.84	19500
3	211.23	19500
3	267.61	19500
3	322.48	19500
3	379.48	19500
3	437.39	19500
4	0	19500
4	47.24	19500
4	89.92	19500
4	141.73	19500
1	0	19560
1	35.05	19560
1	70.1	19560
1	108.2	19560
1	140.21	19560
2	0	19560
2	39.62	19560
2	79.25	19560
2	124.97	19560
2	169.16	19560
2	201.17	19560
2	237.74	19560
2	277.37	19560
3	0	19560
3	51.82	19560
3	106.68	19560
3	154.84	19560
3	211.23	19560
3	267.61	19560
3	322.48	19560
3	379.48	19560
3	437.39	19560
4	0	19560
4	47.24	19560
4	89.92	19560
4	141.73	19560
1	0	19620
1	35.05	19620
1	70.1	19620
1	108.2	19620
1	140.21	19620
2	0	19620
2	39.62	19620
2	79.25	19620
2	124.97	19620
2	169.16	19620
2	201.17	19620
2	237.74	19620
2	277.37	19620
3	0	19620
3	51.82	19620
3	106.68	19620
3	154.84	19620
3	211.23	19620
3	267.61	19620
3	322.48	19620
3	379.48	19620
3	437.39	19620
4	0	19620
4	47.24	19620
4	89.92	19620
4	141.73	19620
1	0	19680
1	35.05	19680
1	70.1	19680
1	108.2	19680
1	140.21	19680
2	0	19680
2	39.62	19680
2	79.25	19680
2	124.97	19680
2	169.16	19680
2	201.17	19680
2	237.74	19680
2	277.37	19680
3	0	19680
3	51.82	19680
3	106.68	19680
3	154.84	19680
3	211.23	19680
3	267.61	19680
3	322.48	19680
3	379.48	19680
3	437.39	19680
4	0	19680
4	47.24	19680
4	89.92	19680
4	141.73	19680
1	0	19740
1	35.05	19740
1	70.1	19740
1	108.2	19740
1	140.21	19740
2	0	19740
2	39.62	19740
2	79.25	19740
2	124.97	19740
2	169.16	19740
2	201.17	19740
2	237.74	19740
2	277.37	19740
3	0	19740
3	51.82	19740
3	106.68	19740
3	154.84	19740
3	211.23	19740
3	267.61	19740
3	322.48	19740
3	379.48	19740
3	437.39	19740
4	0	19740
4	47.24	19740
4	89.92	19740
4	141.73	19740
1	0	19800
1	35.05	19800
1	70.1	19800
1	108.2	19800
1	140.21	19800
2	0	19800
2	39.62	19800
2	79.25	19800
2	124.97	19800
2	169.16	19800
2	201.17	19800
2	237.74	19800
2	277.37	19800
3	0	19800
3	51.82	19800
3	106.68	19800
3	154.84	19800
3	211.23	19800
3	267.61	19800
3	322.48	19800
3	379.48	19800
3	437.39	19800
4	0	19800
4	47.24	19800
4	89.92	19800
4	141.73	19800
1	0	19860
1	35.05	19860
1	70.1	19860
1	108.2	19860
1	140.21	19860
2	0	19860
2	39.62	19860
2	79.25	19860
2	124.97	19860
2	169.16	19860
2	201.17	19860
2	237.74	19860
2	277.37	19860
3	0	19860
3	51.82	19860
3	106.68	19860
3	154.84	19860
3	211.23	19860
3	267.61	19860
3	322.48	19860
3	379.48	19860
3	437.39	19860
4	0	19860
4	47.24	19860
4	89.92	19860
4	141.73	19860
1	0	19920
1	35.05	19920
1	70.1	19920
1	108.2	19920
1	140.21	19920
2	0	19920
2	39.62	19920
2	79.25	19920
2	124.97	19920
2	169.16	19920
2	201.17	19920
2	237.74	19920
2	277.37	19920
3	0	19920
3	51.82	19920
3	106.68	19920
3	154.84	19920
3	211.23	19920
3	267.61	19920
3	322.48	19920
3	379.48	19920
3	437.39	19920
4	0	19920
4	47.24	19920
4	89.92	19920
4	141.73	19920
1	0	19980
1	35.05	19980
1	70.1	19980
1	108.2	19980
1	140.21	19980
2	0	19980
2	39.62	19980
2	79.25	19980
2	124.97	19980
2	169.16	19980
2	201.17	19980
2	237.74	19980
2	277.37	19980
3	0	19980
3	51.82	19980
3	106.68	19980
3	154.84	19980
3	211.23	19980
3	267.61	19980
3	322.48	19980
3	379.48	19980
3	437.39	19980
4	0	19980
4	47.24	19980
4	89.92	19980
4	141.73	19980
1	0	20040
1	35.05	20040
1	70.1	20040
1	108.2	20040
1	140.21	20040
2	0	20040
2	39.62	20040
2	79.25	20040
2	124.97	20040
2	169.16	20040
2	201.17	20040
2	237.74	20040
2	277.37	20040
3	0	20040
3	51.82	20040
3	106.68	20040
3	154.84	20040
3	211.23	20040
3	267.61	20040
3	322.48	20040
3	379.48	20040
3	437.39	20040
4	0	20040
4	47.24	20040
4	89.92	20040
4	141.73	20040
1	0	20100
1	35.05	20100
1	70.1	20100
1	108.2	20100
1	140.21	20100
2	0	20100
2	39.62	20100
2	79.25	20100
2	124.97	20100
2	169.16	20100
2	201.17	20100
2	237.74	20100
2	277.37	20100
3	0	20100
3	51.82	20100
3	106.68	20100
3	154.84	20100
3	211.23	20100
3	267.61	20100
3	322.48	20100
3	379.48	20100
3	437.39	20100
4	0	20100
4	47.24	20100
4	89.92	20100
4	141.73	20100
1	0	20160
1	35.05	20160
1	70.1	20160
1	108.2	20160
1	140.21	20160
2	0	20160
2	39.62	20160
2	79.25	20160
2	124.97	20160
2	169.16	20160
2	201.17	20160
2	237.74	20160
2	277.37	20160
3	0	20160
3	51.82	20160
3	106.68	20160
3	154.84	20160
3	211.23	20160
3	267.61	20160
3	322.48	20160
3	379.48	20160
3	437.39	20160
4	0	20160
4	47.24	20160
4	89.92	20160
4	141.73	20160
1	0	20220
1	35.05	20220
1	70.1	20220
1	108.2	20220
1	140.21	20220
2	0	20220
2	39.62	20220
2	79.25	20220
2	124.97	20220
2	169.16	20220
2	201.17	20220
2	237.74	20220
2	277.37	20220
3	0	20220
3	51.82	20220
3	106.68	20220
3	154.84	20220
3	211.23	20220
3	267.61	20220
3	322.48	20220
3	379.48	20220
3	437.39	20220
4	0	20220
4	47.24	20220
4	89.92	20220
4	141.73	20220
1	0	20280
1	35.05	20280
1	70.1	20280
1	108.2	20280
1	140.21	20280
2	0	20280
2	39.62	20280
2	79.25	20280
2	124.97	20280
2	169.16	20280
2	201.17	20280
2	237.74	20280
2	277.37	20280
3	0	20280
3	51.82	20280
3	106.68	20280
3	154.84	20280
3	211.23	20280
3	267.61	20280
3	322.48	20280
3	379.48	20280
3	437.39	20280
4	0	20280
4	47.24	20280
4	89.92	20280
4	141.73	20280
1	0	20340
1	35.05	20340
1	70.1	20340
1	108.2	20340
1	140.21	20340
2	0	20340
2	39.62	20340
2	79.25	20340
2	124.97	20340
2	169.16	20340
2	201.17	20340
2	237.74	20340
2	277.37	20340
3	0	20340
3	51.82	20340
3	106.68	20340
3	154.84	20340
3	211.23	20340
3	267.61	20340
3	322.48	20340
3	379.48	20340
3	437.39	20340
4	0	20340
4	47.24	20340
4	89.92	20340
4	141.73	20340
1	0	20400
1	35.05	20400
1	70.1	20400
1	108.2	20400
1	140.21	20400
2	0	20400
2	39.62	20400
2	79.25	20400
2	124.97	20400
2	169.16	20400
2	201.17	20400
2	237.74	20400
2	277.37	20400
3	0	20400
3	51.82	20400
3	106.68	20400
3	154.84	20400
3	211.23	20400
3	267.61	20400
3	322.48	20400
3	379.48	20400
3	437.39	20400
4	0	20400
4	47.24	20400
4	89.92	20400
4	141.73	20400
1	0	20460
1	35.05	20460
1	70.1	20460
1	108.2	20460
1	140.21	20460
2	0	20460
2	39.62	20460
2	79.25	20460
2	124.97	20460
2	169.16	20460
2	201.17	20460
2	237.74	20460
2	277.37	20460
3	0	20460
3	51.82	20460
3	106.68	20460
3	154.84	20460
3	211.23	20460
3	267.61	20460
3	322.48	20460
3	379.48	20460
3	437.39	20460
4	0	20460
4	47.24	20460
4	89.92	20460
4	141.73	20460
1	0	20520
1	35.05	20520
1	70.1	20520
1	108.2	20520
1	140.21	20520
2	0	20520
2	39.62	20520
2	79.25	20520
2	124.97	20520
2	169.16	20520
2	201.17	20520
2	237.74	20520
2	277.37	20520
3	0	20520
3	51.82	20520
3	106.68	20520
3	154.84	20520
3	211.23	20520
3	267.61	20520
3	322.48	20520
3	379.48	20520
3	437.39	20520
4	0	20520
4	47.24	20520
4	89.92	20520
4	141.73	20520
1	0	20580
1	35.05	20580
1	70.1	20580
1	108.2	20580
1	140.21	20580
2	0	20580
2	39.62	20580
2	79.25	20580
2	124.97	20580
2	169.16	20580
2	201.17	20580
2	237.74	20580
2	277.37	20580
3	0	20580
3	51.82	20580
3	106.68	20580
3	154.84	20580
3	211.23	20580
3	267.61	20580
3	322.48	20580
3	379.48	20580
3	437.39	20580
4	0	20580
4	47.24	20580
4	89.92	20580
4	141.73	20580
1	0	20640
1	35.05	20640
1	70.1	20640
1	108.2	20640
1	140.21	20640
2	0	20640
2	39.62	20640
2	79.25	20640
2	124.97	20640
2	169.16	20640
2	201.17	20640
2	237.74	20640
2	277.37	20640
3	0	20640
3	51.82	20640
3	106.68	20640
3	154.84	20640
3	211.23	20640
3	267.61	20640
3	322.48	20640
3	379.48	20640
3	437.39	20640
4	0	20640
4	47.24	20640
4	89.92	20640
4	141.73	20640
1	0	20700
1	35.05	20700
1	70.1	20700
1	108.2	20700
1	140.21	20700
2	0	20700
2	39.62	20700
2	79.25	20700
2	124.97	20700
2	169.16	20700
2	201.17	20700
2	237.74	20700
2	277.37	20700
3	0	20700
3	51.82	20700
3	106.68	20700
3	154.84	20700
3	211.23	20700
3	267.61	20700
3	322.48	20700
3	379.48	20700
3	437.39	20700
4	0	20700
4	47.24	20700
4	89.92	20700
4	141.73	20700
1	0	20760
1	35.05	20760
1	70.1	20760
1	108.2	20760
1	140.21	20760
2	0	20760
2	39.62	20760
2	79.25	20760
2	124.97	20760
2	169.16	20760
2	201.17	20760
2	237.74	20760
2	277.37	20760
3	0	20760
3	51.82	20760
3	106.68	20760
3	154.84	20760
3	211.23	20760
3	267.61	20760
3	322.48	20760
3	379.48	20760
3	437.39	20760
4	0	20760
4	47.24	20760
4	89.92	20760
4	141.73	20760
1	0	20820
1	35.05	20820
1	70.1	20820
1	108.2	20820
1	140.21	20820
2	0	20820
2	39.62	20820
2	79.25	20820
2	124.97	20820
2	169.16	20820
2	201.17	20820
2	237.74	20820
2	277.37	20820
3	0	20820
3	51.82	20820
3	106.68	20820
3	154.84	20820
3	211.23	20820
3	267.61	20820
3	322.48	20820
3	379.48	20820
3	437.39	20820
4	0	20820
4	47.24	20820
4	89.92	20820
4	141.73	20820
1	0	20880
1	35.05	20880
1	70.1	20880
1	108.2	20880
1	140.21	20880
2	0	20880
2	39.62	20880
2	79.25	20880
2	124.97	20880
2	169.16	20880
2	201.17	20880
2	237.74	20880
2	277.37	20880
3	0	20880
3	51.82	20880
3	106.68	20880
3	154.84	20880
3	211.23	20880
3	267.61	20880
3	322.48	20880
3	379.48	20880
3	437.39	20880
4	0	20880
4	47.24	20880
4	89.92	20880
4	141.73	20880
1	0	20940
1	35.05	20940
1	70.1	20940
1	108.2	20940
1	140.21	20940
2	0	20940
2	39.62	20940
2	79.25	20940
2	124.97	20940
2	169.16	20940
2	201.17	20940
2	237.74	20940
2	277.37	20940
3	0	20940
3	51.82	20940
3	106.68	20940
3	154.84	20940
3	211.23	20940
3	267.61	20940
3	322.48	20940
3	379.48	20940
3	437.39	20940
4	0	20940
4	47.24	20940
4	89.92	20940
4	141.73	20940
1	0	21000
1	35.05	21000
1	70.1	21000
1	108.2	21000
1	140.21	21000
2	0	21000
2	39.62	21000
2	79.25	21000
2	124.97	21000
2	169.16	21000
2	201.17	21000
2	237.74	21000
2	277.37	21000
3	0	21000
3	51.82	21000
3	106.68	21000
3	154.84	21000
3	211.23	21000
3	267.61	21000
3	322.48	21000
3	379.48	21000
3	437.39	21000
4	0	21000
4	47.24	21000
4	89.92	21000
4	141.73	21000
1	0	21060
1	35.05	21060
1	70.1	21060
1	108.2	21060
1	140.21	21060
2	0	21060
2	39.62	21060
2	79.25	21060
2	124.97	21060
2	169.16	21060
2	201.17	21060
2	237.74	21060
2	277.37	21060
3	0	21060
3	51.82	21060
3	106.68	21060
3	154.84	21060
3	211.23	21060
3	267.61	21060
3	322.48	21060
3	379.48	21060
3	437.39	21060
4	0	21060
4	47.24	21060
4	89.92	21060
4	141.73	21060
1	0	21120
1	35.05	21120
1	70.1	21120
1	108.2	21120
1	140.21	21120
2	0	21120
2	39.62	21120
2	79.25	21120
2	124.97	21120
2	169.16	21120
2	201.17	21120
2	237.74	21120
2	277.37	21120
3	0	21120
3	51.82	21120
3	106.68	21120
3	154.84	21120
3	211.23	21120
3	267.61	21120
3	322.48	21120
3	379.48	21120
3	437.39	21120
4	0	21120
4	47.24	21120
4	89.92	21120
4	141.73	21120
1	0	21180
1	35.05	21180
1	70.1	21180
1	108.2	21180
1	140.21	21180
2	0	21180
2	39.62	21180
2	79.25	21180
2	124.97	21180
2	169.16	21180
2	201.17	21180
2	237.74	21180
2	277.37	21180
3	0	21180
3	51.82	21180
3	106.68	21180
3	154.84	21180
3	211.23	21180
3	267.61	21180
3	322.48	21180
3	379.48	21180
3	437.39	21180
4	0	21180
4	47.24	21180
4	89.92	21180
4	141.73	21180
1	0	21240
1	35.05	21240
1	70.1	21240
1	108.2	21240
1	140.21	21240
2	0	21240
2	39.62	21240
2	79.25	21240
2	124.97	21240
2	169.16	21240
2	201.17	21240
2	237.74	21240
2	277.37	21240
3	0	21240
3	51.82	21240
3	106.68	21240
3	154.84	21240
3	211.23	21240
3	267.61	21240
3	322.48	21240
3	379.48	21240
3	437.39	21240
4	0	21240
4	47.24	21240
4	89.92	21240
4	141.73	21240
1	0	21300
1	35.05	21300
1	70.1	21300
1	108.2	21300
1	140.21	21300
2	0	21300
2	39.62	21300
2	79.25	21300
2	124.97	21300
2	169.16	21300
2	201.17	21300
2	237.74	21300
2	277.37	21300
3	0	21300
3	51.82	21300
3	106.68	21300
3	154.84	21300
3	211.23	21300
3	267.61	21300
3	322.48	21300
3	379.48	21300
3	437.39	21300
4	0	21300
4	47.24	21300
4	89.92	21300
4	141.73	21300
1	0	21360
1	35.05	21360
1	70.1	21360
1	108.2	21360
1	140.21	21360
2	0	21360
2	39.62	21360
2	79.25	21360
2	124.97	21360
2	169.16	21360
2	201.17	21360
2	237.74	21360
2	277.37	21360
3	0	21360
3	51.82	21360
3	106.68	21360
3	154.84	21360
3	211.23	21360
3	267.61	21360
3	322.48	21360
3	379.48	21360
3	437.39	21360
4	0	21360
4	47.24	21360
4	89.92	21360
4	141.73	21360
1	0	21420
1	35.05	21420
1	70.1	21420
1	108.2	21420
1	140.21	21420
2	0	21420
2	39.62	21420
2	79.25	21420
2	124.97	21420
2	169.16	21420
2	201.17	21420
2	237.74	21420
2	277.37	21420
3	0	21420
3	51.82	21420
3	106.68	21420
3	154.84	21420
3	211.23	21420
3	267.61	21420
3	322.48	21420
3	379.48	21420
3	437.39	21420
4	0	21420
4	47.24	21420
4	89.92	21420
4	141.73	21420
1	0	21480
1	35.05	21480
1	70.1	21480
1	108.2	21480
1	140.21	21480
2	0	21480
2	39.62	21480
2	79.25	21480
2	124.97	21480
2	169.16	21480
2	201.17	21480
2	237.74	21480
2	277.37	21480
3	0	21480
3	51.82	21480
3	106.68	21480
3	154.84	21480
3	211.23	21480
3	267.61	21480
3	322.48	21480
3	379.48	21480
3	437.39	21480
4	0	21480
4	47.24	21480
4	89.92	21480
4	141.73	21480
1	0	21540
1	35.05	21540
1	70.1	21540
1	108.2	21540
1	140.21	21540
2	0	21540
2	39.62	21540
2	79.25	21540
2	124.97	21540
2	169.16	21540
2	201.17	21540
2	237.74	21540
2	277.37	21540
3	0	21540
3	51.82	21540
3	106.68	21540
3	154.84	21540
3	211.23	21540
3	267.61	21540
3	322.48	21540
3	379.48	21540
3	437.39	21540
4	0	21540
4	47.24	21540
4	89.92	21540
4	141.73	21540
1	0	21600
1	35.05	21600
1	70.1	21600
1	108.2	21600
1	140.21	21600
2	0	21600
2	39.62	21600
2	79.25	21600
2	124.97	21600
2	169.16	21600
2	201.17	21600
2	237.74	21600
2	277.37	21600
3	0	21600
3	51.82	21600
3	106.68	21600
3	154.84	21600
3	211.23	21600
3	267.61	21600
3	322.48	21600
3	379.48	21600
3	437.39	21600
4	0	21600
4	47.24	21600
4	89.92	21600
4	141.73	21600
1	0	21660
1	35.05	21660
1	70.1	21660
1	108.2	21660
1	140.21	21660
2	0	21660
2	39.62	21660
2	79.25	21660
2	124.97	21660
2	169.16	21660
2	201.17	21660
2	237.74	21660
2	277.37	21660
3	0	21660
3	51.82	21660
3	106.68	21660
3	154.84	21660
3	211.23	21660
3	267.61	21660
3	322.48	21660
3	379.48	21660
3	437.39	21660
4	0	21660
4	47.24	21660
4	89.92	21660
4	141.73	21660
1	0	21720
1	35.05	21720
1	70.1	21720
1	108.2	21720
1	140.21	21720
2	0	21720
2	39.62	21720
2	79.25	21720
2	124.97	21720
2	169.16	21720
2	201.17	21720
2	237.74	21720
2	277.37	21720
3	0	21720
3	51.82	21720
3	106.68	21720
3	154.84	21720
3	211.23	21720
3	267.61	21720
3	322.48	21720
3	379.48	21720
3	437.39	21720
4	0	21720
4	47.24	21720
4	89.92	21720
4	141.73	21720
1	0	21780
1	35.05	21780
1	70.1	21780
1	108.2	21780
1	140.21	21780
2	0	21780
2	39.62	21780
2	79.25	21780
2	124.97	21780
2	169.16	21780
2	201.17	21780
2	237.74	21780
2	277.37	21780
3	0	21780
3	51.82	21780
3	106.68	21780
3	154.84	21780
3	211.23	21780
3	267.61	21780
3	322.48	21780
3	379.48	21780
3	437.39	21780
4	0	21780
4	47.24	21780
4	89.92	21780
4	141.73	21780
1	0	21840
1	35.05	21840
1	70.1	21840
1	108.2	21840
1	140.21	21840
2	0	21840
2	39.62	21840
2	79.25	21840
2	124.97	21840
2	169.16	21840
2	201.17	21840
2	237.74	21840
2	277.37	21840
3	0	21840
3	51.82	21840
3	106.68	21840
3	154.84	21840
3	211.23	21840
3	267.61	21840
3	322.48	21840
3	379.48	21840
3	437.39	21840
4	0	21840
4	47.24	21840
4	89.92	21840
4	141.73	21840
1	0	21900
1	35.05	21900
1	70.1	21900
1	108.2	21900
1	140.21	21900
2	0	21900
2	39.62	21900
2	79.25	21900
2	124.97	21900
2	169.16	21900
2	201.17	21900
2	237.74	21900
2	277.37	21900
3	0	21900
3	51.82	21900
3	106.68	21900
3	154.84	21900
3	211.23	21900
3	267.61	21900
3	322.48	21900
3	379.48	21900
3	437.39	21900
4	0	21900
4	47.24	21900
4	89.92	21900
4	141.73	21900
1	0	21960
1	35.05	21960
1	70.1	21960
1	108.2	21960
1	140.21	21960
2	0	21960
2	39.62	21960
2	79.25	21960
2	124.97	21960
2	169.16	21960
2	201.17	21960
2	237.74	21960
2	277.37	21960
3	0	21960
3	51.82	21960
3	106.68	21960
3	154.84	21960
3	211.23	21960
3	267.61	21960
3	322.48	21960
3	379.48	21960
3	437.39	21960
4	0	21960
4	47.24	21960
4	89.92	21960
4	141.73	21960
1	0	22020
1	35.05	22020
1	70.1	22020
1	108.2	22020
1	140.21	22020
2	0	22020
2	39.62	22020
2	79.25	22020
2	124.97	22020
2	169.16	22020
2	201.17	22020
2	237.74	22020
2	277.37	22020
3	0	22020
3	51.82	22020
3	106.68	22020
3	154.84	22020
3	211.23	22020
3	267.61	22020
3	322.48	22020
3	379.48	22020
3	437.39	22020
4	0	22020
4	47.24	22020
4	89.92	22020
4	141.73	22020
1	0	22080
1	35.05	22080
1	70.1	22080
1	108.2	22080
1	140.21	22080
2	0	22080
2	39.62	22080
2	79.25	22080
2	124.97	22080
2	169.16	22080
2	201.17	22080
2	237.74	22080
2	277.37	22080
3	0	22080
3	51.82	22080
3	106.68	22080
3	154.84	22080
3	211.23	22080
3	267.61	22080
3	322.48	22080
3	379.48	22080
3	437.39	22080
4	0	22080
4	47.24	22080
4	89.92	22080
4	141.73	22080
1	0	22140
1	35.05	22140
1	70.1	22140
1	108.2	22140
1	140.21	22140
2	0	22140
2	39.62	22140
2	79.25	22140
2	124.97	22140
2	169.16	22140
2	201.17	22140
2	237.74	22140
2	277.37	22140
3	0	22140
3	51.82	22140
3	106.68	22140
3	154.84	22140
3	211.23	22140
3	267.61	22140
3	322.48	22140
3	379.48	22140
3	437.39	22140
4	0	22140
4	47.24	22140
4	89.92	22140
4	141.73	22140
1	0	22200
1	35.05	22200
1	70.1	22200
1	108.2	22200
1	140.21	22200
2	0	22200
2	39.62	22200
2	79.25	22200
2	124.97	22200
2	169.16	22200
2	201.17	22200
2	237.74	22200
2	277.37	22200
3	0	22200
3	51.82	22200
3	106.68	22200
3	154.84	22200
3	211.23	22200
3	267.61	22200
3	322.48	22200
3	379.48	22200
3	437.39	22200
4	0	22200
4	47.24	22200
4	89.92	22200
4	141.73	22200
1	0	22260
1	35.05	22260
1	70.1	22260
1	108.2	22260
1	140.21	22260
2	0	22260
2	39.62	22260
2	79.25	22260
2	124.97	22260
2	169.16	22260
2	201.17	22260
2	237.74	22260
2	277.37	22260
3	0	22260
3	51.82	22260
3	106.68	22260
3	154.84	22260
3	211.23	22260
3	267.61	22260
3	322.48	22260
3	379.48	22260
3	437.39	22260
4	0	22260
4	47.24	22260
4	89.92	22260
4	141.73	22260
1	0	22320
1	35.05	22320
1	70.1	22320
1	108.2	22320
1	140.21	22320
2	0	22320
2	39.62	22320
2	79.25	22320
2	124.97	22320
2	169.16	22320
2	201.17	22320
2	237.74	22320
2	277.37	22320
3	0	22320
3	51.82	22320
3	106.68	22320
3	154.84	22320
3	211.23	22320
3	267.61	22320
3	322.48	22320
3	379.48	22320
3	437.39	22320
4	0	22320
4	47.24	22320
4	89.92	22320
4	141.73	22320
1	0	22380
1	35.05	22380
1	70.1	22380
1	108.2	22380
1	140.21	22380
2	0	22380
2	39.62	22380
2	79.25	22380
2	124.97	22380
2	169.16	22380
2	201.17	22380
2	237.74	22380
2	277.37	22380
3	0	22380
3	51.82	22380
3	106.68	22380
3	154.84	22380
3	211.23	22380
3	267.61	22380
3	322.48	22380
3	379.48	22380
3	437.39	22380
4	0	22380
4	47.24	22380
4	89.92	22380
4	141.73	22380
1	0	22440
1	35.05	22440
1	70.1	22440
1	108.2	22440
1	140.21	22440
2	0	22440
2	39.62	22440
2	79.25	22440
2	124.97	22440
2	169.16	22440
2	201.17	22440
2	237.74	22440
2	277.37	22440
3	0	22440
3	51.82	22440
3	106.68	22440
3	154.84	22440
3	211.23	22440
3	267.61	22440
3	322.48	22440
3	379.48	22440
3	437.39	22440
4	0	22440
4	47.24	22440
4	89.92	22440
4	141.73	22440
1	0	22500
1	35.05	22500
1	70.1	22500
1	108.2	22500
1	140.21	22500
2	0	22500
2	39.62	22500
2	79.25	22500
2	124.97	22500
2	169.16	22500
2	201.17	22500
2	237.74	22500
2	277.37	22500
3	0	22500
3	51.82	22500
3	106.68	22500
3	154.84	22500
3	211.23	22500
3	267.61	22500
3	322.48	22500
3	379.48	22500
3	437.39	22500
4	0	22500
4	47.24	22500
4	89.92	22500
4	141.73	22500
1	0	22560
1	35.05	22560
1	70.1	22560
1	108.2	22560
1	140.21	22560
2	0	22560
2	39.62	22560
2	79.25	22560
2	124.97	22560
2	169.16	22560
2	201.17	22560
2	237.74	22560
2	277.37	22560
3	0	22560
3	51.82	22560
3	106.68	22560
3	154.84	22560
3	211.23	22560
3	267.61	22560
3	322.48	22560
3	379.48	22560
3	437.39	22560
4	0	22560
4	47.24	22560
4	89.92	22560
4	141.73	22560
1	0	22620
1	35.05	22620
1	70.1	22620
1	108.2	22620
1	140.21	22620
2	0	22620
2	39.62	22620
2	79.25	22620
2	124.97	22620
2	169.16	22620
2	201.17	22620
2	237.74	22620
2	277.37	22620
3	0	22620
3	51.82	22620
3	106.68	22620
3	154.84	22620
3	211.23	22620
3	267.61	22620
3	322.48	22620
3	379.48	22620
3	437.39	22620
4	0	22620
4	47.24	22620
4	89.92	22620
4	141.73	22620
1	0	22680
1	35.05	22680
1	70.1	22680
1	108.2	22680
1	140.21	22680
2	0	22680
2	39.62	22680
2	79.25	22680
2	124.97	22680
2	169.16	22680
2	201.17	22680
2	237.74	22680
2	277.37	22680
3	0	22680
3	51.82	22680
3	106.68	22680
3	154.84	22680
3	211.23	22680
3	267.61	22680
3	322.48	22680
3	379.48	22680
3	437.39	22680
4	0	22680
4	47.24	22680
4	89.92	22680
4	141.73	22680
1	0	22740
1	35.05	22740
1	70.1	22740
1	108.2	22740
1	140.21	22740
2	0	22740
2	39.62	22740
2	79.25	22740
2	124.97	22740
2	169.16	22740
2	201.17	22740
2	237.74	22740
2	277.37	22740
3	0	22740
3	51.82	22740
3	106.68	22740
3	154.84	22740
3	211.23	22740
3	267.61	22740
3	322.48	22740
3	379.48	22740
3	437.39	22740
4	0	22740
4	47.24	22740
4	89.92	22740
4	141.73	22740
1	0	22800
1	35.05	22800
1	70.1	22800
1	108.2	22800
1	140.21	22800
2	0	22800
2	39.62	22800
2	79.25	22800
2	124.97	22800
2	169.16	22800
2	201.17	22800
2	237.74	22800
2	277.37	22800
3	0	22800
3	51.82	22800
3	106.68	22800
3	154.84	22800
3	211.23	22800
3	267.61	22800
3	322.48	22800
3	379.48	22800
3	437.39	22800
4	0	22800
4	47.24	22800
4	89.92	22800
4	141.73	22800
1	0	22860
1	35.05	22860
1	70.1	22860
1	108.2	22860
1	140.21	22860
2	0	22860
2	39.62	22860
2	79.25	22860
2	124.97	22860
2	169.16	22860
2	201.17	22860
2	237.74	22860
2	277.37	22860
3	0	22860
3	51.82	22860
3	106.68	22860
3	154.84	22860
3	211.23	22860
3	267.61	22860
3	322.48	22860
3	379.48	22860
3	437.39	22860
4	0	22860
4	47.24	22860
4	89.92	22860
4	141.73	22860
1	0	22920
1	35.05	22920
1	70.1	22920
1	108.2	22920
1	140.21	22920
2	0	22920
2	39.62	22920
2	79.25	22920
2	124.97	22920
2	169.16	22920
2	201.17	22920
2	237.74	22920
2	277.37	22920
3	0	22920
3	51.82	22920
3	106.68	22920
3	154.84	22920
3	211.23	22920
3	267.61	22920
3	322.48	22920
3	379.48	22920
3	437.39	22920
4	0	22920
4	47.24	22920
4	89.92	22920
4	141.73	22920
1	0	22980
1	35.05	22980
1	70.1	22980
1	108.2	22980
1	140.21	22980
2	0	22980
2	39.62	22980
2	79.25	22980
2	124.97	22980
2	169.16	22980
2	201.17	22980
2	237.74	22980
2	277.37	22980
3	0	22980
3	51.82	22980
3	106.68	22980
3	154.84	22980
3	211.23	22980
3	267.61	22980
3	322.48	22980
3	379.48	22980
3	437.39	22980
4	0	22980
4	47.24	22980
4	89.92	22980
4	141.73	22980
1	0	23040
1	35.05	23040
1	70.1	23040
1	108.2	23040
1	140.21	23040
2	0	23040
2	39.62	23040
2	79.25	23040
2	124.97	23040
2	169.16	23040
2	201.17	23040
2	237.74	23040
2	277.37	23040
3	0	23040
3	51.82	23040
3	106.68	23040
3	154.84	23040
3	211.23	23040
3	267.61	23040
3	322.48	23040
3	379.48	23040
3	437.39	23040
4	0	23040
4	47.24	23040
4	89.92	23040
4	141.73	23040
1	0	23100
1	35.05	23100
1	70.1	23100
1	108.2	23100
1	140.21	23100
2	0	23100
2	39.62	23100
2	79.25	23100
2	124.97	23100
2	169.16	23100
2	201.17	23100
2	237.74	23100
2	277.37	23100
3	0	23100
3	51.82	23100
3	106.68	23100
3	154.84	23100
3	211.23	23100
3	267.61	23100
3	322.48	23100
3	379.48	23100
3	437.39	23100
4	0	23100
4	47.24	23100
4	89.92	23100
4	141.73	23100
1	0	23160
1	35.05	23160
1	70.1	23160
1	108.2	23160
1	140.21	23160
2	0	23160
2	39.62	23160
2	79.25	23160
2	124.97	23160
2	169.16	23160
2	201.17	23160
2	237.74	23160
2	277.37	23160
3	0	23160
3	51.82	23160
3	106.68	23160
3	154.84	23160
3	211.23	23160
3	267.61	23160
3	322.48	23160
3	379.48	23160
3	437.39	23160
4	0	23160
4	47.24	23160
4	89.92	23160
4	141.73	23160
1	0	23220
1	35.05	23220
1	70.1	23220
1	108.2	23220
1	140.21	23220
2	0	23220
2	39.62	23220
2	79.25	23220
2	124.97	23220
2	169.16	23220
2	201.17	23220
2	237.74	23220
2	277.37	23220
3	0	23220
3	51.82	23220
3	106.68	23220
3	154.84	23220
3	211.23	23220
3	267.61	23220
3	322.48	23220
3	379.48	23220
3	437.39	23220
4	0	23220
4	47.24	23220
4	89.92	23220
4	141.73	23220
1	0	23280
1	35.05	23280
1	70.1	23280
1	108.2	23280
1	140.21	23280
2	0	23280
2	39.62	23280
2	79.25	23280
2	124.97	23280
2	169.16	23280
2	201.17	23280
2	237.74	23280
2	277.37	23280
3	0	23280
3	51.82	23280
3	106.68	23280
3	154.84	23280
3	211.23	23280
3	267.61	23280
3	322.48	23280
3	379.48	23280
3	437.39	23280
4	0	23280
4	47.24	23280
4	89.92	23280
4	141.73	23280
1	0	23340
1	35.05	23340
1	70.1	23340
1	108.2	23340
1	140.21	23340
2	0	23340
2	39.62	23340
2	79.25	23340
2	124.97	23340
2	169.16	23340
2	201.17	23340
2	237.74	23340
2	277.37	23340
3	0	23340
3	51.82	23340
3	106.68	23340
3	154.84	23340
3	211.23	23340
3	267.61	23340
3	322.48	23340
3	379.48	23340
3	437.39	23340
4	0	23340
4	47.24	23340
4	89.92	23340
4	141.73	23340
1	0	23400
1	35.05	23400
1	70.1	23400
1	108.2	23400
1	140.21	23400
2	0	23400
2	39.62	23400
2	79.25	23400
2	124.97	23400
2	169.16	23400
2	201.17	23400
2	237.74	23400
2	277.37	23400
3	0	23400
3	51.82	23400
3	106.68	23400
3	154.84	23400
3	211.23	23400
3	267.61	23400
3	322.48	23400
3	379.48	23400
3	437.39	23400
4	0	23400
4	47.24	23400
4	89.92	23400
4	141.73	23400
1	0	23460
1	35.05	23460
1	70.1	23460
1	108.2	23460
1	140.21	23460
2	0	23460
2	39.62	23460
2	79.25	23460
2	124.97	23460
2	169.16	23460
2	201.17	23460
2	237.74	23460
2	277.37	23460
3	0	23460
3	51.82	23460
3	106.68	23460
3	154.84	23460
3	211.23	23460
3	267.61	23460
3	322.48	23460
3	379.48	23460
3	437.39	23460
4	0	23460
4	47.24	23460
4	89.92	23460
4	141.73	23460
1	0	23520
1	35.05	23520
1	70.1	23520
1	108.2	23520
1	140.21	23520
2	0	23520
2	39.62	23520
2	79.25	23520
2	124.97	23520
2	169.16	23520
2	201.17	23520
2	237.74	23520
2	277.37	23520
3	0	23520
3	51.82	23520
3	106.68	23520
3	154.84	23520
3	211.23	23520
3	267.61	23520
3	322.48	23520
3	379.48	23520
3	437.39	23520
4	0	23520
4	47.24	23520
4	89.92	23520
4	141.73	23520
1	0	23580
1	35.05	23580
1	70.1	23580
1	108.2	23580
1	140.21	23580
2	0	23580
2	39.62	23580
2	79.25	23580
2	124.97	23580
2	169.16	23580
2	201.17	23580
2	237.74	23580
2	277.37	23580
3	0	23580
3	51.82	23580
3	106.68	23580
3	154.84	23580
3	211.23	23580
3	267.61	23580
3	322.48	23580
3	379.48	23580
3	437.39	23580
4	0	23580
4	47.24	23580
4	89.92	23580
4	141.73	23580
1	0	23640
1	35.05	23640
1	70.1	23640
1	108.2	23640
1	140.21	23640
2	0	23640
2	39.62	23640
2	79.25	23640
2	124.97	23640
2	169.16	23640
2	201.17	23640
2	237.74	23640
2	277.37	23640
3	0	23640
3	51.82	23640
3	106.68	23640
3	154.84	23640
3	211.23	23640
3	267.61	23640
3	322.48	23640
3	379.48	23640
3	437.39	23640
4	0	23640
4	47.24	23640
4	89.92	23640
4	141.73	23640
1	0	23700
1	35.05	23700
1	70.1	23700
1	108.2	23700
1	140.21	23700
2	0	23700
2	39.62	23700
2	79.25	23700
2	124.97	23700
2	169.16	23700
2	201.17	23700
2	237.74	23700
2	277.37	23700
3	0	23700
3	51.82	23700
3	106.68	23700
3	154.84	23700
3	211.23	23700
3	267.61	23700
3	322.48	23700
3	379.48	23700
3	437.39	23700
4	0	23700
4	47.24	23700
4	89.92	23700
4	141.73	23700
1	0	23760
1	35.05	23760
1	70.1	23760
1	108.2	23760
1	140.21	23760
2	0	23760
2	39.62	23760
2	79.25	23760
2	124.97	23760
2	169.16	23760
2	201.17	23760
2	237.74	23760
2	277.37	23760
3	0	23760
3	51.82	23760
3	106.68	23760
3	154.84	23760
3	211.23	23760
3	267.61	23760
3	322.48	23760
3	379.48	23760
3	437.39	23760
4	0	23760
4	47.24	23760
4	89.92	23760
4	141.73	23760
1	0	23820
1	35.05	23820
1	70.1	23820
1	108.2	23820
1	140.21	23820
2	0	23820
2	39.62	23820
2	79.25	23820
2	124.97	23820
2	169.16	23820
2	201.17	23820
2	237.74	23820
2	277.37	23820
3	0	23820
3	51.82	23820
3	106.68	23820
3	154.84	23820
3	211.23	23820
3	267.61	23820
3	322.48	23820
3	379.48	23820
3	437.39	23820
4	0	23820
4	47.24	23820
4	89.92	23820
4	141.73	23820
1	0	23880
1	35.05	23880
1	70.1	23880
1	108.2	23880
1	140.21	23880
2	0	23880
2	39.62	23880
2	79.25	23880
2	124.97	23880
2	169.16	23880
2	201.17	23880
2	237.74	23880
2	277.37	23880
3	0	23880
3	51.82	23880
3	106.68	23880
3	154.84	23880
3	211.23	23880
3	267.61	23880
3	322.48	23880
3	379.48	23880
3	437.39	23880
4	0	23880
4	47.24	23880
4	89.92	23880
4	141.73	23880
1	0	23940
1	35.05	23940
1	70.1	23940
1	108.2	23940
1	140.21	23940
2	0	23940
2	39.62	23940
2	79.25	23940
2	124.97	23940
2	169.16	23940
2	201.17	23940
2	237.74	23940
2	277.37	23940
3	0	23940
3	51.82	23940
3	106.68	23940
3	154.84	23940
3	211.23	23940
3	267.61	23940
3	322.48	23940
3	379.48	23940
3	437.39	23940
4	0	23940
4	47.24	23940
4	89.92	23940
4	141.73	23940
1	0	24000
1	35.05	24000
1	70.1	24000
1	108.2	24000
1	140.21	24000
2	0	24000
2	39.62	24000
2	79.25	24000
2	124.97	24000
2	169.16	24000
2	201.17	24000
2	237.74	24000
2	277.37	24000
3	0	24000
3	51.82	24000
3	106.68	24000
3	154.84	24000
3	211.23	24000
3	267.61	24000
3	322.48	24000
3	379.48	24000
3	437.39	24000
4	0	24000
4	47.24	24000
4	89.92	24000
4	141.73	24000
1	0	24060
1	35.05	24060
1	70.1	24060
1	108.2	24060
1	140.21	24060
2	0	24060
2	39.62	24060
2	79.25	24060
2	124.97	24060
2	169.16	24060
2	201.17	24060
2	237.74	24060
2	277.37	24060
3	0	24060
3	51.82	24060
3	106.68	24060
3	154.84	24060
3	211.23	24060
3	267.61	24060
3	322.48	24060
3	379.48	24060
3	437.39	24060
4	0	24060
4	47.24	24060
4	89.92	24060
4	141.73	24060
1	0	24120
1	35.05	24120
1	70.1	24120
1	108.2	24120
1	140.21	24120
2	0	24120
2	39.62	24120
2	79.25	24120
2	124.97	24120
2	169.16	24120
2	201.17	24120
2	237.74	24120
2	277.37	24120
3	0	24120
3	51.82	24120
3	106.68	24120
3	154.84	24120
3	211.23	24120
3	267.61	24120
3	322.48	24120
3	379.48	24120
3	437.39	24120
4	0	24120
4	47.24	24120
4	89.92	24120
4	141.73	24120
1	0	24180
1	35.05	24180
1	70.1	24180
1	108.2	24180
1	140.21	24180
2	0	24180
2	39.62	24180
2	79.25	24180
2	124.97	24180
2	169.16	24180
2	201.17	24180
2	237.74	24180
2	277.37	24180
3	0	24180
3	51.82	24180
3	106.68	24180
3	154.84	24180
3	211.23	24180
3	267.61	24180
3	322.48	24180
3	379.48	24180
3	437.39	24180
4	0	24180
4	47.24	24180
4	89.92	24180
4	141.73	24180
1	0	24240
1	35.05	24240
1	70.1	24240
1	108.2	24240
1	140.21	24240
2	0	24240
2	39.62	24240
2	79.25	24240
2	124.97	24240
2	169.16	24240
2	201.17	24240
2	237.74	24240
2	277.37	24240
3	0	24240
3	51.82	24240
3	106.68	24240
3	154.84	24240
3	211.23	24240
3	267.61	24240
3	322.48	24240
3	379.48	24240
3	437.39	24240
4	0	24240
4	47.24	24240
4	89.92	24240
4	141.73	24240
1	0	24300
1	35.05	24300
1	70.1	24300
1	108.2	24300
1	140.21	24300
2	0	24300
2	39.62	24300
2	79.25	24300
2	124.97	24300
2	169.16	24300
2	201.17	24300
2	237.74	24300
2	277.37	24300
3	0	24300
3	51.82	24300
3	106.68	24300
3	154.84	24300
3	211.23	24300
3	267.61	24300
3	322.48	24300
3	379.48	24300
3	437.39	24300
4	0	24300
4	47.24	24300
4	89.92	24300
4	141.73	24300
1	0	24360
1	35.05	24360
1	70.1	24360
1	108.2	24360
1	140.21	24360
2	0	24360
2	39.62	24360
2	79.25	24360
2	124.97	24360
2	169.16	24360
2	201.17	24360
2	237.74	24360
2	277.37	24360
3	0	24360
3	51.82	24360
3	106.68	24360
3	154.84	24360
3	211.23	24360
3	267.61	24360
3	322.48	24360
3	379.48	24360
3	437.39	24360
4	0	24360
4	47.24	24360
4	89.92	24360
4	141.73	24360
1	0	24420
1	35.05	24420
1	70.1	24420
1	108.2	24420
1	140.21	24420
2	0	24420
2	39.62	24420
2	79.25	24420
2	124.97	24420
2	169.16	24420
2	201.17	24420
2	237.74	24420
2	277.37	24420
3	0	24420
3	51.82	24420
3	106.68	24420
3	154.84	24420
3	211.23	24420
3	267.61	24420
3	322.48	24420
3	379.48	24420
3	437.39	24420
4	0	24420
4	47.24	24420
4	89.92	24420
4	141.73	24420
1	0	24480
1	35.05	24480
1	70.1	24480
1	108.2	24480
1	140.21	24480
2	0	24480
2	39.62	24480
2	79.25	24480
2	124.97	24480
2	169.16	24480
2	201.17	24480
2	237.74	24480
2	277.37	24480
3	0	24480
3	51.82	24480
3	106.68	24480
3	154.84	24480
3	211.23	24480
3	267.61	24480
3	322.48	24480
3	379.48	24480
3	437.39	24480
4	0	24480
4	47.24	24480
4	89.92	24480
4	141.73	24480
1	0	24540
1	35.05	24540
1	70.1	24540
1	108.2	24540
1	140.21	24540
2	0	24540
2	39.62	24540
2	79.25	24540
2	124.97	24540
2	169.16	24540
2	201.17	24540
2	237.74	24540
2	277.37	24540
3	0	24540
3	51.82	24540
3	106.68	24540
3	154.84	24540
3	211.23	24540
3	267.61	24540
3	322.48	24540
3	379.48	24540
3	437.39	24540
4	0	24540
4	47.24	24540
4	89.92	24540
4	141.73	24540
1	0	24600
1	35.05	24600
1	70.1	24600
1	108.2	24600
1	140.21	24600
2	0	24600
2	39.62	24600
2	79.25	24600
2	124.97	24600
2	169.16	24600
2	201.17	24600
2	237.74	24600
2	277.37	24600
3	0	24600
3	51.82	24600
3	106.68	24600
3	154.84	24600
3	211.23	24600
3	267.61	24600
3	322.48	24600
3	379.48	24600
3	437.39	24600
4	0	24600
4	47.24	24600
4	89.92	24600
4	141.73	24600
1	0	24660
1	35.05	24660
1	70.1	24660
1	108.2	24660
1	140.21	24660
2	0	24660
2	39.62	24660
2	79.25	24660
2	124.97	24660
2	169.16	24660
2	201.17	24660
2	237.74	24660
2	277.37	24660
3	0	24660
3	51.82	24660
3	106.68	24660
3	154.84	24660
3	211.23	24660
3	267.61	24660
3	322.48	24660
3	379.48	24660
3	437.39	24660
4	0	24660
4	47.24	24660
4	89.92	24660
4	141.73	24660
1	0	24720
1	35.05	24720
1	70.1	24720
1	108.2	24720
1	140.21	24720
2	0	24720
2	39.62	24720
2	79.25	24720
2	124.97	24720
2	169.16	24720
2	201.17	24720
2	237.74	24720
2	277.37	24720
3	0	24720
3	51.82	24720
3	106.68	24720
3	154.84	24720
3	211.23	24720
3	267.61	24720
3	322.48	24720
3	379.48	24720
3	437.39	24720
4	0	24720
4	47.24	24720
4	89.92	24720
4	141.73	24720
1	0	24780
1	35.05	24780
1	70.1	24780
1	108.2	24780
1	140.21	24780
2	0	24780
2	39.62	24780
2	79.25	24780
2	124.97	24780
2	169.16	24780
2	201.17	24780
2	237.74	24780
2	277.37	24780
3	0	24780
3	51.82	24780
3	106.68	24780
3	154.84	24780
3	211.23	24780
3	267.61	24780
3	322.48	24780
3	379.48	24780
3	437.39	24780
4	0	24780
4	47.24	24780
4	89.92	24780
4	141.73	24780
1	0	24840
1	35.05	24840
1	70.1	24840
1	108.2	24840
1	140.21	24840
2	0	24840
2	39.62	24840
2	79.25	24840
2	124.97	24840
2	169.16	24840
2	201.17	24840
2	237.74	24840
2	277.37	24840
3	0	24840
3	51.82	24840
3	106.68	24840
3	154.84	24840
3	211.23	24840
3	267.61	24840
3	322.48	24840
3	379.48	24840
3	437.39	24840
4	0	24840
4	47.24	24840
4	89.92	24840
4	141.73	24840
1	0	24900
1	35.05	24900
1	70.1	24900
1	108.2	24900
1	140.21	24900
2	0	24900
2	39.62	24900
2	79.25	24900
2	124.97	24900
2	169.16	24900
2	201.17	24900
2	237.74	24900
2	277.37	24900
3	0	24900
3	51.82	24900
3	106.68	24900
3	154.84	24900
3	211.23	24900
3	267.61	24900
3	322.48	24900
3	379.48	24900
3	437.39	24900
4	0	24900
4	47.24	24900
4	89.92	24900
4	141.73	24900
1	0	24960
1	35.05	24960
1	70.1	24960
1	108.2	24960
1	140.21	24960
2	0	24960
2	39.62	24960
2	79.25	24960
2	124.97	24960
2	169.16	24960
2	201.17	24960
2	237.74	24960
2	277.37	24960
3	0	24960
3	51.82	24960
3	106.68	24960
3	154.84	24960
3	211.23	24960
3	267.61	24960
3	322.48	24960
3	379.48	24960
3	437.39	24960
4	0	24960
4	47.24	24960
4	89.92	24960
4	141.73	24960
1	0	25020
1	35.05	25020
1	70.1	25020
1	108.2	25020
1	140.21	25020
2	0	25020
2	39.62	25020
2	79.25	25020
2	124.97	25020
2	169.16	25020
2	201.17	25020
2	237.74	25020
2	277.37	25020
3	0	25020
3	51.82	25020
3	106.68	25020
3	154.84	25020
3	211.23	25020
3	267.61	25020
3	322.48	25020
3	379.48	25020
3	437.39	25020
4	0	25020
4	47.24	25020
4	89.92	25020
4	141.73	25020
1	0	25080
1	35.05	25080
1	70.1	25080
1	108.2	25080
1	140.21	25080
2	0	25080
2	39.62	25080
2	79.25	25080
2	124.97	25080
2	169.16	25080
2	201.17	25080
2	237.74	25080
2	277.37	25080
3	0	25080
3	51.82	25080
3	106.68	25080
3	154.84	25080
3	211.23	25080
3	267.61	25080
3	322.48	25080
3	379.48	25080
3	437.39	25080
4	0	25080
4	47.24	25080
4	89.92	25080
4	141.73	25080
1	0	25140
1	35.05	25140
1	70.1	25140
1	108.2	25140
1	140.21	25140
2	0	25140
2	39.62	25140
2	79.25	25140
2	124.97	25140
2	169.16	25140
2	201.17	25140
2	237.74	25140
2	277.37	25140
3	0	25140
3	51.82	25140
3	106.68	25140
3	154.84	25140
3	211.23	25140
3	267.61	25140
3	322.48	25140
3	379.48	25140
3	437.39	25140
4	0	25140
4	47.24	25140
4	89.92	25140
4	141.73	25140
1	0	25200
1	35.05	25200
1	70.1	25200
1	108.2	25200
1	140.21	25200
2	0	25200
2	39.62	25200
2	79.25	25200
2	124.97	25200
2	169.16	25200
2	201.17	25200
2	237.74	25200
2	277.37	25200
3	0	25200
3	51.82	25200
3	106.68	25200
3	154.84	25200
3	211.23	25200
3	267.61	25200
3	322.48	25200
3	379.48	25200
3	437.39	25200
4	0	25200
4	47.24	25200
4	89.92	25200
4	141.73	25200
1	0	25260
1	35.05	25260
1	70.1	25260
1	108.2	25260
1	140.21	25260
2	0	25260
2	39.62	25260
2	79.25	25260
2	124.97	25260
2	169.16	25260
2	201.17	25260
2	237.74	25260
2	277.37	25260
3	0	25260
3	51.82	25260
3	106.68	25260
3	154.84	25260
3	211.23	25260
3	267.61	25260
3	322.48	25260
3	379.48	25260
3	437.39	25260
4	0	25260
4	47.24	25260
4	89.92	25260
4	141.73	25260
1	0	25320
1	35.05	25320
1	70.1	25320
1	108.2	25320
1	140.21	25320
2	0	25320
2	39.62	25320
2	79.25	25320
2	124.97	25320
2	169.16	25320
2	201.17	25320
2	237.74	25320
2	277.37	25320
3	0	25320
3	51.82	25320
3	106.68	25320
3	154.84	25320
3	211.23	25320
3	267.61	25320
3	322.48	25320
3	379.48	25320
3	437.39	25320
4	0	25320
4	47.24	25320
4	89.92	25320
4	141.73	25320
1	0	25380
1	35.05	25380
1	70.1	25380
1	108.2	25380
1	140.21	25380
2	0	25380
2	39.62	25380
2	79.25	25380
2	124.97	25380
2	169.16	25380
2	201.17	25380
2	237.74	25380
2	277.37	25380
3	0	25380
3	51.82	25380
3	106.68	25380
3	154.84	25380
3	211.23	25380
3	267.61	25380
3	322.48	25380
3	379.48	25380
3	437.39	25380
4	0	25380
4	47.24	25380
4	89.92	25380
4	141.73	25380
1	0	25440
1	35.05	25440
1	70.1	25440
1	108.2	25440
1	140.21	25440
2	0	25440
2	39.62	25440
2	79.25	25440
2	124.97	25440
2	169.16	25440
2	201.17	25440
2	237.74	25440
2	277.37	25440
3	0	25440
3	51.82	25440
3	106.68	25440
3	154.84	25440
3	211.23	25440
3	267.61	25440
3	322.48	25440
3	379.48	25440
3	437.39	25440
4	0	25440
4	47.24	25440
4	89.92	25440
4	141.73	25440
1	0	25500
1	35.05	25500
1	70.1	25500
1	108.2	25500
1	140.21	25500
2	0	25500
2	39.62	25500
2	79.25	25500
2	124.97	25500
2	169.16	25500
2	201.17	25500
2	237.74	25500
2	277.37	25500
3	0	25500
3	51.82	25500
3	106.68	25500
3	154.84	25500
3	211.23	25500
3	267.61	25500
3	322.48	25500
3	379.48	25500
3	437.39	25500
4	0	25500
4	47.24	25500
4	89.92	25500
4	141.73	25500
1	0	25560
1	35.05	25560
1	70.1	25560
1	108.2	25560
1	140.21	25560
2	0	25560
2	39.62	25560
2	79.25	25560
2	124.97	25560
2	169.16	25560
2	201.17	25560
2	237.74	25560
2	277.37	25560
3	0	25560
3	51.82	25560
3	106.68	25560
3	154.84	25560
3	211.23	25560
3	267.61	25560
3	322.48	25560
3	379.48	25560
3	437.39	25560
4	0	25560
4	47.24	25560
4	89.92	25560
4	141.73	25560
1	0	25620
1	35.05	25620
1	70.1	25620
1	108.2	25620
1	140.21	25620
2	0	25620
2	39.62	25620
2	79.25	25620
2	124.97	25620
2	169.16	25620
2	201.17	25620
2	237.74	25620
2	277.37	25620
3	0	25620
3	51.82	25620
3	106.68	25620
3	154.84	25620
3	211.23	25620
3	267.61	25620
3	322.48	25620
3	379.48	25620
3	437.39	25620
4	0	25620
4	47.24	25620
4	89.92	25620
4	141.73	25620
1	0	25680
1	35.05	25680
1	70.1	25680
1	108.2	25680
1	140.21	25680
2	0	25680
2	39.62	25680
2	79.25	25680
2	124.97	25680
2	169.16	25680
2	201.17	25680
2	237.74	25680
2	277.37	25680
3	0	25680
3	51.82	25680
3	106.68	25680
3	154.84	25680
3	211.23	25680
3	267.61	25680
3	322.48	25680
3	379.48	25680
3	437.39	25680
4	0	25680
4	47.24	25680
4	89.92	25680
4	141.73	25680
1	0	25740
1	35.05	25740
1	70.1	25740
1	108.2	25740
1	140.21	25740
2	0	25740
2	39.62	25740
2	79.25	25740
2	124.97	25740
2	169.16	25740
2	201.17	25740
2	237.74	25740
2	277.37	25740
3	0	25740
3	51.82	25740
3	106.68	25740
3	154.84	25740
3	211.23	25740
3	267.61	25740
3	322.48	25740
3	379.48	25740
3	437.39	25740
4	0	25740
4	47.24	25740
4	89.92	25740
4	141.73	25740
1	0	25800
1	35.05	25800
1	70.1	25800
1	108.2	25800
1	140.21	25800
2	0	25800
2	39.62	25800
2	79.25	25800
2	124.97	25800
2	169.16	25800
2	201.17	25800
2	237.74	25800
2	277.37	25800
3	0	25800
3	51.82	25800
3	106.68	25800
3	154.84	25800
3	211.23	25800
3	267.61	25800
3	322.48	25800
3	379.48	25800
3	437.39	25800
4	0	25800
4	47.24	25800
4	89.92	25800
4	141.73	25800
1	0	25860
1	35.05	25860
1	70.1	25860
1	108.2	25860
1	140.21	25860
2	0	25860
2	39.62	25860
2	79.25	25860
2	124.97	25860
2	169.16	25860
2	201.17	25860
2	237.74	25860
2	277.37	25860
3	0	25860
3	51.82	25860
3	106.68	25860
3	154.84	25860
3	211.23	25860
3	267.61	25860
3	322.48	25860
3	379.48	25860
3	437.39	25860
4	0	25860
4	47.24	25860
4	89.92	25860
4	141.73	25860
1	0	25920
1	35.05	25920
1	70.1	25920
1	108.2	25920
1	140.21	25920
2	0	25920
2	39.62	25920
2	79.25	25920
2	124.97	25920
2	169.16	25920
2	201.17	25920
2	237.74	25920
2	277.37	25920
3	0	25920
3	51.82	25920
3	106.68	25920
3	154.84	25920
3	211.23	25920
3	267.61	25920
3	322.48	25920
3	379.48	25920
3	437.39	25920
4	0	25920
4	47.24	25920
4	89.92	25920
4	141.73	25920
1	0	25980
1	35.05	25980
1	70.1	25980
1	108.2	25980
1	140.21	25980
2	0	25980
2	39.62	25980
2	79.25	25980
2	124.97	25980
2	169.16	25980
2	201.17	25980
2	237.74	25980
2	277.37	25980
3	0	25980
3	51.82	25980
3	106.68	25980
3	154.84	25980
3	211.23	25980
3	267.61	25980
3	322.48	25980
3	379.48	25980
3	437.39	25980
4	0	25980
4	47.24	25980
4	89.92	25980
4	141.73	25980
1	0	26040
1	35.05	26040
1	70.1	26040
1	108.2	26040
1	140.21	26040
2	0	26040
2	39.62	26040
2	79.25	26040
2	124.97	26040
2	169.16	26040
2	201.17	26040
2	237.74	26040
2	277.37	26040
3	0	26040
3	51.82	26040
3	106.68	26040
3	154.84	26040
3	211.23	26040
3	267.61	26040
3	322.48	26040
3	379.48	26040
3	437.39	26040
4	0	26040
4	47.24	26040
4	89.92	26040
4	141.73	26040
1	0	26100
1	35.05	26100
1	70.1	26100
1	108.2	26100
1	140.21	26100
2	0	26100
2	39.62	26100
2	79.25	26100
2	124.97	26100
2	169.16	26100
2	201.17	26100
2	237.74	26100
2	277.37	26100
3	0	26100
3	51.82	26100
3	106.68	26100
3	154.84	26100
3	211.23	26100
3	267.61	26100
3	322.48	26100
3	379.48	26100
3	437.39	26100
4	0	26100
4	47.24	26100
4	89.92	26100
4	141.73	26100
1	0	26160
1	35.05	26160
1	70.1	26160
1	108.2	26160
1	140.21	26160
2	0	26160
2	39.62	26160
2	79.25	26160
2	124.97	26160
2	169.16	26160
2	201.17	26160
2	237.74	26160
2	277.37	26160
3	0	26160
3	51.82	26160
3	106.68	26160
3	154.84	26160
3	211.23	26160
3	267.61	26160
3	322.48	26160
3	379.48	26160
3	437.39	26160
4	0	26160
4	47.24	26160
4	89.92	26160
4	141.73	26160
1	0	26220
1	35.05	26220
1	70.1	26220
1	108.2	26220
1	140.21	26220
2	0	26220
2	39.62	26220
2	79.25	26220
2	124.97	26220
2	169.16	26220
2	201.17	26220
2	237.74	26220
2	277.37	26220
3	0	26220
3	51.82	26220
3	106.68	26220
3	154.84	26220
3	211.23	26220
3	267.61	26220
3	322.48	26220
3	379.48	26220
3	437.39	26220
4	0	26220
4	47.24	26220
4	89.92	26220
4	141.73	26220
1	0	26280
1	35.05	26280
1	70.1	26280
1	108.2	26280
1	140.21	26280
2	0	26280
2	39.62	26280
2	79.25	26280
2	124.97	26280
2	169.16	26280
2	201.17	26280
2	237.74	26280
2	277.37	26280
3	0	26280
3	51.82	26280
3	106.68	26280
3	154.84	26280
3	211.23	26280
3	267.61	26280
3	322.48	26280
3	379.48	26280
3	437.39	26280
4	0	26280
4	47.24	26280
4	89.92	26280
4	141.73	26280
1	0	26340
1	35.05	26340
1	70.1	26340
1	108.2	26340
1	140.21	26340
2	0	26340
2	39.62	26340
2	79.25	26340
2	124.97	26340
2	169.16	26340
2	201.17	26340
2	237.74	26340
2	277.37	26340
3	0	26340
3	51.82	26340
3	106.68	26340
3	154.84	26340
3	211.23	26340
3	267.61	26340
3	322.48	26340
3	379.48	26340
3	437.39	26340
4	0	26340
4	47.24	26340
4	89.92	26340
4	141.73	26340
1	0	26400
1	35.05	26400
1	70.1	26400
1	108.2	26400
1	140.21	26400
2	0	26400
2	39.62	26400
2	79.25	26400
2	124.97	26400
2	169.16	26400
2	201.17	26400
2	237.74	26400
2	277.37	26400
3	0	26400
3	51.82	26400
3	106.68	26400
3	154.84	26400
3	211.23	26400
3	267.61	26400
3	322.48	26400
3	379.48	26400
3	437.39	26400
4	0	26400
4	47.24	26400
4	89.92	26400
4	141.73	26400
1	0	26460
1	35.05	26460
1	70.1	26460
1	108.2	26460
1	140.21	26460
2	0	26460
2	39.62	26460
2	79.25	26460
2	124.97	26460
2	169.16	26460
2	201.17	26460
2	237.74	26460
2	277.37	26460
3	0	26460
3	51.82	26460
3	106.68	26460
3	154.84	26460
3	211.23	26460
3	267.61	26460
3	322.48	26460
3	379.48	26460
3	437.39	26460
4	0	26460
4	47.24	26460
4	89.92	26460
4	141.73	26460
1	0	26520
1	35.05	26520
1	70.1	26520
1	108.2	26520
1	140.21	26520
2	0	26520
2	39.62	26520
2	79.25	26520
2	124.97	26520
2	169.16	26520
2	201.17	26520
2	237.74	26520
2	277.37	26520
3	0	26520
3	51.82	26520
3	106.68	26520
3	154.84	26520
3	211.23	26520
3	267.61	26520
3	322.48	26520
3	379.48	26520
3	437.39	26520
4	0	26520
4	47.24	26520
4	89.92	26520
4	141.73	26520
1	0	26580
1	35.05	26580
1	70.1	26580
1	108.2	26580
1	140.21	26580
2	0	26580
2	39.62	26580
2	79.25	26580
2	124.97	26580
2	169.16	26580
2	201.17	26580
2	237.74	26580
2	277.37	26580
3	0	26580
3	51.82	26580
3	106.68	26580
3	154.84	26580
3	211.23	26580
3	267.61	26580
3	322.48	26580
3	379.48	26580
3	437.39	26580
4	0	26580
4	47.24	26580
4	89.92	26580
4	141.73	26580
1	0	26640
1	35.05	26640
1	70.1	26640
1	108.2	26640
1	140.21	26640
2	0	26640
2	39.62	26640
2	79.25	26640
2	124.97	26640
2	169.16	26640
2	201.17	26640
2	237.74	26640
2	277.37	26640
3	0	26640
3	51.82	26640
3	106.68	26640
3	154.84	26640
3	211.23	26640
3	267.61	26640
3	322.48	26640
3	379.48	26640
3	437.39	26640
4	0	26640
4	47.24	26640
4	89.92	26640
4	141.73	26640
1	0	26700
1	35.05	26700
1	70.1	26700
1	108.2	26700
1	140.21	26700
2	0	26700
2	39.62	26700
2	79.25	26700
2	124.97	26700
2	169.16	26700
2	201.17	26700
2	237.74	26700
2	277.37	26700
3	0	26700
3	51.82	26700
3	106.68	26700
3	154.84	26700
3	211.23	26700
3	267.61	26700
3	322.48	26700
3	379.48	26700
3	437.39	26700
4	0	26700
4	47.24	26700
4	89.92	26700
4	141.73	26700
1	0	26760
1	35.05	26760
1	70.1	26760
1	108.2	26760
1	140.21	26760
2	0	26760
2	39.62	26760
2	79.25	26760
2	124.97	26760
2	169.16	26760
2	201.17	26760
2	237.74	26760
2	277.37	26760
3	0	26760
3	51.82	26760
3	106.68	26760
3	154.84	26760
3	211.23	26760
3	267.61	26760
3	322.48	26760
3	379.48	26760
3	437.39	26760
4	0	26760
4	47.24	26760
4	89.92	26760
4	141.73	26760
1	0	26820
1	35.05	26820
1	70.1	26820
1	108.2	26820
1	140.21	26820
2	0	26820
2	39.62	26820
2	79.25	26820
2	124.97	26820
2	169.16	26820
2	201.17	26820
2	237.74	26820
2	277.37	26820
3	0	26820
3	51.82	26820
3	106.68	26820
3	154.84	26820
3	211.23	26820
3	267.61	26820
3	322.48	26820
3	379.48	26820
3	437.39	26820
4	0	26820
4	47.24	26820
4	89.92	26820
4	141.73	26820
1	0	26880
1	35.05	26880
1	70.1	26880
1	108.2	26880
1	140.21	26880
2	0	26880
2	39.62	26880
2	79.25	26880
2	124.97	26880
2	169.16	26880
2	201.17	26880
2	237.74	26880
2	277.37	26880
3	0	26880
3	51.82	26880
3	106.68	26880
3	154.84	26880
3	211.23	26880
3	267.61	26880
3	322.48	26880
3	379.48	26880
3	437.39	26880
4	0	26880
4	47.24	26880
4	89.92	26880
4	141.73	26880
1	0	26940
1	35.05	26940
1	70.1	26940
1	108.2	26940
1	140.21	26940
2	0	26940
2	39.62	26940
2	79.25	26940
2	124.97	26940
2	169.16	26940
2	201.17	26940
2	237.74	26940
2	277.37	26940
3	0	26940
3	51.82	26940
3	106.68	26940
3	154.84	26940
3	211.23	26940
3	267.61	26940
3	322.48	26940
3	379.48	26940
3	437.39	26940
4	0	26940
4	47.24	26940
4	89.92	26940
4	141.73	26940
1	0	27000
1	35.05	27000
1	70.1	27000
1	108.2	27000
1	140.21	27000
2	0	27000
2	39.62	27000
2	79.25	27000
2	124.97	27000
2	169.16	27000
2	201.17	27000
2	237.74	27000
2	277.37	27000
3	0	27000
3	51.82	27000
3	106.68	27000
3	154.84	27000
3	211.23	27000
3	267.61	27000
3	322.48	27000
3	379.48	27000
3	437.39	27000
4	0	27000
4	47.24	27000
4	89.92	27000
4	141.73	27000
1	0	27060
1	35.05	27060
1	70.1	27060
1	108.2	27060
1	140.21	27060
2	0	27060
2	39.62	27060
2	79.25	27060
2	124.97	27060
2	169.16	27060
2	201.17	27060
2	237.74	27060
2	277.37	27060
3	0	27060
3	51.82	27060
3	106.68	27060
3	154.84	27060
3	211.23	27060
3	267.61	27060
3	322.48	27060
3	379.48	27060
3	437.39	27060
4	0	27060
4	47.24	27060
4	89.92	27060
4	141.73	27060
1	0	27120
1	35.05	27120
1	70.1	27120
1	108.2	27120
1	140.21	27120
2	0	27120
2	39.62	27120
2	79.25	27120
2	124.97	27120
2	169.16	27120
2	201.17	27120
2	237.74	27120
2	277.37	27120
3	0	27120
3	51.82	27120
3	106.68	27120
3	154.84	27120
3	211.23	27120
3	267.61	27120
3	322.48	27120
3	379.48	27120
3	437.39	27120
4	0	27120
4	47.24	27120
4	89.92	27120
4	141.73	27120
1	0	27180
1	35.05	27180
1	70.1	27180
1	108.2	27180
1	140.21	27180
2	0	27180
2	39.62	27180
2	79.25	27180
2	124.97	27180
2	169.16	27180
2	201.17	27180
2	237.74	27180
2	277.37	27180
3	0	27180
3	51.82	27180
3	106.68	27180
3	154.84	27180
3	211.23	27180
3	267.61	27180
3	322.48	27180
3	379.48	27180
3	437.39	27180
4	0	27180
4	47.24	27180
4	89.92	27180
4	141.73	27180
1	0	27240
1	35.05	27240
1	70.1	27240
1	108.2	27240
1	140.21	27240
2	0	27240
2	39.62	27240
2	79.25	27240
2	124.97	27240
2	169.16	27240
2	201.17	27240
2	237.74	27240
2	277.37	27240
3	0	27240
3	51.82	27240
3	106.68	27240
3	154.84	27240
3	211.23	27240
3	267.61	27240
3	322.48	27240
3	379.48	27240
3	437.39	27240
4	0	27240
4	47.24	27240
4	89.92	27240
4	141.73	27240
1	0	27300
1	35.05	27300
1	70.1	27300
1	108.2	27300
1	140.21	27300
2	0	27300
2	39.62	27300
2	79.25	27300
2	124.97	27300
2	169.16	27300
2	201.17	27300
2	237.74	27300
2	277.37	27300
3	0	27300
3	51.82	27300
3	106.68	27300
3	154.84	27300
3	211.23	27300
3	267.61	27300
3	322.48	27300
3	379.48	27300
3	437.39	27300
4	0	27300
4	47.24	27300
4	89.92	27300
4	141.73	27300
1	0	27360
1	35.05	27360
1	70.1	27360
1	108.2	27360
1	140.21	27360
2	0	27360
2	39.62	27360
2	79.25	27360
2	124.97	27360
2	169.16	27360
2	201.17	27360
2	237.74	27360
2	277.37	27360
3	0	27360
3	51.82	27360
3	106.68	27360
3	154.84	27360
3	211.23	27360
3	267.61	27360
3	322.48	27360
3	379.48	27360
3	437.39	27360
4	0	27360
4	47.24	27360
4	89.92	27360
4	141.73	27360
1	0	27420
1	35.05	27420
1	70.1	27420
1	108.2	27420
1	140.21	27420
2	0	27420
2	39.62	27420
2	79.25	27420
2	124.97	27420
2	169.16	27420
2	201.17	27420
2	237.74	27420
2	277.37	27420
3	0	27420
3	51.82	27420
3	106.68	27420
3	154.84	27420
3	211.23	27420
3	267.61	27420
3	322.48	27420
3	379.48	27420
3	437.39	27420
4	0	27420
4	47.24	27420
4	89.92	27420
4	141.73	27420
1	0	27480
1	35.05	27480
1	70.1	27480
1	108.2	27480
1	140.21	27480
2	0	27480
2	39.62	27480
2	79.25	27480
2	124.97	27480
2	169.16	27480
2	201.17	27480
2	237.74	27480
2	277.37	27480
3	0	27480
3	51.82	27480
3	106.68	27480
3	154.84	27480
3	211.23	27480
3	267.61	27480
3	322.48	27480
3	379.48	27480
3	437.39	27480
4	0	27480
4	47.24	27480
4	89.92	27480
4	141.73	27480
1	0	27540
1	35.05	27540
1	70.1	27540
1	108.2	27540
1	140.21	27540
2	0	27540
2	39.62	27540
2	79.25	27540
2	124.97	27540
2	169.16	27540
2	201.17	27540
2	237.74	27540
2	277.37	27540
3	0	27540
3	51.82	27540
3	106.68	27540
3	154.84	27540
3	211.23	27540
3	267.61	27540
3	322.48	27540
3	379.48	27540
3	437.39	27540
4	0	27540
4	47.24	27540
4	89.92	27540
4	141.73	27540
1	0	27600
1	35.05	27600
1	70.1	27600
1	108.2	27600
1	140.21	27600
2	0	27600
2	39.62	27600
2	79.25	27600
2	124.97	27600
2	169.16	27600
2	201.17	27600
2	237.74	27600
2	277.37	27600
3	0	27600
3	51.82	27600
3	106.68	27600
3	154.84	27600
3	211.23	27600
3	267.61	27600
3	322.48	27600
3	379.48	27600
3	437.39	27600
4	0	27600
4	47.24	27600
4	89.92	27600
4	141.73	27600
1	0	27660
1	35.05	27660
1	70.1	27660
1	108.2	27660
1	140.21	27660
2	0	27660
2	39.62	27660
2	79.25	27660
2	124.97	27660
2	169.16	27660
2	201.17	27660
2	237.74	27660
2	277.37	27660
3	0	27660
3	51.82	27660
3	106.68	27660
3	154.84	27660
3	211.23	27660
3	267.61	27660
3	322.48	27660
3	379.48	27660
3	437.39	27660
4	0	27660
4	47.24	27660
4	89.92	27660
4	141.73	27660
1	0	27720
1	35.05	27720
1	70.1	27720
1	108.2	27720
1	140.21	27720
2	0	27720
2	39.62	27720
2	79.25	27720
2	124.97	27720
2	169.16	27720
2	201.17	27720
2	237.74	27720
2	277.37	27720
3	0	27720
3	51.82	27720
3	106.68	27720
3	154.84	27720
3	211.23	27720
3	267.61	27720
3	322.48	27720
3	379.48	27720
3	437.39	27720
4	0	27720
4	47.24	27720
4	89.92	27720
4	141.73	27720
1	0	27780
1	35.05	27780
1	70.1	27780
1	108.2	27780
1	140.21	27780
2	0	27780
2	39.62	27780
2	79.25	27780
2	124.97	27780
2	169.16	27780
2	201.17	27780
2	237.74	27780
2	277.37	27780
3	0	27780
3	51.82	27780
3	106.68	27780
3	154.84	27780
3	211.23	27780
3	267.61	27780
3	322.48	27780
3	379.48	27780
3	437.39	27780
4	0	27780
4	47.24	27780
4	89.92	27780
4	141.73	27780
1	0	27840
1	35.05	27840
1	70.1	27840
1	108.2	27840
1	140.21	27840
2	0	27840
2	39.62	27840
2	79.25	27840
2	124.97	27840
2	169.16	27840
2	201.17	27840
2	237.74	27840
2	277.37	27840
3	0	27840
3	51.82	27840
3	106.68	27840
3	154.84	27840
3	211.23	27840
3	267.61	27840
3	322.48	27840
3	379.48	27840
3	437.39	27840
4	0	27840
4	47.24	27840
4	89.92	27840
4	141.73	27840
1	0	27900
1	35.05	27900
1	70.1	27900
1	108.2	27900
1	140.21	27900
2	0	27900
2	39.62	27900
2	79.25	27900
2	124.97	27900
2	169.16	27900
2	201.17	27900
2	237.74	27900
2	277.37	27900
3	0	27900
3	51.82	27900
3	106.68	27900
3	154.84	27900
3	211.23	27900
3	267.61	27900
3	322.48	27900
3	379.48	27900
3	437.39	27900
4	0	27900
4	47.24	27900
4	89.92	27900
4	141.73	27900
1	0	27960
1	35.05	27960
1	70.1	27960
1	108.2	27960
1	140.21	27960
2	0	27960
2	39.62	27960
2	79.25	27960
2	124.97	27960
2	169.16	27960
2	201.17	27960
2	237.74	27960
2	277.37	27960
3	0	27960
3	51.82	27960
3	106.68	27960
3	154.84	27960
3	211.23	27960
3	267.61	27960
3	322.48	27960
3	379.48	27960
3	437.39	27960
4	0	27960
4	47.24	27960
4	89.92	27960
4	141.73	27960
1	0	28020
1	35.05	28020
1	70.1	28020
1	108.2	28020
1	140.21	28020
2	0	28020
2	39.62	28020
2	79.25	28020
2	124.97	28020
2	169.16	28020
2	201.17	28020
2	237.74	28020
2	277.37	28020
3	0	28020
3	51.82	28020
3	106.68	28020
3	154.84	28020
3	211.23	28020
3	267.61	28020
3	322.48	28020
3	379.48	28020
3	437.39	28020
4	0	28020
4	47.24	28020
4	89.92	28020
4	141.73	28020
1	0	28080
1	35.05	28080
1	70.1	28080
1	108.2	28080
1	140.21	28080
2	0	28080
2	39.62	28080
2	79.25	28080
2	124.97	28080
2	169.16	28080
2	201.17	28080
2	237.74	28080
2	277.37	28080
3	0	28080
3	51.82	28080
3	106.68	28080
3	154.84	28080
3	211.23	28080
3	267.61	28080
3	322.48	28080
3	379.48	28080
3	437.39	28080
4	0	28080
4	47.24	28080
4	89.92	28080
4	141.73	28080
1	0	28140
1	35.05	28140
1	70.1	28140
1	108.2	28140
1	140.21	28140
2	0	28140
2	39.62	28140
2	79.25	28140
2	124.97	28140
2	169.16	28140
2	201.17	28140
2	237.74	28140
2	277.37	28140
3	0	28140
3	51.82	28140
3	106.68	28140
3	154.84	28140
3	211.23	28140
3	267.61	28140
3	322.48	28140
3	379.48	28140
3	437.39	28140
4	0	28140
4	47.24	28140
4	89.92	28140
4	141.73	28140
1	0	28200
1	35.05	28200
1	70.1	28200
1	108.2	28200
1	140.21	28200
2	0	28200
2	39.62	28200
2	79.25	28200
2	124.97	28200
2	169.16	28200
2	201.17	28200
2	237.74	28200
2	277.37	28200
3	0	28200
3	51.82	28200
3	106.68	28200
3	154.84	28200
3	211.23	28200
3	267.61	28200
3	322.48	28200
3	379.48	28200
3	437.39	28200
4	0	28200
4	47.24	28200
4	89.92	28200
4	141.73	28200
1	0	28260
1	35.05	28260
1	70.1	28260
1	108.2	28260
1	140.21	28260
2	0	28260
2	39.62	28260
2	79.25	28260
2	124.97	28260
2	169.16	28260
2	201.17	28260
2	237.74	28260
2	277.37	28260
3	0	28260
3	51.82	28260
3	106.68	28260
3	154.84	28260
3	211.23	28260
3	267.61	28260
3	322.48	28260
3	379.48	28260
3	437.39	28260
4	0	28260
4	47.24	28260
4	89.92	28260
4	141.73	28260
1	0	28320
1	35.05	28320
1	70.1	28320
1	108.2	28320
1	140.21	28320
2	0	28320
2	39.62	28320
2	79.25	28320
2	124.97	28320
2	169.16	28320
2	201.17	28320
2	237.74	28320
2	277.37	28320
3	0	28320
3	51.82	28320
3	106.68	28320
3	154.84	28320
3	211.23	28320
3	267.61	28320
3	322.48	28320
3	379.48	28320
3	437.39	28320
4	0	28320
4	47.24	28320
4	89.92	28320
4	141.73	28320
1	0	28380
1	35.05	28380
1	70.1	28380
1	108.2	28380
1	140.21	28380
2	0	28380
2	39.62	28380
2	79.25	28380
2	124.97	28380
2	169.16	28380
2	201.17	28380
2	237.74	28380
2	277.37	28380
3	0	28380
3	51.82	28380
3	106.68	28380
3	154.84	28380
3	211.23	28380
3	267.61	28380
3	322.48	28380
3	379.48	28380
3	437.39	28380
4	0	28380
4	47.24	28380
4	89.92	28380
4	141.73	28380
1	0	28440
1	35.05	28440
1	70.1	28440
1	108.2	28440
1	140.21	28440
2	0	28440
2	39.62	28440
2	79.25	28440
2	124.97	28440
2	169.16	28440
2	201.17	28440
2	237.74	28440
2	277.37	28440
3	0	28440
3	51.82	28440
3	106.68	28440
3	154.84	28440
3	211.23	28440
3	267.61	28440
3	322.48	28440
3	379.48	28440
3	437.39	28440
4	0	28440
4	47.24	28440
4	89.92	28440
4	141.73	28440
1	0	28500
1	35.05	28500
1	70.1	28500
1	108.2	28500
1	140.21	28500
2	0	28500
2	39.62	28500
2	79.25	28500
2	124.97	28500
2	169.16	28500
2	201.17	28500
2	237.74	28500
2	277.37	28500
3	0	28500
3	51.82	28500
3	106.68	28500
3	154.84	28500
3	211.23	28500
3	267.61	28500
3	322.48	28500
3	379.48	28500
3	437.39	28500
4	0	28500
4	47.24	28500
4	89.92	28500
4	141.73	28500
1	0	28560
1	35.05	28560
1	70.1	28560
1	108.2	28560
1	140.21	28560
2	0	28560
2	39.62	28560
2	79.25	28560
2	124.97	28560
2	169.16	28560
2	201.17	28560
2	237.74	28560
2	277.37	28560
3	0	28560
3	51.82	28560
3	106.68	28560
3	154.84	28560
3	211.23	28560
3	267.61	28560
3	322.48	28560
3	379.48	28560
3	437.39	28560
4	0	28560
4	47.24	28560
4	89.92	28560
4	141.73	28560
1	0	28620
1	35.05	28620
1	70.1	28620
1	108.2	28620
1	140.21	28620
2	0	28620
2	39.62	28620
2	79.25	28620
2	124.97	28620
2	169.16	28620
2	201.17	28620
2	237.74	28620
2	277.37	28620
3	0	28620
3	51.82	28620
3	106.68	28620
3	154.84	28620
3	211.23	28620
3	267.61	28620
3	322.48	28620
3	379.48	28620
3	437.39	28620
4	0	28620
4	47.24	28620
4	89.92	28620
4	141.73	28620
1	0	28680
1	35.05	28680
1	70.1	28680
1	108.2	28680
1	140.21	28680
2	0	28680
2	39.62	28680
2	79.25	28680
2	124.97	28680
2	169.16	28680
2	201.17	28680
2	237.74	28680
2	277.37	28680
3	0	28680
3	51.82	28680
3	106.68	28680
3	154.84	28680
3	211.23	28680
3	267.61	28680
3	322.48	28680
3	379.48	28680
3	437.39	28680
4	0	28680
4	47.24	28680
4	89.92	28680
4	141.73	28680
1	0	28740
1	35.05	28740
1	70.1	28740
1	108.2	28740
1	140.21	28740
2	0	28740
2	39.62	28740
2	79.25	28740
2	124.97	28740
2	169.16	28740
2	201.17	28740
2	237.74	28740
2	277.37	28740
3	0	28740
3	51.82	28740
3	106.68	28740
3	154.84	28740
3	211.23	28740
3	267.61	28740
3	322.48	28740
3	379.48	28740
3	437.39	28740
4	0	28740
4	47.24	28740
4	89.92	28740
4	141.73	28740
1	0	28800
1	35.05	28800
1	70.1	28800
1	108.2	28800
1	140.21	28800
2	0	28800
2	39.62	28800
2	79.25	28800
2	124.97	28800
2	169.16	28800
2	201.17	28800
2	237.74	28800
2	277.37	28800
3	0	28800
3	51.82	28800
3	106.68	28800
3	154.84	28800
3	211.23	28800
3	267.61	28800
3	322.48	28800
3	379.48	28800
3	437.39	28800
4	0	28800
4	47.24	28800
4	89.92	28800
4	141.73	28800
1	0	28860
1	35.05	28860
1	70.1	28860
1	108.2	28860
1	140.21	28860
2	0	28860
2	39.62	28860
2	79.25	28860
2	124.97	28860
2	169.16	28860
2	201.17	28860
2	237.74	28860
2	277.37	28860
3	0	28860
3	51.82	28860
3	106.68	28860
3	154.84	28860
3	211.23	28860
3	267.61	28860
3	322.48	28860
3	379.48	28860
3	437.39	28860
4	0	28860
4	47.24	28860
4	89.92	28860
4	141.73	28860
1	0	28920
1	35.05	28920
1	70.1	28920
1	108.2	28920
1	140.21	28920
2	0	28920
2	39.62	28920
2	79.25	28920
2	124.97	28920
2	169.16	28920
2	201.17	28920
2	237.74	28920
2	277.37	28920
3	0	28920
3	51.82	28920
3	106.68	28920
3	154.84	28920
3	211.23	28920
3	267.61	28920
3	322.48	28920
3	379.48	28920
3	437.39	28920
4	0	28920
4	47.24	28920
4	89.92	28920
4	141.73	28920
1	0	28980
1	35.05	28980
1	70.1	28980
1	108.2	28980
1	140.21	28980
2	0	28980
2	39.62	28980
2	79.25	28980
2	124.97	28980
2	169.16	28980
2	201.17	28980
2	237.74	28980
2	277.37	28980
3	0	28980
3	51.82	28980
3	106.68	28980
3	154.84	28980
3	211.23	28980
3	267.61	28980
3	322.48	28980
3	379.48	28980
3	437.39	28980
4	0	28980
4	47.24	28980
4	89.92	28980
4	141.73	28980
1	0	29040
1	35.05	29040
1	70.1	29040
1	108.2	29040
1	140.21	29040
2	0	29040
2	39.62	29040
2	79.25	29040
2	124.97	29040
2	169.16	29040
2	201.17	29040
2	237.74	29040
2	277.37	29040
3	0	29040
3	51.82	29040
3	106.68	29040
3	154.84	29040
3	211.23	29040
3	267.61	29040
3	322.48	29040
3	379.48	29040
3	437.39	29040
4	0	29040
4	47.24	29040
4	89.92	29040
4	141.73	29040
1	0	29100
1	35.05	29100
1	70.1	29100
1	108.2	29100
1	140.21	29100
2	0	29100
2	39.62	29100
2	79.25	29100
2	124.97	29100
2	169.16	29100
2	201.17	29100
2	237.74	29100
2	277.37	29100
3	0	29100
3	51.82	29100
3	106.68	29100
3	154.84	29100
3	211.23	29100
3	267.61	29100
3	322.48	29100
3	379.48	29100
3	437.39	29100
4	0	29100
4	47.24	29100
4	89.92	29100
4	141.73	29100
1	0	29160
1	35.05	29160
1	70.1	29160
1	108.2	29160
1	140.21	29160
2	0	29160
2	39.62	29160
2	79.25	29160
2	124.97	29160
2	169.16	29160
2	201.17	29160
2	237.74	29160
2	277.37	29160
3	0	29160
3	51.82	29160
3	106.68	29160
3	154.84	29160
3	211.23	29160
3	267.61	29160
3	322.48	29160
3	379.48	29160
3	437.39	29160
4	0	29160
4	47.24	29160
4	89.92	29160
4	141.73	29160
1	0	29220
1	35.05	29220
1	70.1	29220
1	108.2	29220
1	140.21	29220
2	0	29220
2	39.62	29220
2	79.25	29220
2	124.97	29220
2	169.16	29220
2	201.17	29220
2	237.74	29220
2	277.37	29220
3	0	29220
3	51.82	29220
3	106.68	29220
3	154.84	29220
3	211.23	29220
3	267.61	29220
3	322.48	29220
3	379.48	29220
3	437.39	29220
4	0	29220
4	47.24	29220
4	89.92	29220
4	141.73	29220
1	0	29280
1	35.05	29280
1	70.1	29280
1	108.2	29280
1	140.21	29280
2	0	29280
2	39.62	29280
2	79.25	29280
2	124.97	29280
2	169.16	29280
2	201.17	29280
2	237.74	29280
2	277.37	29280
3	0	29280
3	51.82	29280
3	106.68	29280
3	154.84	29280
3	211.23	29280
3	267.61	29280
3	322.48	29280
3	379.48	29280
3	437.39	29280
4	0	29280
4	47.24	29280
4	89.92	29280
4	141.73	29280
1	0	29340
1	35.05	29340
1	70.1	29340
1	108.2	29340
1	140.21	29340
2	0	29340
2	39.62	29340
2	79.25	29340
2	124.97	29340
2	169.16	29340
2	201.17	29340
2	237.74	29340
2	277.37	29340
3	0	29340
3	51.82	29340
3	106.68	29340
3	154.84	29340
3	211.23	29340
3	267.61	29340
3	322.48	29340
3	379.48	29340
3	437.39	29340
4	0	29340
4	47.24	29340
4	89.92	29340
4	141.73	29340
1	0	29400
1	35.05	29400
1	70.1	29400
1	108.2	29400
1	140.21	29400
2	0	29400
2	39.62	29400
2	79.25	29400
2	124.97	29400
2	169.16	29400
2	201.17	29400
2	237.74	29400
2	277.37	29400
3	0	29400
3	51.82	29400
3	106.68	29400
3	154.84	29400
3	211.23	29400
3	267.61	29400
3	322.48	29400
3	379.48	29400
3	437.39	29400
4	0	29400
4	47.24	29400
4	89.92	29400
4	141.73	29400
1	0	29460
1	35.05	29460
1	70.1	29460
1	108.2	29460
1	140.21	29460
2	0	29460
2	39.62	29460
2	79.25	29460
2	124.97	29460
2	169.16	29460
2	201.17	29460
2	237.74	29460
2	277.37	29460
3	0	29460
3	51.82	29460
3	106.68	29460
3	154.84	29460
3	211.23	29460
3	267.61	29460
3	322.48	29460
3	379.48	29460
3	437.39	29460
4	0	29460
4	47.24	29460
4	89.92	29460
4	141.73	29460
1	0	29520
1	35.05	29520
1	70.1	29520
1	108.2	29520
1	140.21	29520
2	0	29520
2	39.62	29520
2	79.25	29520
2	124.97	29520
2	169.16	29520
2	201.17	29520
2	237.74	29520
2	277.37	29520
3	0	29520
3	51.82	29520
3	106.68	29520
3	154.84	29520
3	211.23	29520
3	267.61	29520
3	322.48	29520
3	379.48	29520
3	437.39	29520
4	0	29520
4	47.24	29520
4	89.92	29520
4	141.73	29520
1	0	29580
1	35.05	29580
1	70.1	29580
1	108.2	29580
1	140.21	29580
2	0	29580
2	39.62	29580
2	79.25	29580
2	124.97	29580
2	169.16	29580
2	201.17	29580
2	237.74	29580
2	277.37	29580
3	0	29580
3	51.82	29580
3	106.68	29580
3	154.84	29580
3	211.23	29580
3	267.61	29580
3	322.48	29580
3	379.48	29580
3	437.39	29580
4	0	29580
4	47.24	29580
4	89.92	29580
4	141.73	29580
1	0	29640
1	35.05	29640
1	70.1	29640
1	108.2	29640
1	140.21	29640
2	0	29640
2	39.62	29640
2	79.25	29640
2	124.97	29640
2	169.16	29640
2	201.17	29640
2	237.74	29640
2	277.37	29640
3	0	29640
3	51.82	29640
3	106.68	29640
3	154.84	29640
3	211.23	29640
3	267.61	29640
3	322.48	29640
3	379.48	29640
3	437.39	29640
4	0	29640
4	47.24	29640
4	89.92	29640
4	141.73	29640
1	0	29700
1	35.05	29700
1	70.1	29700
1	108.2	29700
1	140.21	29700
2	0	29700
2	39.62	29700
2	79.25	29700
2	124.97	29700
2	169.16	29700
2	201.17	29700
2	237.74	29700
2	277.37	29700
3	0	29700
3	51.82	29700
3	106.68	29700
3	154.84	29700
3	211.23	29700
3	267.61	29700
3	322.48	29700
3	379.48	29700
3	437.39	29700
4	0	29700
4	47.24	29700
4	89.92	29700
4	141.73	29700
1	0	29760
1	35.05	29760
1	70.1	29760
1	108.2	29760
1	140.21	29760
2	0	29760
2	39.62	29760
2	79.25	29760
2	124.97	29760
2	169.16	29760
2	201.17	29760
2	237.74	29760
2	277.37	29760
3	0	29760
3	51.82	29760
3	106.68	29760
3	154.84	29760
3	211.23	29760
3	267.61	29760
3	322.48	29760
3	379.48	29760
3	437.39	29760
4	0	29760
4	47.24	29760
4	89.92	29760
4	141.73	29760
1	0	29820
1	35.05	29820
1	70.1	29820
1	108.2	29820
1	140.21	29820
2	0	29820
2	39.62	29820
2	79.25	29820
2	124.97	29820
2	169.16	29820
2	201.17	29820
2	237.74	29820
2	277.37	29820
3	0	29820
3	51.82	29820
3	106.68	29820
3	154.84	29820
3	211.23	29820
3	267.61	29820
3	322.48	29820
3	379.48	29820
3	437.39	29820
4	0	29820
4	47.24	29820
4	89.92	29820
4	141.73	29820
1	0	29880
1	35.05	29880
1	70.1	29880
1	108.2	29880
1	140.21	29880
2	0	29880
2	39.62	29880
2	79.25	29880
2	124.97	29880
2	169.16	29880
2	201.17	29880
2	237.74	29880
2	277.37	29880
3	0	29880
3	51.82	29880
3	106.68	29880
3	154.84	29880
3	211.23	29880
3	267.61	29880
3	322.48	29880
3	379.48	29880
3	437.39	29880
4	0	29880
4	47.24	29880
4	89.92	29880
4	141.73	29880
1	0	29940
1	35.05	29940
1	70.1	29940
1	108.2	29940
1	140.21	29940
2	0	29940
2	39.62	29940
2	79.25	29940
2	124.97	29940
2	169.16	29940
2	201.17	29940
2	237.74	29940
2	277.37	29940
3	0	29940
3	51.82	29940
3	106.68	29940
3	154.84	29940
3	211.23	29940
3	267.61	29940
3	322.48	29940
3	379.48	29940
3	437.39	29940
4	0	29940
4	47.24	29940
4	89.92	29940
4	141.73	29940
1	0	30000
1	35.05	30000
1	70.1	30000
1	108.2	30000
1	140.21	30000
2	0	30000
2	39.62	30000
2	79.25	30000
2	124.97	30000
2	169.16	30000
2	201.17	30000
2	237.74	30000
2	277.37	30000
3	0	30000
3	51.82	30000
3	106.68	30000
3	154.84	30000
3	211.23	30000
3	267.61	30000
3	322.48	30000
3	379.48	30000
3	437.39	30000
4	0	30000
4	47.24	30000
4	89.92	30000
4	141.73	30000
1	0	30060
1	35.05	30060
1	70.1	30060
1	108.2	30060
1	140.21	30060
2	0	30060
2	39.62	30060
2	79.25	30060
2	124.97	30060
2	169.16	30060
2	201.17	30060
2	237.74	30060
2	277.37	30060
3	0	30060
3	51.82	30060
3	106.68	30060
3	154.84	30060
3	211.23	30060
3	267.61	30060
3	322.48	30060
3	379.48	30060
3	437.39	30060
4	0	30060
4	47.24	30060
4	89.92	30060
4	141.73	30060
1	0	30120
1	35.05	30120
1	70.1	30120
1	108.2	30120
1	140.21	30120
2	0	30120
2	39.62	30120
2	79.25	30120
2	124.97	30120
2	169.16	30120
2	201.17	30120
2	237.74	30120
2	277.37	30120
3	0	30120
3	51.82	30120
3	106.68	30120
3	154.84	30120
3	211.23	30120
3	267.61	30120
3	322.48	30120
3	379.48	30120
3	437.39	30120
4	0	30120
4	47.24	30120
4	89.92	30120
4	141.73	30120
1	0	30180
1	35.05	30180
1	70.1	30180
1	108.2	30180
1	140.21	30180
2	0	30180
2	39.62	30180
2	79.25	30180
2	124.97	30180
2	169.16	30180
2	201.17	30180
2	237.74	30180
2	277.37	30180
3	0	30180
3	51.82	30180
3	106.68	30180
3	154.84	30180
3	211.23	30180
3	267.61	30180
3	322.48	30180
3	379.48	30180
3	437.39	30180
4	0	30180
4	47.24	30180
4	89.92	30180
4	141.73	30180
1	0	30240
1	35.05	30240
1	70.1	30240
1	108.2	30240
1	140.21	30240
2	0	30240
2	39.62	30240
2	79.25	30240
2	124.97	30240
2	169.16	30240
2	201.17	30240
2	237.74	30240
2	277.37	30240
3	0	30240
3	51.82	30240
3	106.68	30240
3	154.84	30240
3	211.23	30240
3	267.61	30240
3	322.48	30240
3	379.48	30240
3	437.39	30240
4	0	30240
4	47.24	30240
4	89.92	30240
4	141.73	30240
1	0	30300
1	35.05	30300
1	70.1	30300
1	108.2	30300
1	140.21	30300
2	0	30300
2	39.62	30300
2	79.25	30300
2	124.97	30300
2	169.16	30300
2	201.17	30300
2	237.74	30300
2	277.37	30300
3	0	30300
3	51.82	30300
3	106.68	30300
3	154.84	30300
3	211.23	30300
3	267.61	30300
3	322.48	30300
3	379.48	30300
3	437.39	30300
4	0	30300
4	47.24	30300
4	89.92	30300
4	141.73	30300
1	0	30360
1	35.05	30360
1	70.1	30360
1	108.2	30360
1	140.21	30360
2	0	30360
2	39.62	30360
2	79.25	30360
2	124.97	30360
2	169.16	30360
2	201.17	30360
2	237.74	30360
2	277.37	30360
3	0	30360
3	51.82	30360
3	106.68	30360
3	154.84	30360
3	211.23	30360
3	267.61	30360
3	322.48	30360
3	379.48	30360
3	437.39	30360
4	0	30360
4	47.24	30360
4	89.92	30360
4	141.73	30360
1	0	30420
1	35.05	30420
1	70.1	30420
1	108.2	30420
1	140.21	30420
2	0	30420
2	39.62	30420
2	79.25	30420
2	124.97	30420
2	169.16	30420
2	201.17	30420
2	237.74	30420
2	277.37	30420
3	0	30420
3	51.82	30420
3	106.68	30420
3	154.84	30420
3	211.23	30420
3	267.61	30420
3	322.48	30420
3	379.48	30420
3	437.39	30420
4	0	30420
4	47.24	30420
4	89.92	30420
4	141.73	30420
1	0	30480
1	35.05	30480
1	70.1	30480
1	108.2	30480
1	140.21	30480
2	0	30480
2	39.62	30480
2	79.25	30480
2	124.97	30480
2	169.16	30480
2	201.17	30480
2	237.74	30480
2	277.37	30480
3	0	30480
3	51.82	30480
3	106.68	30480
3	154.84	30480
3	211.23	30480
3	267.61	30480
3	322.48	30480
3	379.48	30480
3	437.39	30480
4	0	30480
4	47.24	30480
4	89.92	30480
4	141.73	30480
1	0	30540
1	35.05	30540
1	70.1	30540
1	108.2	30540
1	140.21	30540
2	0	30540
2	39.62	30540
2	79.25	30540
2	124.97	30540
2	169.16	30540
2	201.17	30540
2	237.74	30540
2	277.37	30540
3	0	30540
3	51.82	30540
3	106.68	30540
3	154.84	30540
3	211.23	30540
3	267.61	30540
3	322.48	30540
3	379.48	30540
3	437.39	30540
4	0	30540
4	47.24	30540
4	89.92	30540
4	141.73	30540
1	0	30600
1	35.05	30600
1	70.1	30600
1	108.2	30600
1	140.21	30600
2	0	30600
2	39.62	30600
2	79.25	30600
2	124.97	30600
2	169.16	30600
2	201.17	30600
2	237.74	30600
2	277.37	30600
3	0	30600
3	51.82	30600
3	106.68	30600
3	154.84	30600
3	211.23	30600
3	267.61	30600
3	322.48	30600
3	379.48	30600
3	437.39	30600
4	0	30600
4	47.24	30600
4	89.92	30600
4	141.73	30600
1	0	30660
1	35.05	30660
1	70.1	30660
1	108.2	30660
1	140.21	30660
2	0	30660
2	39.62	30660
2	79.25	30660
2	124.97	30660
2	169.16	30660
2	201.17	30660
2	237.74	30660
2	277.37	30660
3	0	30660
3	51.82	30660
3	106.68	30660
3	154.84	30660
3	211.23	30660
3	267.61	30660
3	322.48	30660
3	379.48	30660
3	437.39	30660
4	0	30660
4	47.24	30660
4	89.92	30660
4	141.73	30660
1	0	30720
1	35.05	30720
1	70.1	30720
1	108.2	30720
1	140.21	30720
2	0	30720
2	39.62	30720
2	79.25	30720
2	124.97	30720
2	169.16	30720
2	201.17	30720
2	237.74	30720
2	277.37	30720
3	0	30720
3	51.82	30720
3	106.68	30720
3	154.84	30720
3	211.23	30720
3	267.61	30720
3	322.48	30720
3	379.48	30720
3	437.39	30720
4	0	30720
4	47.24	30720
4	89.92	30720
4	141.73	30720
1	0	30780
1	35.05	30780
1	70.1	30780
1	108.2	30780
1	140.21	30780
2	0	30780
2	39.62	30780
2	79.25	30780
2	124.97	30780
2	169.16	30780
2	201.17	30780
2	237.74	30780
2	277.37	30780
3	0	30780
3	51.82	30780
3	106.68	30780
3	154.84	30780
3	211.23	30780
3	267.61	30780
3	322.48	30780
3	379.48	30780
3	437.39	30780
4	0	30780
4	47.24	30780
4	89.92	30780
4	141.73	30780
1	0	30840
1	35.05	30840
1	70.1	30840
1	108.2	30840
1	140.21	30840
2	0	30840
2	39.62	30840
2	79.25	30840
2	124.97	30840
2	169.16	30840
2	201.17	30840
2	237.74	30840
2	277.37	30840
3	0	30840
3	51.82	30840
3	106.68	30840
3	154.84	30840
3	211.23	30840
3	267.61	30840
3	322.48	30840
3	379.48	30840
3	437.39	30840
4	0	30840
4	47.24	30840
4	89.92	30840
4	141.73	30840
1	0	30900
1	35.05	30900
1	70.1	30900
1	108.2	30900
1	140.21	30900
2	0	30900
2	39.62	30900
2	79.25	30900
2	124.97	30900
2	169.16	30900
2	201.17	30900
2	237.74	30900
2	277.37	30900
3	0	30900
3	51.82	30900
3	106.68	30900
3	154.84	30900
3	211.23	30900
3	267.61	30900
3	322.48	30900
3	379.48	30900
3	437.39	30900
4	0	30900
4	47.24	30900
4	89.92	30900
4	141.73	30900
1	0	30960
1	35.05	30960
1	70.1	30960
1	108.2	30960
1	140.21	30960
2	0	30960
2	39.62	30960
2	79.25	30960
2	124.97	30960
2	169.16	30960
2	201.17	30960
2	237.74	30960
2	277.37	30960
3	0	30960
3	51.82	30960
3	106.68	30960
3	154.84	30960
3	211.23	30960
3	267.61	30960
3	322.48	30960
3	379.48	30960
3	437.39	30960
4	0	30960
4	47.24	30960
4	89.92	30960
4	141.73	30960
1	0	31020
1	35.05	31020
1	70.1	31020
1	108.2	31020
1	140.21	31020
2	0	31020
2	39.62	31020
2	79.25	31020
2	124.97	31020
2	169.16	31020
2	201.17	31020
2	237.74	31020
2	277.37	31020
3	0	31020
3	51.82	31020
3	106.68	31020
3	154.84	31020
3	211.23	31020
3	267.61	31020
3	322.48	31020
3	379.48	31020
3	437.39	31020
4	0	31020
4	47.24	31020
4	89.92	31020
4	141.73	31020
1	0	31080
1	35.05	31080
1	70.1	31080
1	108.2	31080
1	140.21	31080
2	0	31080
2	39.62	31080
2	79.25	31080
2	124.97	31080
2	169.16	31080
2	201.17	31080
2	237.74	31080
2	277.37	31080
3	0	31080
3	51.82	31080
3	106.68	31080
3	154.84	31080
3	211.23	31080
3	267.61	31080
3	322.48	31080
3	379.48	31080
3	437.39	31080
4	0	31080
4	47.24	31080
4	89.92	31080
4	141.73	31080
1	0	31140
1	35.05	31140
1	70.1	31140
1	108.2	31140
1	140.21	31140
2	0	31140
2	39.62	31140
2	79.25	31140
2	124.97	31140
2	169.16	31140
2	201.17	31140
2	237.74	31140
2	277.37	31140
3	0	31140
3	51.82	31140
3	106.68	31140
3	154.84	31140
3	211.23	31140
3	267.61	31140
3	322.48	31140
3	379.48	31140
3	437.39	31140
4	0	31140
4	47.24	31140
4	89.92	31140
4	141.73	31140
1	0	31200
1	35.05	31200
1	70.1	31200
1	108.2	31200
1	140.21	31200
2	0	31200
2	39.62	31200
2	79.25	31200
2	124.97	31200
2	169.16	31200
2	201.17	31200
2	237.74	31200
2	277.37	31200
3	0	31200
3	51.82	31200
3	106.68	31200
3	154.84	31200
3	211.23	31200
3	267.61	31200
3	322.48	31200
3	379.48	31200
3	437.39	31200
4	0	31200
4	47.24	31200
4	89.92	31200
4	141.73	31200
1	0	31260
1	35.05	31260
1	70.1	31260
1	108.2	31260
1	140.21	31260
2	0	31260
2	39.62	31260
2	79.25	31260
2	124.97	31260
2	169.16	31260
2	201.17	31260
2	237.74	31260
2	277.37	31260
3	0	31260
3	51.82	31260
3	106.68	31260
3	154.84	31260
3	211.23	31260
3	267.61	31260
3	322.48	31260
3	379.48	31260
3	437.39	31260
4	0	31260
4	47.24	31260
4	89.92	31260
4	141.73	31260
1	0	31320
1	35.05	31320
1	70.1	31320
1	108.2	31320
1	140.21	31320
2	0	31320
2	39.62	31320
2	79.25	31320
2	124.97	31320
2	169.16	31320
2	201.17	31320
2	237.74	31320
2	277.37	31320
3	0	31320
3	51.82	31320
3	106.68	31320
3	154.84	31320
3	211.23	31320
3	267.61	31320
3	322.48	31320
3	379.48	31320
3	437.39	31320
4	0	31320
4	47.24	31320
4	89.92	31320
4	141.73	31320
1	0	31380
1	35.05	31380
1	70.1	31380
1	108.2	31380
1	140.21	31380
2	0	31380
2	39.62	31380
2	79.25	31380
2	124.97	31380
2	169.16	31380
2	201.17	31380
2	237.74	31380
2	277.37	31380
3	0	31380
3	51.82	31380
3	106.68	31380
3	154.84	31380
3	211.23	31380
3	267.61	31380
3	322.48	31380
3	379.48	31380
3	437.39	31380
4	0	31380
4	47.24	31380
4	89.92	31380
4	141.73	31380
1	0	31440
1	35.05	31440
1	70.1	31440
1	108.2	31440
1	140.21	31440
2	0	31440
2	39.62	31440
2	79.25	31440
2	124.97	31440
2	169.16	31440
2	201.17	31440
2	237.74	31440
2	277.37	31440
3	0	31440
3	51.82	31440
3	106.68	31440
3	154.84	31440
3	211.23	31440
3	267.61	31440
3	322.48	31440
3	379.48	31440
3	437.39	31440
4	0	31440
4	47.24	31440
4	89.92	31440
4	141.73	31440
1	0	31500
1	35.05	31500
1	70.1	31500
1	108.2	31500
1	140.21	31500
2	0	31500
2	39.62	31500
2	79.25	31500
2	124.97	31500
2	169.16	31500
2	201.17	31500
2	237.74	31500
2	277.37	31500
3	0	31500
3	51.82	31500
3	106.68	31500
3	154.84	31500
3	211.23	31500
3	267.61	31500
3	322.48	31500
3	379.48	31500
3	437.39	31500
4	0	31500
4	47.24	31500
4	89.92	31500
4	141.73	31500
1	0	31560
1	35.05	31560
1	70.1	31560
1	108.2	31560
1	140.21	31560
2	0	31560
2	39.62	31560
2	79.25	31560
2	124.97	31560
2	169.16	31560
2	201.17	31560
2	237.74	31560
2	277.37	31560
3	0	31560
3	51.82	31560
3	106.68	31560
3	154.84	31560
3	211.23	31560
3	267.61	31560
3	322.48	31560
3	379.48	31560
3	437.39	31560
4	0	31560
4	47.24	31560
4	89.92	31560
4	141.73	31560
1	0	31620
1	35.05	31620
1	70.1	31620
1	108.2	31620
1	140.21	31620
2	0	31620
2	39.62	31620
2	79.25	31620
2	124.97	31620
2	169.16	31620
2	201.17	31620
2	237.74	31620
2	277.37	31620
3	0	31620
3	51.82	31620
3	106.68	31620
3	154.84	31620
3	211.23	31620
3	267.61	31620
3	322.48	31620
3	379.48	31620
3	437.39	31620
4	0	31620
4	47.24	31620
4	89.92	31620
4	141.73	31620
1	0	31680
1	35.05	31680
1	70.1	31680
1	108.2	31680
1	140.21	31680
2	0	31680
2	39.62	31680
2	79.25	31680
2	124.97	31680
2	169.16	31680
2	201.17	31680
2	237.74	31680
2	277.37	31680
3	0	31680
3	51.82	31680
3	106.68	31680
3	154.84	31680
3	211.23	31680
3	267.61	31680
3	322.48	31680
3	379.48	31680
3	437.39	31680
4	0	31680
4	47.24	31680
4	89.92	31680
4	141.73	31680
1	0	31740
1	35.05	31740
1	70.1	31740
1	108.2	31740
1	140.21	31740
2	0	31740
2	39.62	31740
2	79.25	31740
2	124.97	31740
2	169.16	31740
2	201.17	31740
2	237.74	31740
2	277.37	31740
3	0	31740
3	51.82	31740
3	106.68	31740
3	154.84	31740
3	211.23	31740
3	267.61	31740
3	322.48	31740
3	379.48	31740
3	437.39	31740
4	0	31740
4	47.24	31740
4	89.92	31740
4	141.73	31740
1	0	31800
1	35.05	31800
1	70.1	31800
1	108.2	31800
1	140.21	31800
2	0	31800
2	39.62	31800
2	79.25	31800
2	124.97	31800
2	169.16	31800
2	201.17	31800
2	237.74	31800
2	277.37	31800
3	0	31800
3	51.82	31800
3	106.68	31800
3	154.84	31800
3	211.23	31800
3	267.61	31800
3	322.48	31800
3	379.48	31800
3	437.39	31800
4	0	31800
4	47.24	31800
4	89.92	31800
4	141.73	31800
1	0	31860
1	35.05	31860
1	70.1	31860
1	108.2	31860
1	140.21	31860
2	0	31860
2	39.62	31860
2	79.25	31860
2	124.97	31860
2	169.16	31860
2	201.17	31860
2	237.74	31860
2	277.37	31860
3	0	31860
3	51.82	31860
3	106.68	31860
3	154.84	31860
3	211.23	31860
3	267.61	31860
3	322.48	31860
3	379.48	31860
3	437.39	31860
4	0	31860
4	47.24	31860
4	89.92	31860
4	141.73	31860
1	0	31920
1	35.05	31920
1	70.1	31920
1	108.2	31920
1	140.21	31920
2	0	31920
2	39.62	31920
2	79.25	31920
2	124.97	31920
2	169.16	31920
2	201.17	31920
2	237.74	31920
2	277.37	31920
3	0	31920
3	51.82	31920
3	106.68	31920
3	154.84	31920
3	211.23	31920
3	267.61	31920
3	322.48	31920
3	379.48	31920
3	437.39	31920
4	0	31920
4	47.24	31920
4	89.92	31920
4	141.73	31920
1	0	31980
1	35.05	31980
1	70.1	31980
1	108.2	31980
1	140.21	31980
2	0	31980
2	39.62	31980
2	79.25	31980
2	124.97	31980
2	169.16	31980
2	201.17	31980
2	237.74	31980
2	277.37	31980
3	0	31980
3	51.82	31980
3	106.68	31980
3	154.84	31980
3	211.23	31980
3	267.61	31980
3	322.48	31980
3	379.48	31980
3	437.39	31980
4	0	31980
4	47.24	31980
4	89.92	31980
4	141.73	31980
1	0	32040
1	35.05	32040
1	70.1	32040
1	108.2	32040
1	140.21	32040
2	0	32040
2	39.62	32040
2	79.25	32040
2	124.97	32040
2	169.16	32040
2	201.17	32040
2	237.74	32040
2	277.37	32040
3	0	32040
3	51.82	32040
3	106.68	32040
3	154.84	32040
3	211.23	32040
3	267.61	32040
3	322.48	32040
3	379.48	32040
3	437.39	32040
4	0	32040
4	47.24	32040
4	89.92	32040
4	141.73	32040
1	0	32100
1	35.05	32100
1	70.1	32100
1	108.2	32100
1	140.21	32100
2	0	32100
2	39.62	32100
2	79.25	32100
2	124.97	32100
2	169.16	32100
2	201.17	32100
2	237.74	32100
2	277.37	32100
3	0	32100
3	51.82	32100
3	106.68	32100
3	154.84	32100
3	211.23	32100
3	267.61	32100
3	322.48	32100
3	379.48	32100
3	437.39	32100
4	0	32100
4	47.24	32100
4	89.92	32100
4	141.73	32100
1	0	32160
1	35.05	32160
1	70.1	32160
1	108.2	32160
1	140.21	32160
2	0	32160
2	39.62	32160
2	79.25	32160
2	124.97	32160
2	169.16	32160
2	201.17	32160
2	237.74	32160
2	277.37	32160
3	0	32160
3	51.82	32160
3	106.68	32160
3	154.84	32160
3	211.23	32160
3	267.61	32160
3	322.48	32160
3	379.48	32160
3	437.39	32160
4	0	32160
4	47.24	32160
4	89.92	32160
4	141.73	32160
1	0	32220
1	35.05	32220
1	70.1	32220
1	108.2	32220
1	140.21	32220
2	0	32220
2	39.62	32220
2	79.25	32220
2	124.97	32220
2	169.16	32220
2	201.17	32220
2	237.74	32220
2	277.37	32220
3	0	32220
3	51.82	32220
3	106.68	32220
3	154.84	32220
3	211.23	32220
3	267.61	32220
3	322.48	32220
3	379.48	32220
3	437.39	32220
4	0	32220
4	47.24	32220
4	89.92	32220
4	141.73	32220
1	0	32280
1	35.05	32280
1	70.1	32280
1	108.2	32280
1	140.21	32280
2	0	32280
2	39.62	32280
2	79.25	32280
2	124.97	32280
2	169.16	32280
2	201.17	32280
2	237.74	32280
2	277.37	32280
3	0	32280
3	51.82	32280
3	106.68	32280
3	154.84	32280
3	211.23	32280
3	267.61	32280
3	322.48	32280
3	379.48	32280
3	437.39	32280
4	0	32280
4	47.24	32280
4	89.92	32280
4	141.73	32280
1	0	32340
1	35.05	32340
1	70.1	32340
1	108.2	32340
1	140.21	32340
2	0	32340
2	39.62	32340
2	79.25	32340
2	124.97	32340
2	169.16	32340
2	201.17	32340
2	237.74	32340
2	277.37	32340
3	0	32340
3	51.82	32340
3	106.68	32340
3	154.84	32340
3	211.23	32340
3	267.61	32340
3	322.48	32340
3	379.48	32340
3	437.39	32340
4	0	32340
4	47.24	32340
4	89.92	32340
4	141.73	32340
1	0	32400
1	35.05	32400
1	70.1	32400
1	108.2	32400
1	140.21	32400
2	0	32400
2	39.62	32400
2	79.25	32400
2	124.97	32400
2	169.16	32400
2	201.17	32400
2	237.74	32400
2	277.37	32400
3	0	32400
3	51.82	32400
3	106.68	32400
3	154.84	32400
3	211.23	32400
3	267.61	32400
3	322.48	32400
3	379.48	32400
3	437.39	32400
4	0	32400
4	47.24	32400
4	89.92	32400
4	141.73	32400
1	0	32460
1	35.05	32460
1	70.1	32460
1	108.2	32460
1	140.21	32460
2	0	32460
2	39.62	32460
2	79.25	32460
2	124.97	32460
2	169.16	32460
2	201.17	32460
2	237.74	32460
2	277.37	32460
3	0	32460
3	51.82	32460
3	106.68	32460
3	154.84	32460
3	211.23	32460
3	267.61	32460
3	322.48	32460
3	379.48	32460
3	437.39	32460
4	0	32460
4	47.24	32460
4	89.92	32460
4	141.73	32460
1	0	32520
1	35.05	32520
1	70.1	32520
1	108.2	32520
1	140.21	32520
2	0	32520
2	39.62	32520
2	79.25	32520
2	124.97	32520
2	169.16	32520
2	201.17	32520
2	237.74	32520
2	277.37	32520
3	0	32520
3	51.82	32520
3	106.68	32520
3	154.84	32520
3	211.23	32520
3	267.61	32520
3	322.48	32520
3	379.48	32520
3	437.39	32520
4	0	32520
4	47.24	32520
4	89.92	32520
4	141.73	32520
1	0	32580
1	35.05	32580
1	70.1	32580
1	108.2	32580
1	140.21	32580
2	0	32580
2	39.62	32580
2	79.25	32580
2	124.97	32580
2	169.16	32580
2	201.17	32580
2	237.74	32580
2	277.37	32580
3	0	32580
3	51.82	32580
3	106.68	32580
3	154.84	32580
3	211.23	32580
3	267.61	32580
3	322.48	32580
3	379.48	32580
3	437.39	32580
4	0	32580
4	47.24	32580
4	89.92	32580
4	141.73	32580
1	0	32640
1	35.05	32640
1	70.1	32640
1	108.2	32640
1	140.21	32640
2	0	32640
2	39.62	32640
2	79.25	32640
2	124.97	32640
2	169.16	32640
2	201.17	32640
2	237.74	32640
2	277.37	32640
3	0	32640
3	51.82	32640
3	106.68	32640
3	154.84	32640
3	211.23	32640
3	267.61	32640
3	322.48	32640
3	379.48	32640
3	437.39	32640
4	0	32640
4	47.24	32640
4	89.92	32640
4	141.73	32640
1	0	32700
1	35.05	32700
1	70.1	32700
1	108.2	32700
1	140.21	32700
2	0	32700
2	39.62	32700
2	79.25	32700
2	124.97	32700
2	169.16	32700
2	201.17	32700
2	237.74	32700
2	277.37	32700
3	0	32700
3	51.82	32700
3	106.68	32700
3	154.84	32700
3	211.23	32700
3	267.61	32700
3	322.48	32700
3	379.48	32700
3	437.39	32700
4	0	32700
4	47.24	32700
4	89.92	32700
4	141.73	32700
1	0	32760
1	35.05	32760
1	70.1	32760
1	108.2	32760
1	140.21	32760
2	0	32760
2	39.62	32760
2	79.25	32760
2	124.97	32760
2	169.16	32760
2	201.17	32760
2	237.74	32760
2	277.37	32760
3	0	32760
3	51.82	32760
3	106.68	32760
3	154.84	32760
3	211.23	32760
3	267.61	32760
3	322.48	32760
3	379.48	32760
3	437.39	32760
4	0	32760
4	47.24	32760
4	89.92	32760
4	141.73	32760
1	0	32820
1	35.05	32820
1	70.1	32820
1	108.2	32820
1	140.21	32820
2	0	32820
2	39.62	32820
2	79.25	32820
2	124.97	32820
2	169.16	32820
2	201.17	32820
2	237.74	32820
2	277.37	32820
3	0	32820
3	51.82	32820
3	106.68	32820
3	154.84	32820
3	211.23	32820
3	267.61	32820
3	322.48	32820
3	379.48	32820
3	437.39	32820
4	0	32820
4	47.24	32820
4	89.92	32820
4	141.73	32820
1	0	32880
1	35.05	32880
1	70.1	32880
1	108.2	32880
1	140.21	32880
2	0	32880
2	39.62	32880
2	79.25	32880
2	124.97	32880
2	169.16	32880
2	201.17	32880
2	237.74	32880
2	277.37	32880
3	0	32880
3	51.82	32880
3	106.68	32880
3	154.84	32880
3	211.23	32880
3	267.61	32880
3	322.48	32880
3	379.48	32880
3	437.39	32880
4	0	32880
4	47.24	32880
4	89.92	32880
4	141.73	32880
1	0	32940
1	35.05	32940
1	70.1	32940
1	108.2	32940
1	140.21	32940
2	0	32940
2	39.62	32940
2	79.25	32940
2	124.97	32940
2	169.16	32940
2	201.17	32940
2	237.74	32940
2	277.37	32940
3	0	32940
3	51.82	32940
3	106.68	32940
3	154.84	32940
3	211.23	32940
3	267.61	32940
3	322.48	32940
3	379.48	32940
3	437.39	32940
4	0	32940
4	47.24	32940
4	89.92	32940
4	141.73	32940
1	0	33000
1	35.05	33000
1	70.1	33000
1	108.2	33000
1	140.21	33000
2	0	33000
2	39.62	33000
2	79.25	33000
2	124.97	33000
2	169.16	33000
2	201.17	33000
2	237.74	33000
2	277.37	33000
3	0	33000
3	51.82	33000
3	106.68	33000
3	154.84	33000
3	211.23	33000
3	267.61	33000
3	322.48	33000
3	379.48	33000
3	437.39	33000
4	0	33000
4	47.24	33000
4	89.92	33000
4	141.73	33000
1	0	33060
1	35.05	33060
1	70.1	33060
1	108.2	33060
1	140.21	33060
2	0	33060
2	39.62	33060
2	79.25	33060
2	124.97	33060
2	169.16	33060
2	201.17	33060
2	237.74	33060
2	277.37	33060
3	0	33060
3	51.82	33060
3	106.68	33060
3	154.84	33060
3	211.23	33060
3	267.61	33060
3	322.48	33060
3	379.48	33060
3	437.39	33060
4	0	33060
4	47.24	33060
4	89.92	33060
4	141.73	33060
1	0	33120
1	35.05	33120
1	70.1	33120
1	108.2	33120
1	140.21	33120
2	0	33120
2	39.62	33120
2	79.25	33120
2	124.97	33120
2	169.16	33120
2	201.17	33120
2	237.74	33120
2	277.37	33120
3	0	33120
3	51.82	33120
3	106.68	33120
3	154.84	33120
3	211.23	33120
3	267.61	33120
3	322.48	33120
3	379.48	33120
3	437.39	33120
4	0	33120
4	47.24	33120
4	89.92	33120
4	141.73	33120
1	0	33180
1	35.05	33180
1	70.1	33180
1	108.2	33180
1	140.21	33180
2	0	33180
2	39.62	33180
2	79.25	33180
2	124.97	33180
2	169.16	33180
2	201.17	33180
2	237.74	33180
2	277.37	33180
3	0	33180
3	51.82	33180
3	106.68	33180
3	154.84	33180
3	211.23	33180
3	267.61	33180
3	322.48	33180
3	379.48	33180
3	437.39	33180
4	0	33180
4	47.24	33180
4	89.92	33180
4	141.73	33180
1	0	33240
1	35.05	33240
1	70.1	33240
1	108.2	33240
1	140.21	33240
2	0	33240
2	39.62	33240
2	79.25	33240
2	124.97	33240
2	169.16	33240
2	201.17	33240
2	237.74	33240
2	277.37	33240
3	0	33240
3	51.82	33240
3	106.68	33240
3	154.84	33240
3	211.23	33240
3	267.61	33240
3	322.48	33240
3	379.48	33240
3	437.39	33240
4	0	33240
4	47.24	33240
4	89.92	33240
4	141.73	33240
1	0	33300
1	35.05	33300
1	70.1	33300
1	108.2	33300
1	140.21	33300
2	0	33300
2	39.62	33300
2	79.25	33300
2	124.97	33300
2	169.16	33300
2	201.17	33300
2	237.74	33300
2	277.37	33300
3	0	33300
3	51.82	33300
3	106.68	33300
3	154.84	33300
3	211.23	33300
3	267.61	33300
3	322.48	33300
3	379.48	33300
3	437.39	33300
4	0	33300
4	47.24	33300
4	89.92	33300
4	141.73	33300
1	0	33360
1	35.05	33360
1	70.1	33360
1	108.2	33360
1	140.21	33360
2	0	33360
2	39.62	33360
2	79.25	33360
2	124.97	33360
2	169.16	33360
2	201.17	33360
2	237.74	33360
2	277.37	33360
3	0	33360
3	51.82	33360
3	106.68	33360
3	154.84	33360
3	211.23	33360
3	267.61	33360
3	322.48	33360
3	379.48	33360
3	437.39	33360
4	0	33360
4	47.24	33360
4	89.92	33360
4	141.73	33360
1	0	33420
1	35.05	33420
1	70.1	33420
1	108.2	33420
1	140.21	33420
2	0	33420
2	39.62	33420
2	79.25	33420
2	124.97	33420
2	169.16	33420
2	201.17	33420
2	237.74	33420
2	277.37	33420
3	0	33420
3	51.82	33420
3	106.68	33420
3	154.84	33420
3	211.23	33420
3	267.61	33420
3	322.48	33420
3	379.48	33420
3	437.39	33420
4	0	33420
4	47.24	33420
4	89.92	33420
4	141.73	33420
1	0	33480
1	35.05	33480
1	70.1	33480
1	108.2	33480
1	140.21	33480
2	0	33480
2	39.62	33480
2	79.25	33480
2	124.97	33480
2	169.16	33480
2	201.17	33480
2	237.74	33480
2	277.37	33480
3	0	33480
3	51.82	33480
3	106.68	33480
3	154.84	33480
3	211.23	33480
3	267.61	33480
3	322.48	33480
3	379.48	33480
3	437.39	33480
4	0	33480
4	47.24	33480
4	89.92	33480
4	141.73	33480
1	0	33540
1	35.05	33540
1	70.1	33540
1	108.2	33540
1	140.21	33540
2	0	33540
2	39.62	33540
2	79.25	33540
2	124.97	33540
2	169.16	33540
2	201.17	33540
2	237.74	33540
2	277.37	33540
3	0	33540
3	51.82	33540
3	106.68	33540
3	154.84	33540
3	211.23	33540
3	267.61	33540
3	322.48	33540
3	379.48	33540
3	437.39	33540
4	0	33540
4	47.24	33540
4	89.92	33540
4	141.73	33540
1	0	33600
1	35.05	33600
1	70.1	33600
1	108.2	33600
1	140.21	33600
2	0	33600
2	39.62	33600
2	79.25	33600
2	124.97	33600
2	169.16	33600
2	201.17	33600
2	237.74	33600
2	277.37	33600
3	0	33600
3	51.82	33600
3	106.68	33600
3	154.84	33600
3	211.23	33600
3	267.61	33600
3	322.48	33600
3	379.48	33600
3	437.39	33600
4	0	33600
4	47.24	33600
4	89.92	33600
4	141.73	33600
1	0	33660
1	35.05	33660
1	70.1	33660
1	108.2	33660
1	140.21	33660
2	0	33660
2	39.62	33660
2	79.25	33660
2	124.97	33660
2	169.16	33660
2	201.17	33660
2	237.74	33660
2	277.37	33660
3	0	33660
3	51.82	33660
3	106.68	33660
3	154.84	33660
3	211.23	33660
3	267.61	33660
3	322.48	33660
3	379.48	33660
3	437.39	33660
4	0	33660
4	47.24	33660
4	89.92	33660
4	141.73	33660
1	0	33720
1	35.05	33720
1	70.1	33720
1	108.2	33720
1	140.21	33720
2	0	33720
2	39.62	33720
2	79.25	33720
2	124.97	33720
2	169.16	33720
2	201.17	33720
2	237.74	33720
2	277.37	33720
3	0	33720
3	51.82	33720
3	106.68	33720
3	154.84	33720
3	211.23	33720
3	267.61	33720
3	322.48	33720
3	379.48	33720
3	437.39	33720
4	0	33720
4	47.24	33720
4	89.92	33720
4	141.73	33720
1	0	33780
1	35.05	33780
1	70.1	33780
1	108.2	33780
1	140.21	33780
2	0	33780
2	39.62	33780
2	79.25	33780
2	124.97	33780
2	169.16	33780
2	201.17	33780
2	237.74	33780
2	277.37	33780
3	0	33780
3	51.82	33780
3	106.68	33780
3	154.84	33780
3	211.23	33780
3	267.61	33780
3	322.48	33780
3	379.48	33780
3	437.39	33780
4	0	33780
4	47.24	33780
4	89.92	33780
4	141.73	33780
1	0	33840
1	35.05	33840
1	70.1	33840
1	108.2	33840
1	140.21	33840
2	0	33840
2	39.62	33840
2	79.25	33840
2	124.97	33840
2	169.16	33840
2	201.17	33840
2	237.74	33840
2	277.37	33840
3	0	33840
3	51.82	33840
3	106.68	33840
3	154.84	33840
3	211.23	33840
3	267.61	33840
3	322.48	33840
3	379.48	33840
3	437.39	33840
4	0	33840
4	47.24	33840
4	89.92	33840
4	141.73	33840
1	0	33900
1	35.05	33900
1	70.1	33900
1	108.2	33900
1	140.21	33900
2	0	33900
2	39.62	33900
2	79.25	33900
2	124.97	33900
2	169.16	33900
2	201.17	33900
2	237.74	33900
2	277.37	33900
3	0	33900
3	51.82	33900
3	106.68	33900
3	154.84	33900
3	211.23	33900
3	267.61	33900
3	322.48	33900
3	379.48	33900
3	437.39	33900
4	0	33900
4	47.24	33900
4	89.92	33900
4	141.73	33900
1	0	33960
1	35.05	33960
1	70.1	33960
1	108.2	33960
1	140.21	33960
2	0	33960
2	39.62	33960
2	79.25	33960
2	124.97	33960
2	169.16	33960
2	201.17	33960
2	237.74	33960
2	277.37	33960
3	0	33960
3	51.82	33960
3	106.68	33960
3	154.84	33960
3	211.23	33960
3	267.61	33960
3	322.48	33960
3	379.48	33960
3	437.39	33960
4	0	33960
4	47.24	33960
4	89.92	33960
4	141.73	33960
1	0	34020
1	35.05	34020
1	70.1	34020
1	108.2	34020
1	140.21	34020
2	0	34020
2	39.62	34020
2	79.25	34020
2	124.97	34020
2	169.16	34020
2	201.17	34020
2	237.74	34020
2	277.37	34020
3	0	34020
3	51.82	34020
3	106.68	34020
3	154.84	34020
3	211.23	34020
3	267.61	34020
3	322.48	34020
3	379.48	34020
3	437.39	34020
4	0	34020
4	47.24	34020
4	89.92	34020
4	141.73	34020
1	0	34080
1	35.05	34080
1	70.1	34080
1	108.2	34080
1	140.21	34080
2	0	34080
2	39.62	34080
2	79.25	34080
2	124.97	34080
2	169.16	34080
2	201.17	34080
2	237.74	34080
2	277.37	34080
3	0	34080
3	51.82	34080
3	106.68	34080
3	154.84	34080
3	211.23	34080
3	267.61	34080
3	322.48	34080
3	379.48	34080
3	437.39	34080
4	0	34080
4	47.24	34080
4	89.92	34080
4	141.73	34080
1	0	34140
1	35.05	34140
1	70.1	34140
1	108.2	34140
1	140.21	34140
2	0	34140
2	39.62	34140
2	79.25	34140
2	124.97	34140
2	169.16	34140
2	201.17	34140
2	237.74	34140
2	277.37	34140
3	0	34140
3	51.82	34140
3	106.68	34140
3	154.84	34140
3	211.23	34140
3	267.61	34140
3	322.48	34140
3	379.48	34140
3	437.39	34140
4	0	34140
4	47.24	34140
4	89.92	34140
4	141.73	34140
1	0	34200
1	35.05	34200
1	70.1	34200
1	108.2	34200
1	140.21	34200
2	0	34200
2	39.62	34200
2	79.25	34200
2	124.97	34200
2	169.16	34200
2	201.17	34200
2	237.74	34200
2	277.37	34200
3	0	34200
3	51.82	34200
3	106.68	34200
3	154.84	34200
3	211.23	34200
3	267.61	34200
3	322.48	34200
3	379.48	34200
3	437.39	34200
4	0	34200
4	47.24	34200
4	89.92	34200
4	141.73	34200
1	0	34260
1	35.05	34260
1	70.1	34260
1	108.2	34260
1	140.21	34260
2	0	34260
2	39.62	34260
2	79.25	34260
2	124.97	34260
2	169.16	34260
2	201.17	34260
2	237.74	34260
2	277.37	34260
3	0	34260
3	51.82	34260
3	106.68	34260
3	154.84	34260
3	211.23	34260
3	267.61	34260
3	322.48	34260
3	379.48	34260
3	437.39	34260
4	0	34260
4	47.24	34260
4	89.92	34260
4	141.73	34260
1	0	34320
1	35.05	34320
1	70.1	34320
1	108.2	34320
1	140.21	34320
2	0	34320
2	39.62	34320
2	79.25	34320
2	124.97	34320
2	169.16	34320
2	201.17	34320
2	237.74	34320
2	277.37	34320
3	0	34320
3	51.82	34320
3	106.68	34320
3	154.84	34320
3	211.23	34320
3	267.61	34320
3	322.48	34320
3	379.48	34320
3	437.39	34320
4	0	34320
4	47.24	34320
4	89.92	34320
4	141.73	34320
1	0	34380
1	35.05	34380
1	70.1	34380
1	108.2	34380
1	140.21	34380
2	0	34380
2	39.62	34380
2	79.25	34380
2	124.97	34380
2	169.16	34380
2	201.17	34380
2	237.74	34380
2	277.37	34380
3	0	34380
3	51.82	34380
3	106.68	34380
3	154.84	34380
3	211.23	34380
3	267.61	34380
3	322.48	34380
3	379.48	34380
3	437.39	34380
4	0	34380
4	47.24	34380
4	89.92	34380
4	141.73	34380
1	0	34440
1	35.05	34440
1	70.1	34440
1	108.2	34440
1	140.21	34440
2	0	34440
2	39.62	34440
2	79.25	34440
2	124.97	34440
2	169.16	34440
2	201.17	34440
2	237.74	34440
2	277.37	34440
3	0	34440
3	51.82	34440
3	106.68	34440
3	154.84	34440
3	211.23	34440
3	267.61	34440
3	322.48	34440
3	379.48	34440
3	437.39	34440
4	0	34440
4	47.24	34440
4	89.92	34440
4	141.73	34440
1	0	34500
1	35.05	34500
1	70.1	34500
1	108.2	34500
1	140.21	34500
2	0	34500
2	39.62	34500
2	79.25	34500
2	124.97	34500
2	169.16	34500
2	201.17	34500
2	237.74	34500
2	277.37	34500
3	0	34500
3	51.82	34500
3	106.68	34500
3	154.84	34500
3	211.23	34500
3	267.61	34500
3	322.48	34500
3	379.48	34500
3	437.39	34500
4	0	34500
4	47.24	34500
4	89.92	34500
4	141.73	34500
1	0	34560
1	35.05	34560
1	70.1	34560
1	108.2	34560
1	140.21	34560
2	0	34560
2	39.62	34560
2	79.25	34560
2	124.97	34560
2	169.16	34560
2	201.17	34560
2	237.74	34560
2	277.37	34560
3	0	34560
3	51.82	34560
3	106.68	34560
3	154.84	34560
3	211.23	34560
3	267.61	34560
3	322.48	34560
3	379.48	34560
3	437.39	34560
4	0	34560
4	47.24	34560
4	89.92	34560
4	141.73	34560
1	0	34620
1	35.05	34620
1	70.1	34620
1	108.2	34620
1	140.21	34620
2	0	34620
2	39.62	34620
2	79.25	34620
2	124.97	34620
2	169.16	34620
2	201.17	34620
2	237.74	34620
2	277.37	34620
3	0	34620
3	51.82	34620
3	106.68	34620
3	154.84	34620
3	211.23	34620
3	267.61	34620
3	322.48	34620
3	379.48	34620
3	437.39	34620
4	0	34620
4	47.24	34620
4	89.92	34620
4	141.73	34620
1	0	34680
1	35.05	34680
1	70.1	34680
1	108.2	34680
1	140.21	34680
2	0	34680
2	39.62	34680
2	79.25	34680
2	124.97	34680
2	169.16	34680
2	201.17	34680
2	237.74	34680
2	277.37	34680
3	0	34680
3	51.82	34680
3	106.68	34680
3	154.84	34680
3	211.23	34680
3	267.61	34680
3	322.48	34680
3	379.48	34680
3	437.39	34680
4	0	34680
4	47.24	34680
4	89.92	34680
4	141.73	34680
1	0	34740
1	35.05	34740
1	70.1	34740
1	108.2	34740
1	140.21	34740
2	0	34740
2	39.62	34740
2	79.25	34740
2	124.97	34740
2	169.16	34740
2	201.17	34740
2	237.74	34740
2	277.37	34740
3	0	34740
3	51.82	34740
3	106.68	34740
3	154.84	34740
3	211.23	34740
3	267.61	34740
3	322.48	34740
3	379.48	34740
3	437.39	34740
4	0	34740
4	47.24	34740
4	89.92	34740
4	141.73	34740
1	0	34800
1	35.05	34800
1	70.1	34800
1	108.2	34800
1	140.21	34800
2	0	34800
2	39.62	34800
2	79.25	34800
2	124.97	34800
2	169.16	34800
2	201.17	34800
2	237.74	34800
2	277.37	34800
3	0	34800
3	51.82	34800
3	106.68	34800
3	154.84	34800
3	211.23	34800
3	267.61	34800
3	322.48	34800
3	379.48	34800
3	437.39	34800
4	0	34800
4	47.24	34800
4	89.92	34800
4	141.73	34800
1	0	34860
1	35.05	34860
1	70.1	34860
1	108.2	34860
1	140.21	34860
2	0	34860
2	39.62	34860
2	79.25	34860
2	124.97	34860
2	169.16	34860
2	201.17	34860
2	237.74	34860
2	277.37	34860
3	0	34860
3	51.82	34860
3	106.68	34860
3	154.84	34860
3	211.23	34860
3	267.61	34860
3	322.48	34860
3	379.48	34860
3	437.39	34860
4	0	34860
4	47.24	34860
4	89.92	34860
4	141.73	34860
1	0	34920
1	35.05	34920
1	70.1	34920
1	108.2	34920
1	140.21	34920
2	0	34920
2	39.62	34920
2	79.25	34920
2	124.97	34920
2	169.16	34920
2	201.17	34920
2	237.74	34920
2	277.37	34920
3	0	34920
3	51.82	34920
3	106.68	34920
3	154.84	34920
3	211.23	34920
3	267.61	34920
3	322.48	34920
3	379.48	34920
3	437.39	34920
4	0	34920
4	47.24	34920
4	89.92	34920
4	141.73	34920
1	0	34980
1	35.05	34980
1	70.1	34980
1	108.2	34980
1	140.21	34980
2	0	34980
2	39.62	34980
2	79.25	34980
2	124.97	34980
2	169.16	34980
2	201.17	34980
2	237.74	34980
2	277.37	34980
3	0	34980
3	51.82	34980
3	106.68	34980
3	154.84	34980
3	211.23	34980
3	267.61	34980
3	322.48	34980
3	379.48	34980
3	437.39	34980
4	0	34980
4	47.24	34980
4	89.92	34980
4	141.73	34980
1	0	35040
1	35.05	35040
1	70.1	35040
1	108.2	35040
1	140.21	35040
2	0	35040
2	39.62	35040
2	79.25	35040
2	124.97	35040
2	169.16	35040
2	201.17	35040
2	237.74	35040
2	277.37	35040
3	0	35040
3	51.82	35040
3	106.68	35040
3	154.84	35040
3	211.23	35040
3	267.61	35040
3	322.48	35040
3	379.48	35040
3	437.39	35040
4	0	35040
4	47.24	35040
4	89.92	35040
4	141.73	35040
1	0	35100
1	35.05	35100
1	70.1	35100
1	108.2	35100
1	140.21	35100
2	0	35100
2	39.62	35100
2	79.25	35100
2	124.97	35100
2	169.16	35100
2	201.17	35100
2	237.74	35100
2	277.37	35100
3	0	35100
3	51.82	35100
3	106.68	35100
3	154.84	35100
3	211.23	35100
3	267.61	35100
3	322.48	35100
3	379.48	35100
3	437.39	35100
4	0	35100
4	47.24	35100
4	89.92	35100
4	141.73	35100
1	0	35160
1	35.05	35160
1	70.1	35160
1	108.2	35160
1	140.21	35160
2	0	35160
2	39.62	35160
2	79.25	35160
2	124.97	35160
2	169.16	35160
2	201.17	35160
2	237.74	35160
2	277.37	35160
3	0	35160
3	51.82	35160
3	106.68	35160
3	154.84	35160
3	211.23	35160
3	267.61	35160
3	322.48	35160
3	379.48	35160
3	437.39	35160
4	0	35160
4	47.24	35160
4	89.92	35160
4	141.73	35160
1	0	35220
1	35.05	35220
1	70.1	35220
1	108.2	35220
1	140.21	35220
2	0	35220
2	39.62	35220
2	79.25	35220
2	124.97	35220
2	169.16	35220
2	201.17	35220
2	237.74	35220
2	277.37	35220
3	0	35220
3	51.82	35220
3	106.68	35220
3	154.84	35220
3	211.23	35220
3	267.61	35220
3	322.48	35220
3	379.48	35220
3	437.39	35220
4	0	35220
4	47.24	35220
4	89.92	35220
4	141.73	35220
1	0	35280
1	35.05	35280
1	70.1	35280
1	108.2	35280
1	140.21	35280
2	0	35280
2	39.62	35280
2	79.25	35280
2	124.97	35280
2	169.16	35280
2	201.17	35280
2	237.74	35280
2	277.37	35280
3	0	35280
3	51.82	35280
3	106.68	35280
3	154.84	35280
3	211.23	35280
3	267.61	35280
3	322.48	35280
3	379.48	35280
3	437.39	35280
4	0	35280
4	47.24	35280
4	89.92	35280
4	141.73	35280
1	0	35340
1	35.05	35340
1	70.1	35340
1	108.2	35340
1	140.21	35340
2	0	35340
2	39.62	35340
2	79.25	35340
2	124.97	35340
2	169.16	35340
2	201.17	35340
2	237.74	35340
2	277.37	35340
3	0	35340
3	51.82	35340
3	106.68	35340
3	154.84	35340
3	211.23	35340
3	267.61	35340
3	322.48	35340
3	379.48	35340
3	437.39	35340
4	0	35340
4	47.24	35340
4	89.92	35340
4	141.73	35340
1	0	35400
1	35.05	35400
1	70.1	35400
1	108.2	35400
1	140.21	35400
2	0	35400
2	39.62	35400
2	79.25	35400
2	124.97	35400
2	169.16	35400
2	201.17	35400
2	237.74	35400
2	277.37	35400
3	0	35400
3	51.82	35400
3	106.68	35400
3	154.84	35400
3	211.23	35400
3	267.61	35400
3	322.48	35400
3	379.48	35400
3	437.39	35400
4	0	35400
4	47.24	35400
4	89.92	35400
4	141.73	35400
1	0	35460
1	35.05	35460
1	70.1	35460
1	108.2	35460
1	140.21	35460
2	0	35460
2	39.62	35460
2	79.25	35460
2	124.97	35460
2	169.16	35460
2	201.17	35460
2	237.74	35460
2	277.37	35460
3	0	35460
3	51.82	35460
3	106.68	35460
3	154.84	35460
3	211.23	35460
3	267.61	35460
3	322.48	35460
3	379.48	35460
3	437.39	35460
4	0	35460
4	47.24	35460
4	89.92	35460
4	141.73	35460
1	0	35520
1	35.05	35520
1	70.1	35520
1	108.2	35520
1	140.21	35520
2	0	35520
2	39.62	35520
2	79.25	35520
2	124.97	35520
2	169.16	35520
2	201.17	35520
2	237.74	35520
2	277.37	35520
3	0	35520
3	51.82	35520
3	106.68	35520
3	154.84	35520
3	211.23	35520
3	267.61	35520
3	322.48	35520
3	379.48	35520
3	437.39	35520
4	0	35520
4	47.24	35520
4	89.92	35520
4	141.73	35520
1	0	35580
1	35.05	35580
1	70.1	35580
1	108.2	35580
1	140.21	35580
2	0	35580
2	39.62	35580
2	79.25	35580
2	124.97	35580
2	169.16	35580
2	201.17	35580
2	237.74	35580
2	277.37	35580
3	0	35580
3	51.82	35580
3	106.68	35580
3	154.84	35580
3	211.23	35580
3	267.61	35580
3	322.48	35580
3	379.48	35580
3	437.39	35580
4	0	35580
4	47.24	35580
4	89.92	35580
4	141.73	35580
1	0	35640
1	35.05	35640
1	70.1	35640
1	108.2	35640
1	140.21	35640
2	0	35640
2	39.62	35640
2	79.25	35640
2	124.97	35640
2	169.16	35640
2	201.17	35640
2	237.74	35640
2	277.37	35640
3	0	35640
3	51.82	35640
3	106.68	35640
3	154.84	35640
3	211.23	35640
3	267.61	35640
3	322.48	35640
3	379.48	35640
3	437.39	35640
4	0	35640
4	47.24	35640
4	89.92	35640
4	141.73	35640
1	0	35700
1	35.05	35700
1	70.1	35700
1	108.2	35700
1	140.21	35700
2	0	35700
2	39.62	35700
2	79.25	35700
2	124.97	35700
2	169.16	35700
2	201.17	35700
2	237.74	35700
2	277.37	35700
3	0	35700
3	51.82	35700
3	106.68	35700
3	154.84	35700
3	211.23	35700
3	267.61	35700
3	322.48	35700
3	379.48	35700
3	437.39	35700
4	0	35700
4	47.24	35700
4	89.92	35700
4	141.73	35700
1	0	35760
1	35.05	35760
1	70.1	35760
1	108.2	35760
1	140.21	35760
2	0	35760
2	39.62	35760
2	79.25	35760
2	124.97	35760
2	169.16	35760
2	201.17	35760
2	237.74	35760
2	277.37	35760
3	0	35760
3	51.82	35760
3	106.68	35760
3	154.84	35760
3	211.23	35760
3	267.61	35760
3	322.48	35760
3	379.48	35760
3	437.39	35760
4	0	35760
4	47.24	35760
4	89.92	35760
4	141.73	35760
1	0	35820
1	35.05	35820
1	70.1	35820
1	108.2	35820
1	140.21	35820
2	0	35820
2	39.62	35820
2	79.25	35820
2	124.97	35820
2	169.16	35820
2	201.17	35820
2	237.74	35820
2	277.37	35820
3	0	35820
3	51.82	35820
3	106.68	35820
3	154.84	35820
3	211.23	35820
3	267.61	35820
3	322.48	35820
3	379.48	35820
3	437.39	35820
4	0	35820
4	47.24	35820
4	89.92	35820
4	141.73	35820
1	0	35880
1	35.05	35880
1	70.1	35880
1	108.2	35880
1	140.21	35880
2	0	35880
2	39.62	35880
2	79.25	35880
2	124.97	35880
2	169.16	35880
2	201.17	35880
2	237.74	35880
2	277.37	35880
3	0	35880
3	51.82	35880
3	106.68	35880
3	154.84	35880
3	211.23	35880
3	267.61	35880
3	322.48	35880
3	379.48	35880
3	437.39	35880
4	0	35880
4	47.24	35880
4	89.92	35880
4	141.73	35880
1	0	35940
1	35.05	35940
1	70.1	35940
1	108.2	35940
1	140.21	35940
2	0	35940
2	39.62	35940
2	79.25	35940
2	124.97	35940
2	169.16	35940
2	201.17	35940
2	237.74	35940
2	277.37	35940
3	0	35940
3	51.82	35940
3	106.68	35940
3	154.84	35940
3	211.23	35940
3	267.61	35940
3	322.48	35940
3	379.48	35940
3	437.39	35940
4	0	35940
4	47.24	35940
4	89.92	35940
4	141.73	35940
1	0	36000
1	35.05	36000
1	70.1	36000
1	108.2	36000
1	140.21	36000
2	0	36000
2	39.62	36000
2	79.25	36000
2	124.97	36000
2	169.16	36000
2	201.17	36000
2	237.74	36000
2	277.37	36000
3	0	36000
3	51.82	36000
3	106.68	36000
3	154.84	36000
3	211.23	36000
3	267.61	36000
3	322.48	36000
3	379.48	36000
3	437.39	36000
4	0	36000
4	47.24	36000
4	89.92	36000
4	141.73	36000
1	0	36060
1	35.05	36060
1	70.1	36060
1	108.2	36060
1	140.21	36060
2	0	36060
2	39.62	36060
2	79.25	36060
2	124.97	36060
2	169.16	36060
2	201.17	36060
2	237.74	36060
2	277.37	36060
3	0	36060
3	51.82	36060
3	106.68	36060
3	154.84	36060
3	211.23	36060
3	267.61	36060
3	322.48	36060
3	379.48	36060
3	437.39	36060
4	0	36060
4	47.24	36060
4	89.92	36060
4	141.73	36060
1	0	36120
1	35.05	36120
1	70.1	36120
1	108.2	36120
1	140.21	36120
2	0	36120
2	39.62	36120
2	79.25	36120
2	124.97	36120
2	169.16	36120
2	201.17	36120
2	237.74	36120
2	277.37	36120
3	0	36120
3	51.82	36120
3	106.68	36120
3	154.84	36120
3	211.23	36120
3	267.61	36120
3	322.48	36120
3	379.48	36120
3	437.39	36120
4	0	36120
4	47.24	36120
4	89.92	36120
4	141.73	36120
1	0	36180
1	35.05	36180
1	70.1	36180
1	108.2	36180
1	140.21	36180
2	0	36180
2	39.62	36180
2	79.25	36180
2	124.97	36180
2	169.16	36180
2	201.17	36180
2	237.74	36180
2	277.37	36180
3	0	36180
3	51.82	36180
3	106.68	36180
3	154.84	36180
3	211.23	36180
3	267.61	36180
3	322.48	36180
3	379.48	36180
3	437.39	36180
4	0	36180
4	47.24	36180
4	89.92	36180
4	141.73	36180
1	0	36240
1	35.05	36240
1	70.1	36240
1	108.2	36240
1	140.21	36240
2	0	36240
2	39.62	36240
2	79.25	36240
2	124.97	36240
2	169.16	36240
2	201.17	36240
2	237.74	36240
2	277.37	36240
3	0	36240
3	51.82	36240
3	106.68	36240
3	154.84	36240
3	211.23	36240
3	267.61	36240
3	322.48	36240
3	379.48	36240
3	437.39	36240
4	0	36240
4	47.24	36240
4	89.92	36240
4	141.73	36240
1	0	36300
1	35.05	36300
1	70.1	36300
1	108.2	36300
1	140.21	36300
2	0	36300
2	39.62	36300
2	79.25	36300
2	124.97	36300
2	169.16	36300
2	201.17	36300
2	237.74	36300
2	277.37	36300
3	0	36300
3	51.82	36300
3	106.68	36300
3	154.84	36300
3	211.23	36300
3	267.61	36300
3	322.48	36300
3	379.48	36300
3	437.39	36300
4	0	36300
4	47.24	36300
4	89.92	36300
4	141.73	36300
1	0	36360
1	35.05	36360
1	70.1	36360
1	108.2	36360
1	140.21	36360
2	0	36360
2	39.62	36360
2	79.25	36360
2	124.97	36360
2	169.16	36360
2	201.17	36360
2	237.74	36360
2	277.37	36360
3	0	36360
3	51.82	36360
3	106.68	36360
3	154.84	36360
3	211.23	36360
3	267.61	36360
3	322.48	36360
3	379.48	36360
3	437.39	36360
4	0	36360
4	47.24	36360
4	89.92	36360
4	141.73	36360
1	0	36420
1	35.05	36420
1	70.1	36420
1	108.2	36420
1	140.21	36420
2	0	36420
2	39.62	36420
2	79.25	36420
2	124.97	36420
2	169.16	36420
2	201.17	36420
2	237.74	36420
2	277.37	36420
3	0	36420
3	51.82	36420
3	106.68	36420
3	154.84	36420
3	211.23	36420
3	267.61	36420
3	322.48	36420
3	379.48	36420
3	437.39	36420
4	0	36420
4	47.24	36420
4	89.92	36420
4	141.73	36420
1	0	36480
1	35.05	36480
1	70.1	36480
1	108.2	36480
1	140.21	36480
2	0	36480
2	39.62	36480
2	79.25	36480
2	124.97	36480
2	169.16	36480
2	201.17	36480
2	237.74	36480
2	277.37	36480
3	0	36480
3	51.82	36480
3	106.68	36480
3	154.84	36480
3	211.23	36480
3	267.61	36480
3	322.48	36480
3	379.48	36480
3	437.39	36480
4	0	36480
4	47.24	36480
4	89.92	36480
4	141.73	36480
1	0	36540
1	35.05	36540
1	70.1	36540
1	108.2	36540
1	140.21	36540
2	0	36540
2	39.62	36540
2	79.25	36540
2	124.97	36540
2	169.16	36540
2	201.17	36540
2	237.74	36540
2	277.37	36540
3	0	36540
3	51.82	36540
3	106.68	36540
3	154.84	36540
3	211.23	36540
3	267.61	36540
3	322.48	36540
3	379.48	36540
3	437.39	36540
4	0	36540
4	47.24	36540
4	89.92	36540
4	141.73	36540
1	0	36600
1	35.05	36600
1	70.1	36600
1	108.2	36600
1	140.21	36600
2	0	36600
2	39.62	36600
2	79.25	36600
2	124.97	36600
2	169.16	36600
2	201.17	36600
2	237.74	36600
2	277.37	36600
3	0	36600
3	51.82	36600
3	106.68	36600
3	154.84	36600
3	211.23	36600
3	267.61	36600
3	322.48	36600
3	379.48	36600
3	437.39	36600
4	0	36600
4	47.24	36600
4	89.92	36600
4	141.73	36600
1	0	36660
1	35.05	36660
1	70.1	36660
1	108.2	36660
1	140.21	36660
2	0	36660
2	39.62	36660
2	79.25	36660
2	124.97	36660
2	169.16	36660
2	201.17	36660
2	237.74	36660
2	277.37	36660
3	0	36660
3	51.82	36660
3	106.68	36660
3	154.84	36660
3	211.23	36660
3	267.61	36660
3	322.48	36660
3	379.48	36660
3	437.39	36660
4	0	36660
4	47.24	36660
4	89.92	36660
4	141.73	36660
1	0	36720
1	35.05	36720
1	70.1	36720
1	108.2	36720
1	140.21	36720
2	0	36720
2	39.62	36720
2	79.25	36720
2	124.97	36720
2	169.16	36720
2	201.17	36720
2	237.74	36720
2	277.37	36720
3	0	36720
3	51.82	36720
3	106.68	36720
3	154.84	36720
3	211.23	36720
3	267.61	36720
3	322.48	36720
3	379.48	36720
3	437.39	36720
4	0	36720
4	47.24	36720
4	89.92	36720
4	141.73	36720
1	0	36780
1	35.05	36780
1	70.1	36780
1	108.2	36780
1	140.21	36780
2	0	36780
2	39.62	36780
2	79.25	36780
2	124.97	36780
2	169.16	36780
2	201.17	36780
2	237.74	36780
2	277.37	36780
3	0	36780
3	51.82	36780
3	106.68	36780
3	154.84	36780
3	211.23	36780
3	267.61	36780
3	322.48	36780
3	379.48	36780
3	437.39	36780
4	0	36780
4	47.24	36780
4	89.92	36780
4	141.73	36780
1	0	36840
1	35.05	36840
1	70.1	36840
1	108.2	36840
1	140.21	36840
2	0	36840
2	39.62	36840
2	79.25	36840
2	124.97	36840
2	169.16	36840
2	201.17	36840
2	237.74	36840
2	277.37	36840
3	0	36840
3	51.82	36840
3	106.68	36840
3	154.84	36840
3	211.23	36840
3	267.61	36840
3	322.48	36840
3	379.48	36840
3	437.39	36840
4	0	36840
4	47.24	36840
4	89.92	36840
4	141.73	36840
1	0	36900
1	35.05	36900
1	70.1	36900
1	108.2	36900
1	140.21	36900
2	0	36900
2	39.62	36900
2	79.25	36900
2	124.97	36900
2	169.16	36900
2	201.17	36900
2	237.74	36900
2	277.37	36900
3	0	36900
3	51.82	36900
3	106.68	36900
3	154.84	36900
3	211.23	36900
3	267.61	36900
3	322.48	36900
3	379.48	36900
3	437.39	36900
4	0	36900
4	47.24	36900
4	89.92	36900
4	141.73	36900
1	0	36960
1	35.05	36960
1	70.1	36960
1	108.2	36960
1	140.21	36960
2	0	36960
2	39.62	36960
2	79.25	36960
2	124.97	36960
2	169.16	36960
2	201.17	36960
2	237.74	36960
2	277.37	36960
3	0	36960
3	51.82	36960
3	106.68	36960
3	154.84	36960
3	211.23	36960
3	267.61	36960
3	322.48	36960
3	379.48	36960
3	437.39	36960
4	0	36960
4	47.24	36960
4	89.92	36960
4	141.73	36960
1	0	37020
1	35.05	37020
1	70.1	37020
1	108.2	37020
1	140.21	37020
2	0	37020
2	39.62	37020
2	79.25	37020
2	124.97	37020
2	169.16	37020
2	201.17	37020
2	237.74	37020
2	277.37	37020
3	0	37020
3	51.82	37020
3	106.68	37020
3	154.84	37020
3	211.23	37020
3	267.61	37020
3	322.48	37020
3	379.48	37020
3	437.39	37020
4	0	37020
4	47.24	37020
4	89.92	37020
4	141.73	37020
1	0	37080
1	35.05	37080
1	70.1	37080
1	108.2	37080
1	140.21	37080
2	0	37080
2	39.62	37080
2	79.25	37080
2	124.97	37080
2	169.16	37080
2	201.17	37080
2	237.74	37080
2	277.37	37080
3	0	37080
3	51.82	37080
3	106.68	37080
3	154.84	37080
3	211.23	37080
3	267.61	37080
3	322.48	37080
3	379.48	37080
3	437.39	37080
4	0	37080
4	47.24	37080
4	89.92	37080
4	141.73	37080
1	0	37140
1	35.05	37140
1	70.1	37140
1	108.2	37140
1	140.21	37140
2	0	37140
2	39.62	37140
2	79.25	37140
2	124.97	37140
2	169.16	37140
2	201.17	37140
2	237.74	37140
2	277.37	37140
3	0	37140
3	51.82	37140
3	106.68	37140
3	154.84	37140
3	211.23	37140
3	267.61	37140
3	322.48	37140
3	379.48	37140
3	437.39	37140
4	0	37140
4	47.24	37140
4	89.92	37140
4	141.73	37140
1	0	37200
1	35.05	37200
1	70.1	37200
1	108.2	37200
1	140.21	37200
2	0	37200
2	39.62	37200
2	79.25	37200
2	124.97	37200
2	169.16	37200
2	201.17	37200
2	237.74	37200
2	277.37	37200
3	0	37200
3	51.82	37200
3	106.68	37200
3	154.84	37200
3	211.23	37200
3	267.61	37200
3	322.48	37200
3	379.48	37200
3	437.39	37200
4	0	37200
4	47.24	37200
4	89.92	37200
4	141.73	37200
1	0	37260
1	35.05	37260
1	70.1	37260
1	108.2	37260
1	140.21	37260
2	0	37260
2	39.62	37260
2	79.25	37260
2	124.97	37260
2	169.16	37260
2	201.17	37260
2	237.74	37260
2	277.37	37260
3	0	37260
3	51.82	37260
3	106.68	37260
3	154.84	37260
3	211.23	37260
3	267.61	37260
3	322.48	37260
3	379.48	37260
3	437.39	37260
4	0	37260
4	47.24	37260
4	89.92	37260
4	141.73	37260
1	0	37320
1	35.05	37320
1	70.1	37320
1	108.2	37320
1	140.21	37320
2	0	37320
2	39.62	37320
2	79.25	37320
2	124.97	37320
2	169.16	37320
2	201.17	37320
2	237.74	37320
2	277.37	37320
3	0	37320
3	51.82	37320
3	106.68	37320
3	154.84	37320
3	211.23	37320
3	267.61	37320
3	322.48	37320
3	379.48	37320
3	437.39	37320
4	0	37320
4	47.24	37320
4	89.92	37320
4	141.73	37320
1	0	37380
1	35.05	37380
1	70.1	37380
1	108.2	37380
1	140.21	37380
2	0	37380
2	39.62	37380
2	79.25	37380
2	124.97	37380
2	169.16	37380
2	201.17	37380
2	237.74	37380
2	277.37	37380
3	0	37380
3	51.82	37380
3	106.68	37380
3	154.84	37380
3	211.23	37380
3	267.61	37380
3	322.48	37380
3	379.48	37380
3	437.39	37380
4	0	37380
4	47.24	37380
4	89.92	37380
4	141.73	37380
1	0	37440
1	35.05	37440
1	70.1	37440
1	108.2	37440
1	140.21	37440
2	0	37440
2	39.62	37440
2	79.25	37440
2	124.97	37440
2	169.16	37440
2	201.17	37440
2	237.74	37440
2	277.37	37440
3	0	37440
3	51.82	37440
3	106.68	37440
3	154.84	37440
3	211.23	37440
3	267.61	37440
3	322.48	37440
3	379.48	37440
3	437.39	37440
4	0	37440
4	47.24	37440
4	89.92	37440
4	141.73	37440
1	0	37500
1	35.05	37500
1	70.1	37500
1	108.2	37500
1	140.21	37500
2	0	37500
2	39.62	37500
2	79.25	37500
2	124.97	37500
2	169.16	37500
2	201.17	37500
2	237.74	37500
2	277.37	37500
3	0	37500
3	51.82	37500
3	106.68	37500
3	154.84	37500
3	211.23	37500
3	267.61	37500
3	322.48	37500
3	379.48	37500
3	437.39	37500
4	0	37500
4	47.24	37500
4	89.92	37500
4	141.73	37500
1	0	37560
1	35.05	37560
1	70.1	37560
1	108.2	37560
1	140.21	37560
2	0	37560
2	39.62	37560
2	79.25	37560
2	124.97	37560
2	169.16	37560
2	201.17	37560
2	237.74	37560
2	277.37	37560
3	0	37560
3	51.82	37560
3	106.68	37560
3	154.84	37560
3	211.23	37560
3	267.61	37560
3	322.48	37560
3	379.48	37560
3	437.39	37560
4	0	37560
4	47.24	37560
4	89.92	37560
4	141.73	37560
1	0	37620
1	35.05	37620
1	70.1	37620
1	108.2	37620
1	140.21	37620
2	0	37620
2	39.62	37620
2	79.25	37620
2	124.97	37620
2	169.16	37620
2	201.17	37620
2	237.74	37620
2	277.37	37620
3	0	37620
3	51.82	37620
3	106.68	37620
3	154.84	37620
3	211.23	37620
3	267.61	37620
3	322.48	37620
3	379.48	37620
3	437.39	37620
4	0	37620
4	47.24	37620
4	89.92	37620
4	141.73	37620
1	0	37680
1	35.05	37680
1	70.1	37680
1	108.2	37680
1	140.21	37680
2	0	37680
2	39.62	37680
2	79.25	37680
2	124.97	37680
2	169.16	37680
2	201.17	37680
2	237.74	37680
2	277.37	37680
3	0	37680
3	51.82	37680
3	106.68	37680
3	154.84	37680
3	211.23	37680
3	267.61	37680
3	322.48	37680
3	379.48	37680
3	437.39	37680
4	0	37680
4	47.24	37680
4	89.92	37680
4	141.73	37680
1	0	37740
1	35.05	37740
1	70.1	37740
1	108.2	37740
1	140.21	37740
2	0	37740
2	39.62	37740
2	79.25	37740
2	124.97	37740
2	169.16	37740
2	201.17	37740
2	237.74	37740
2	277.37	37740
3	0	37740
3	51.82	37740
3	106.68	37740
3	154.84	37740
3	211.23	37740
3	267.61	37740
3	322.48	37740
3	379.48	37740
3	437.39	37740
4	0	37740
4	47.24	37740
4	89.92	37740
4	141.73	37740
1	0	37800
1	35.05	37800
1	70.1	37800
1	108.2	37800
1	140.21	37800
2	0	37800
2	39.62	37800
2	79.25	37800
2	124.97	37800
2	169.16	37800
2	201.17	37800
2	237.74	37800
2	277.37	37800
3	0	37800
3	51.82	37800
3	106.68	37800
3	154.84	37800
3	211.23	37800
3	267.61	37800
3	322.48	37800
3	379.48	37800
3	437.39	37800
4	0	37800
4	47.24	37800
4	89.92	37800
4	141.73	37800
1	0	37860
1	35.05	37860
1	70.1	37860
1	108.2	37860
1	140.21	37860
2	0	37860
2	39.62	37860
2	79.25	37860
2	124.97	37860
2	169.16	37860
2	201.17	37860
2	237.74	37860
2	277.37	37860
3	0	37860
3	51.82	37860
3	106.68	37860
3	154.84	37860
3	211.23	37860
3	267.61	37860
3	322.48	37860
3	379.48	37860
3	437.39	37860
4	0	37860
4	47.24	37860
4	89.92	37860
4	141.73	37860
1	0	37920
1	35.05	37920
1	70.1	37920
1	108.2	37920
1	140.21	37920
2	0	37920
2	39.62	37920
2	79.25	37920
2	124.97	37920
2	169.16	37920
2	201.17	37920
2	237.74	37920
2	277.37	37920
3	0	37920
3	51.82	37920
3	106.68	37920
3	154.84	37920
3	211.23	37920
3	267.61	37920
3	322.48	37920
3	379.48	37920
3	437.39	37920
4	0	37920
4	47.24	37920
4	89.92	37920
4	141.73	37920
1	0	37980
1	35.05	37980
1	70.1	37980
1	108.2	37980
1	140.21	37980
2	0	37980
2	39.62	37980
2	79.25	37980
2	124.97	37980
2	169.16	37980
2	201.17	37980
2	237.74	37980
2	277.37	37980
3	0	37980
3	51.82	37980
3	106.68	37980
3	154.84	37980
3	211.23	37980
3	267.61	37980
3	322.48	37980
3	379.48	37980
3	437.39	37980
4	0	37980
4	47.24	37980
4	89.92	37980
4	141.73	37980
1	0	38040
1	35.05	38040
1	70.1	38040
1	108.2	38040
1	140.21	38040
2	0	38040
2	39.62	38040
2	79.25	38040
2	124.97	38040
2	169.16	38040
2	201.17	38040
2	237.74	38040
2	277.37	38040
3	0	38040
3	51.82	38040
3	106.68	38040
3	154.84	38040
3	211.23	38040
3	267.61	38040
3	322.48	38040
3	379.48	38040
3	437.39	38040
4	0	38040
4	47.24	38040
4	89.92	38040
4	141.73	38040
1	0	38100
1	35.05	38100
1	70.1	38100
1	108.2	38100
1	140.21	38100
2	0	38100
2	39.62	38100
2	79.25	38100
2	124.97	38100
2	169.16	38100
2	201.17	38100
2	237.74	38100
2	277.37	38100
3	0	38100
3	51.82	38100
3	106.68	38100
3	154.84	38100
3	211.23	38100
3	267.61	38100
3	322.48	38100
3	379.48	38100
3	437.39	38100
4	0	38100
4	47.24	38100
4	89.92	38100
4	141.73	38100
1	0	38160
1	35.05	38160
1	70.1	38160
1	108.2	38160
1	140.21	38160
2	0	38160
2	39.62	38160
2	79.25	38160
2	124.97	38160
2	169.16	38160
2	201.17	38160
2	237.74	38160
2	277.37	38160
3	0	38160
3	51.82	38160
3	106.68	38160
3	154.84	38160
3	211.23	38160
3	267.61	38160
3	322.48	38160
3	379.48	38160
3	437.39	38160
4	0	38160
4	47.24	38160
4	89.92	38160
4	141.73	38160
1	0	38220
1	35.05	38220
1	70.1	38220
1	108.2	38220
1	140.21	38220
2	0	38220
2	39.62	38220
2	79.25	38220
2	124.97	38220
2	169.16	38220
2	201.17	38220
2	237.74	38220
2	277.37	38220
3	0	38220
3	51.82	38220
3	106.68	38220
3	154.84	38220
3	211.23	38220
3	267.61	38220
3	322.48	38220
3	379.48	38220
3	437.39	38220
4	0	38220
4	47.24	38220
4	89.92	38220
4	141.73	38220
1	0	38280
1	35.05	38280
1	70.1	38280
1	108.2	38280
1	140.21	38280
2	0	38280
2	39.62	38280
2	79.25	38280
2	124.97	38280
2	169.16	38280
2	201.17	38280
2	237.74	38280
2	277.37	38280
3	0	38280
3	51.82	38280
3	106.68	38280
3	154.84	38280
3	211.23	38280
3	267.61	38280
3	322.48	38280
3	379.48	38280
3	437.39	38280
4	0	38280
4	47.24	38280
4	89.92	38280
4	141.73	38280
1	0	38340
1	35.05	38340
1	70.1	38340
1	108.2	38340
1	140.21	38340
2	0	38340
2	39.62	38340
2	79.25	38340
2	124.97	38340
2	169.16	38340
2	201.17	38340
2	237.74	38340
2	277.37	38340
3	0	38340
3	51.82	38340
3	106.68	38340
3	154.84	38340
3	211.23	38340
3	267.61	38340
3	322.48	38340
3	379.48	38340
3	437.39	38340
4	0	38340
4	47.24	38340
4	89.92	38340
4	141.73	38340
1	0	38400
1	35.05	38400
1	70.1	38400
1	108.2	38400
1	140.21	38400
2	0	38400
2	39.62	38400
2	79.25	38400
2	124.97	38400
2	169.16	38400
2	201.17	38400
2	237.74	38400
2	277.37	38400
3	0	38400
3	51.82	38400
3	106.68	38400
3	154.84	38400
3	211.23	38400
3	267.61	38400
3	322.48	38400
3	379.48	38400
3	437.39	38400
4	0	38400
4	47.24	38400
4	89.92	38400
4	141.73	38400
1	0	38460
1	35.05	38460
1	70.1	38460
1	108.2	38460
1	140.21	38460
2	0	38460
2	39.62	38460
2	79.25	38460
2	124.97	38460
2	169.16	38460
2	201.17	38460
2	237.74	38460
2	277.37	38460
3	0	38460
3	51.82	38460
3	106.68	38460
3	154.84	38460
3	211.23	38460
3	267.61	38460
3	322.48	38460
3	379.48	38460
3	437.39	38460
4	0	38460
4	47.24	38460
4	89.92	38460
4	141.73	38460
1	0	38520
1	35.05	38520
1	70.1	38520
1	108.2	38520
1	140.21	38520
2	0	38520
2	39.62	38520
2	79.25	38520
2	124.97	38520
2	169.16	38520
2	201.17	38520
2	237.74	38520
2	277.37	38520
3	0	38520
3	51.82	38520
3	106.68	38520
3	154.84	38520
3	211.23	38520
3	267.61	38520
3	322.48	38520
3	379.48	38520
3	437.39	38520
4	0	38520
4	47.24	38520
4	89.92	38520
4	141.73	38520
1	0	38580
1	35.05	38580
1	70.1	38580
1	108.2	38580
1	140.21	38580
2	0	38580
2	39.62	38580
2	79.25	38580
2	124.97	38580
2	169.16	38580
2	201.17	38580
2	237.74	38580
2	277.37	38580
3	0	38580
3	51.82	38580
3	106.68	38580
3	154.84	38580
3	211.23	38580
3	267.61	38580
3	322.48	38580
3	379.48	38580
3	437.39	38580
4	0	38580
4	47.24	38580
4	89.92	38580
4	141.73	38580
1	0	38640
1	35.05	38640
1	70.1	38640
1	108.2	38640
1	140.21	38640
2	0	38640
2	39.62	38640
2	79.25	38640
2	124.97	38640
2	169.16	38640
2	201.17	38640
2	237.74	38640
2	277.37	38640
3	0	38640
3	51.82	38640
3	106.68	38640
3	154.84	38640
3	211.23	38640
3	267.61	38640
3	322.48	38640
3	379.48	38640
3	437.39	38640
4	0	38640
4	47.24	38640
4	89.92	38640
4	141.73	38640
1	0	38700
1	35.05	38700
1	70.1	38700
1	108.2	38700
1	140.21	38700
2	0	38700
2	39.62	38700
2	79.25	38700
2	124.97	38700
2	169.16	38700
2	201.17	38700
2	237.74	38700
2	277.37	38700
3	0	38700
3	51.82	38700
3	106.68	38700
3	154.84	38700
3	211.23	38700
3	267.61	38700
3	322.48	38700
3	379.48	38700
3	437.39	38700
4	0	38700
4	47.24	38700
4	89.92	38700
4	141.73	38700
1	0	38760
1	35.05	38760
1	70.1	38760
1	108.2	38760
1	140.21	38760
2	0	38760
2	39.62	38760
2	79.25	38760
2	124.97	38760
2	169.16	38760
2	201.17	38760
2	237.74	38760
2	277.37	38760
3	0	38760
3	51.82	38760
3	106.68	38760
3	154.84	38760
3	211.23	38760
3	267.61	38760
3	322.48	38760
3	379.48	38760
3	437.39	38760
4	0	38760
4	47.24	38760
4	89.92	38760
4	141.73	38760
1	0	38820
1	35.05	38820
1	70.1	38820
1	108.2	38820
1	140.21	38820
2	0	38820
2	39.62	38820
2	79.25	38820
2	124.97	38820
2	169.16	38820
2	201.17	38820
2	237.74	38820
2	277.37	38820
3	0	38820
3	51.82	38820
3	106.68	38820
3	154.84	38820
3	211.23	38820
3	267.61	38820
3	322.48	38820
3	379.48	38820
3	437.39	38820
4	0	38820
4	47.24	38820
4	89.92	38820
4	141.73	38820
1	0	38880
1	35.05	38880
1	70.1	38880
1	108.2	38880
1	140.21	38880
2	0	38880
2	39.62	38880
2	79.25	38880
2	124.97	38880
2	169.16	38880
2	201.17	38880
2	237.74	38880
2	277.37	38880
3	0	38880
3	51.82	38880
3	106.68	38880
3	154.84	38880
3	211.23	38880
3	267.61	38880
3	322.48	38880
3	379.48	38880
3	437.39	38880
4	0	38880
4	47.24	38880
4	89.92	38880
4	141.73	38880
1	0	38940
1	35.05	38940
1	70.1	38940
1	108.2	38940
1	140.21	38940
2	0	38940
2	39.62	38940
2	79.25	38940
2	124.97	38940
2	169.16	38940
2	201.17	38940
2	237.74	38940
2	277.37	38940
3	0	38940
3	51.82	38940
3	106.68	38940
3	154.84	38940
3	211.23	38940
3	267.61	38940
3	322.48	38940
3	379.48	38940
3	437.39	38940
4	0	38940
4	47.24	38940
4	89.92	38940
4	141.73	38940
1	0	39000
1	35.05	39000
1	70.1	39000
1	108.2	39000
1	140.21	39000
2	0	39000
2	39.62	39000
2	79.25	39000
2	124.97	39000
2	169.16	39000
2	201.17	39000
2	237.74	39000
2	277.37	39000
3	0	39000
3	51.82	39000
3	106.68	39000
3	154.84	39000
3	211.23	39000
3	267.61	39000
3	322.48	39000
3	379.48	39000
3	437.39	39000
4	0	39000
4	47.24	39000
4	89.92	39000
4	141.73	39000
1	0	39060
1	35.05	39060
1	70.1	39060
1	108.2	39060
1	140.21	39060
2	0	39060
2	39.62	39060
2	79.25	39060
2	124.97	39060
2	169.16	39060
2	201.17	39060
2	237.74	39060
2	277.37	39060
3	0	39060
3	51.82	39060
3	106.68	39060
3	154.84	39060
3	211.23	39060
3	267.61	39060
3	322.48	39060
3	379.48	39060
3	437.39	39060
4	0	39060
4	47.24	39060
4	89.92	39060
4	141.73	39060
1	0	39120
1	35.05	39120
1	70.1	39120
1	108.2	39120
1	140.21	39120
2	0	39120
2	39.62	39120
2	79.25	39120
2	124.97	39120
2	169.16	39120
2	201.17	39120
2	237.74	39120
2	277.37	39120
3	0	39120
3	51.82	39120
3	106.68	39120
3	154.84	39120
3	211.23	39120
3	267.61	39120
3	322.48	39120
3	379.48	39120
3	437.39	39120
4	0	39120
4	47.24	39120
4	89.92	39120
4	141.73	39120
1	0	39180
1	35.05	39180
1	70.1	39180
1	108.2	39180
1	140.21	39180
2	0	39180
2	39.62	39180
2	79.25	39180
2	124.97	39180
2	169.16	39180
2	201.17	39180
2	237.74	39180
2	277.37	39180
3	0	39180
3	51.82	39180
3	106.68	39180
3	154.84	39180
3	211.23	39180
3	267.61	39180
3	322.48	39180
3	379.48	39180
3	437.39	39180
4	0	39180
4	47.24	39180
4	89.92	39180
4	141.73	39180
1	0	39240
1	35.05	39240
1	70.1	39240
1	108.2	39240
1	140.21	39240
2	0	39240
2	39.62	39240
2	79.25	39240
2	124.97	39240
2	169.16	39240
2	201.17	39240
2	237.74	39240
2	277.37	39240
3	0	39240
3	51.82	39240
3	106.68	39240
3	154.84	39240
3	211.23	39240
3	267.61	39240
3	322.48	39240
3	379.48	39240
3	437.39	39240
4	0	39240
4	47.24	39240
4	89.92	39240
4	141.73	39240
1	0	39300
1	35.05	39300
1	70.1	39300
1	108.2	39300
1	140.21	39300
2	0	39300
2	39.62	39300
2	79.25	39300
2	124.97	39300
2	169.16	39300
2	201.17	39300
2	237.74	39300
2	277.37	39300
3	0	39300
3	51.82	39300
3	106.68	39300
3	154.84	39300
3	211.23	39300
3	267.61	39300
3	322.48	39300
3	379.48	39300
3	437.39	39300
4	0	39300
4	47.24	39300
4	89.92	39300
4	141.73	39300
1	0	39360
1	35.05	39360
1	70.1	39360
1	108.2	39360
1	140.21	39360
2	0	39360
2	39.62	39360
2	79.25	39360
2	124.97	39360
2	169.16	39360
2	201.17	39360
2	237.74	39360
2	277.37	39360
3	0	39360
3	51.82	39360
3	106.68	39360
3	154.84	39360
3	211.23	39360
3	267.61	39360
3	322.48	39360
3	379.48	39360
3	437.39	39360
4	0	39360
4	47.24	39360
4	89.92	39360
4	141.73	39360
1	0	39420
1	35.05	39420
1	70.1	39420
1	108.2	39420
1	140.21	39420
2	0	39420
2	39.62	39420
2	79.25	39420
2	124.97	39420
2	169.16	39420
2	201.17	39420
2	237.74	39420
2	277.37	39420
3	0	39420
3	51.82	39420
3	106.68	39420
3	154.84	39420
3	211.23	39420
3	267.61	39420
3	322.48	39420
3	379.48	39420
3	437.39	39420
4	0	39420
4	47.24	39420
4	89.92	39420
4	141.73	39420
1	0	39480
1	35.05	39480
1	70.1	39480
1	108.2	39480
1	140.21	39480
2	0	39480
2	39.62	39480
2	79.25	39480
2	124.97	39480
2	169.16	39480
2	201.17	39480
2	237.74	39480
2	277.37	39480
3	0	39480
3	51.82	39480
3	106.68	39480
3	154.84	39480
3	211.23	39480
3	267.61	39480
3	322.48	39480
3	379.48	39480
3	437.39	39480
4	0	39480
4	47.24	39480
4	89.92	39480
4	141.73	39480
1	0	39540
1	35.05	39540
1	70.1	39540
1	108.2	39540
1	140.21	39540
2	0	39540
2	39.62	39540
2	79.25	39540
2	124.97	39540
2	169.16	39540
2	201.17	39540
2	237.74	39540
2	277.37	39540
3	0	39540
3	51.82	39540
3	106.68	39540
3	154.84	39540
3	211.23	39540
3	267.61	39540
3	322.48	39540
3	379.48	39540
3	437.39	39540
4	0	39540
4	47.24	39540
4	89.92	39540
4	141.73	39540
1	0	39600
1	35.05	39600
1	70.1	39600
1	108.2	39600
1	140.21	39600
2	0	39600
2	39.62	39600
2	79.25	39600
2	124.97	39600
2	169.16	39600
2	201.17	39600
2	237.74	39600
2	277.37	39600
3	0	39600
3	51.82	39600
3	106.68	39600
3	154.84	39600
3	211.23	39600
3	267.61	39600
3	322.48	39600
3	379.48	39600
3	437.39	39600
4	0	39600
4	47.24	39600
4	89.92	39600
4	141.73	39600
1	0	39660
1	35.05	39660
1	70.1	39660
1	108.2	39660
1	140.21	39660
2	0	39660
2	39.62	39660
2	79.25	39660
2	124.97	39660
2	169.16	39660
2	201.17	39660
2	237.74	39660
2	277.37	39660
3	0	39660
3	51.82	39660
3	106.68	39660
3	154.84	39660
3	211.23	39660
3	267.61	39660
3	322.48	39660
3	379.48	39660
3	437.39	39660
4	0	39660
4	47.24	39660
4	89.92	39660
4	141.73	39660
1	0	39720
1	35.05	39720
1	70.1	39720
1	108.2	39720
1	140.21	39720
2	0	39720
2	39.62	39720
2	79.25	39720
2	124.97	39720
2	169.16	39720
2	201.17	39720
2	237.74	39720
2	277.37	39720
3	0	39720
3	51.82	39720
3	106.68	39720
3	154.84	39720
3	211.23	39720
3	267.61	39720
3	322.48	39720
3	379.48	39720
3	437.39	39720
4	0	39720
4	47.24	39720
4	89.92	39720
4	141.73	39720
1	0	39780
1	35.05	39780
1	70.1	39780
1	108.2	39780
1	140.21	39780
2	0	39780
2	39.62	39780
2	79.25	39780
2	124.97	39780
2	169.16	39780
2	201.17	39780
2	237.74	39780
2	277.37	39780
3	0	39780
3	51.82	39780
3	106.68	39780
3	154.84	39780
3	211.23	39780
3	267.61	39780
3	322.48	39780
3	379.48	39780
3	437.39	39780
4	0	39780
4	47.24	39780
4	89.92	39780
4	141.73	39780
1	0	39840
1	35.05	39840
1	70.1	39840
1	108.2	39840
1	140.21	39840
2	0	39840
2	39.62	39840
2	79.25	39840
2	124.97	39840
2	169.16	39840
2	201.17	39840
2	237.74	39840
2	277.37	39840
3	0	39840
3	51.82	39840
3	106.68	39840
3	154.84	39840
3	211.23	39840
3	267.61	39840
3	322.48	39840
3	379.48	39840
3	437.39	39840
4	0	39840
4	47.24	39840
4	89.92	39840
4	141.73	39840
1	0	39900
1	35.05	39900
1	70.1	39900
1	108.2	39900
1	140.21	39900
2	0	39900
2	39.62	39900
2	79.25	39900
2	124.97	39900
2	169.16	39900
2	201.17	39900
2	237.74	39900
2	277.37	39900
3	0	39900
3	51.82	39900
3	106.68	39900
3	154.84	39900
3	211.23	39900
3	267.61	39900
3	322.48	39900
3	379.48	39900
3	437.39	39900
4	0	39900
4	47.24	39900
4	89.92	39900
4	141.73	39900
1	0	39960
1	35.05	39960
1	70.1	39960
1	108.2	39960
1	140.21	39960
2	0	39960
2	39.62	39960
2	79.25	39960
2	124.97	39960
2	169.16	39960
2	201.17	39960
2	237.74	39960
2	277.37	39960
3	0	39960
3	51.82	39960
3	106.68	39960
3	154.84	39960
3	211.23	39960
3	267.61	39960
3	322.48	39960
3	379.48	39960
3	437.39	39960
4	0	39960
4	47.24	39960
4	89.92	39960
4	141.73	39960
1	0	40020
1	35.05	40020
1	70.1	40020
1	108.2	40020
1	140.21	40020
2	0	40020
2	39.62	40020
2	79.25	40020
2	124.97	40020
2	169.16	40020
2	201.17	40020
2	237.74	40020
2	277.37	40020
3	0	40020
3	51.82	40020
3	106.68	40020
3	154.84	40020
3	211.23	40020
3	267.61	40020
3	322.48	40020
3	379.48	40020
3	437.39	40020
4	0	40020
4	47.24	40020
4	89.92	40020
4	141.73	40020
1	0	40080
1	35.05	40080
1	70.1	40080
1	108.2	40080
1	140.21	40080
2	0	40080
2	39.62	40080
2	79.25	40080
2	124.97	40080
2	169.16	40080
2	201.17	40080
2	237.74	40080
2	277.37	40080
3	0	40080
3	51.82	40080
3	106.68	40080
3	154.84	40080
3	211.23	40080
3	267.61	40080
3	322.48	40080
3	379.48	40080
3	437.39	40080
4	0	40080
4	47.24	40080
4	89.92	40080
4	141.73	40080
1	0	40140
1	35.05	40140
1	70.1	40140
1	108.2	40140
1	140.21	40140
2	0	40140
2	39.62	40140
2	79.25	40140
2	124.97	40140
2	169.16	40140
2	201.17	40140
2	237.74	40140
2	277.37	40140
3	0	40140
3	51.82	40140
3	106.68	40140
3	154.84	40140
3	211.23	40140
3	267.61	40140
3	322.48	40140
3	379.48	40140
3	437.39	40140
4	0	40140
4	47.24	40140
4	89.92	40140
4	141.73	40140
1	0	40200
1	35.05	40200
1	70.1	40200
1	108.2	40200
1	140.21	40200
2	0	40200
2	39.62	40200
2	79.25	40200
2	124.97	40200
2	169.16	40200
2	201.17	40200
2	237.74	40200
2	277.37	40200
3	0	40200
3	51.82	40200
3	106.68	40200
3	154.84	40200
3	211.23	40200
3	267.61	40200
3	322.48	40200
3	379.48	40200
3	437.39	40200
4	0	40200
4	47.24	40200
4	89.92	40200
4	141.73	40200
1	0	40260
1	35.05	40260
1	70.1	40260
1	108.2	40260
1	140.21	40260
2	0	40260
2	39.62	40260
2	79.25	40260
2	124.97	40260
2	169.16	40260
2	201.17	40260
2	237.74	40260
2	277.37	40260
3	0	40260
3	51.82	40260
3	106.68	40260
3	154.84	40260
3	211.23	40260
3	267.61	40260
3	322.48	40260
3	379.48	40260
3	437.39	40260
4	0	40260
4	47.24	40260
4	89.92	40260
4	141.73	40260
1	0	40320
1	35.05	40320
1	70.1	40320
1	108.2	40320
1	140.21	40320
2	0	40320
2	39.62	40320
2	79.25	40320
2	124.97	40320
2	169.16	40320
2	201.17	40320
2	237.74	40320
2	277.37	40320
3	0	40320
3	51.82	40320
3	106.68	40320
3	154.84	40320
3	211.23	40320
3	267.61	40320
3	322.48	40320
3	379.48	40320
3	437.39	40320
4	0	40320
4	47.24	40320
4	89.92	40320
4	141.73	40320
1	0	40380
1	35.05	40380
1	70.1	40380
1	108.2	40380
1	140.21	40380
2	0	40380
2	39.62	40380
2	79.25	40380
2	124.97	40380
2	169.16	40380
2	201.17	40380
2	237.74	40380
2	277.37	40380
3	0	40380
3	51.82	40380
3	106.68	40380
3	154.84	40380
3	211.23	40380
3	267.61	40380
3	322.48	40380
3	379.48	40380
3	437.39	40380
4	0	40380
4	47.24	40380
4	89.92	40380
4	141.73	40380
1	0	40440
1	35.05	40440
1	70.1	40440
1	108.2	40440
1	140.21	40440
2	0	40440
2	39.62	40440
2	79.25	40440
2	124.97	40440
2	169.16	40440
2	201.17	40440
2	237.74	40440
2	277.37	40440
3	0	40440
3	51.82	40440
3	106.68	40440
3	154.84	40440
3	211.23	40440
3	267.61	40440
3	322.48	40440
3	379.48	40440
3	437.39	40440
4	0	40440
4	47.24	40440
4	89.92	40440
4	141.73	40440
1	0	40500
1	35.05	40500
1	70.1	40500
1	108.2	40500
1	140.21	40500
2	0	40500
2	39.62	40500
2	79.25	40500
2	124.97	40500
2	169.16	40500
2	201.17	40500
2	237.74	40500
2	277.37	40500
3	0	40500
3	51.82	40500
3	106.68	40500
3	154.84	40500
3	211.23	40500
3	267.61	40500
3	322.48	40500
3	379.48	40500
3	437.39	40500
4	0	40500
4	47.24	40500
4	89.92	40500
4	141.73	40500
1	0	40560
1	35.05	40560
1	70.1	40560
1	108.2	40560
1	140.21	40560
2	0	40560
2	39.62	40560
2	79.25	40560
2	124.97	40560
2	169.16	40560
2	201.17	40560
2	237.74	40560
2	277.37	40560
3	0	40560
3	51.82	40560
3	106.68	40560
3	154.84	40560
3	211.23	40560
3	267.61	40560
3	322.48	40560
3	379.48	40560
3	437.39	40560
4	0	40560
4	47.24	40560
4	89.92	40560
4	141.73	40560
1	0	40620
1	35.05	40620
1	70.1	40620
1	108.2	40620
1	140.21	40620
2	0	40620
2	39.62	40620
2	79.25	40620
2	124.97	40620
2	169.16	40620
2	201.17	40620
2	237.74	40620
2	277.37	40620
3	0	40620
3	51.82	40620
3	106.68	40620
3	154.84	40620
3	211.23	40620
3	267.61	40620
3	322.48	40620
3	379.48	40620
3	437.39	40620
4	0	40620
4	47.24	40620
4	89.92	40620
4	141.73	40620
1	0	40680
1	35.05	40680
1	70.1	40680
1	108.2	40680
1	140.21	40680
2	0	40680
2	39.62	40680
2	79.25	40680
2	124.97	40680
2	169.16	40680
2	201.17	40680
2	237.74	40680
2	277.37	40680
3	0	40680
3	51.82	40680
3	106.68	40680
3	154.84	40680
3	211.23	40680
3	267.61	40680
3	322.48	40680
3	379.48	40680
3	437.39	40680
4	0	40680
4	47.24	40680
4	89.92	40680
4	141.73	40680
1	0	40740
1	35.05	40740
1	70.1	40740
1	108.2	40740
1	140.21	40740
2	0	40740
2	39.62	40740
2	79.25	40740
2	124.97	40740
2	169.16	40740
2	201.17	40740
2	237.74	40740
2	277.37	40740
3	0	40740
3	51.82	40740
3	106.68	40740
3	154.84	40740
3	211.23	40740
3	267.61	40740
3	322.48	40740
3	379.48	40740
3	437.39	40740
4	0	40740
4	47.24	40740
4	89.92	40740
4	141.73	40740
1	0	40800
1	35.05	40800
1	70.1	40800
1	108.2	40800
1	140.21	40800
2	0	40800
2	39.62	40800
2	79.25	40800
2	124.97	40800
2	169.16	40800
2	201.17	40800
2	237.74	40800
2	277.37	40800
3	0	40800
3	51.82	40800
3	106.68	40800
3	154.84	40800
3	211.23	40800
3	267.61	40800
3	322.48	40800
3	379.48	40800
3	437.39	40800
4	0	40800
4	47.24	40800
4	89.92	40800
4	141.73	40800
1	0	40860
1	35.05	40860
1	70.1	40860
1	108.2	40860
1	140.21	40860
2	0	40860
2	39.62	40860
2	79.25	40860
2	124.97	40860
2	169.16	40860
2	201.17	40860
2	237.74	40860
2	277.37	40860
3	0	40860
3	51.82	40860
3	106.68	40860
3	154.84	40860
3	211.23	40860
3	267.61	40860
3	322.48	40860
3	379.48	40860
3	437.39	40860
4	0	40860
4	47.24	40860
4	89.92	40860
4	141.73	40860
1	0	40920
1	35.05	40920
1	70.1	40920
1	108.2	40920
1	140.21	40920
2	0	40920
2	39.62	40920
2	79.25	40920
2	124.97	40920
2	169.16	40920
2	201.17	40920
2	237.74	40920
2	277.37	40920
3	0	40920
3	51.82	40920
3	106.68	40920
3	154.84	40920
3	211.23	40920
3	267.61	40920
3	322.48	40920
3	379.48	40920
3	437.39	40920
4	0	40920
4	47.24	40920
4	89.92	40920
4	141.73	40920
1	0	40980
1	35.05	40980
1	70.1	40980
1	108.2	40980
1	140.21	40980
2	0	40980
2	39.62	40980
2	79.25	40980
2	124.97	40980
2	169.16	40980
2	201.17	40980
2	237.74	40980
2	277.37	40980
3	0	40980
3	51.82	40980
3	106.68	40980
3	154.84	40980
3	211.23	40980
3	267.61	40980
3	322.48	40980
3	379.48	40980
3	437.39	40980
4	0	40980
4	47.24	40980
4	89.92	40980
4	141.73	40980
1	0	41040
1	35.05	41040
1	70.1	41040
1	108.2	41040
1	140.21	41040
2	0	41040
2	39.62	41040
2	79.25	41040
2	124.97	41040
2	169.16	41040
2	201.17	41040
2	237.74	41040
2	277.37	41040
3	0	41040
3	51.82	41040
3	106.68	41040
3	154.84	41040
3	211.23	41040
3	267.61	41040
3	322.48	41040
3	379.48	41040
3	437.39	41040
4	0	41040
4	47.24	41040
4	89.92	41040
4	141.73	41040
1	0	41100
1	35.05	41100
1	70.1	41100
1	108.2	41100
1	140.21	41100
2	0	41100
2	39.62	41100
2	79.25	41100
2	124.97	41100
2	169.16	41100
2	201.17	41100
2	237.74	41100
2	277.37	41100
3	0	41100
3	51.82	41100
3	106.68	41100
3	154.84	41100
3	211.23	41100
3	267.61	41100
3	322.48	41100
3	379.48	41100
3	437.39	41100
4	0	41100
4	47.24	41100
4	89.92	41100
4	141.73	41100
1	0	41160
1	35.05	41160
1	70.1	41160
1	108.2	41160
1	140.21	41160
2	0	41160
2	39.62	41160
2	79.25	41160
2	124.97	41160
2	169.16	41160
2	201.17	41160
2	237.74	41160
2	277.37	41160
3	0	41160
3	51.82	41160
3	106.68	41160
3	154.84	41160
3	211.23	41160
3	267.61	41160
3	322.48	41160
3	379.48	41160
3	437.39	41160
4	0	41160
4	47.24	41160
4	89.92	41160
4	141.73	41160
1	0	41220
1	35.05	41220
1	70.1	41220
1	108.2	41220
1	140.21	41220
2	0	41220
2	39.62	41220
2	79.25	41220
2	124.97	41220
2	169.16	41220
2	201.17	41220
2	237.74	41220
2	277.37	41220
3	0	41220
3	51.82	41220
3	106.68	41220
3	154.84	41220
3	211.23	41220
3	267.61	41220
3	322.48	41220
3	379.48	41220
3	437.39	41220
4	0	41220
4	47.24	41220
4	89.92	41220
4	141.73	41220
1	0	41280
1	35.05	41280
1	70.1	41280
1	108.2	41280
1	140.21	41280
2	0	41280
2	39.62	41280
2	79.25	41280
2	124.97	41280
2	169.16	41280
2	201.17	41280
2	237.74	41280
2	277.37	41280
3	0	41280
3	51.82	41280
3	106.68	41280
3	154.84	41280
3	211.23	41280
3	267.61	41280
3	322.48	41280
3	379.48	41280
3	437.39	41280
4	0	41280
4	47.24	41280
4	89.92	41280
4	141.73	41280
1	0	41340
1	35.05	41340
1	70.1	41340
1	108.2	41340
1	140.21	41340
2	0	41340
2	39.62	41340
2	79.25	41340
2	124.97	41340
2	169.16	41340
2	201.17	41340
2	237.74	41340
2	277.37	41340
3	0	41340
3	51.82	41340
3	106.68	41340
3	154.84	41340
3	211.23	41340
3	267.61	41340
3	322.48	41340
3	379.48	41340
3	437.39	41340
4	0	41340
4	47.24	41340
4	89.92	41340
4	141.73	41340
1	0	41400
1	35.05	41400
1	70.1	41400
1	108.2	41400
1	140.21	41400
2	0	41400
2	39.62	41400
2	79.25	41400
2	124.97	41400
2	169.16	41400
2	201.17	41400
2	237.74	41400
2	277.37	41400
3	0	41400
3	51.82	41400
3	106.68	41400
3	154.84	41400
3	211.23	41400
3	267.61	41400
3	322.48	41400
3	379.48	41400
3	437.39	41400
4	0	41400
4	47.24	41400
4	89.92	41400
4	141.73	41400
1	0	41460
1	35.05	41460
1	70.1	41460
1	108.2	41460
1	140.21	41460
2	0	41460
2	39.62	41460
2	79.25	41460
2	124.97	41460
2	169.16	41460
2	201.17	41460
2	237.74	41460
2	277.37	41460
3	0	41460
3	51.82	41460
3	106.68	41460
3	154.84	41460
3	211.23	41460
3	267.61	41460
3	322.48	41460
3	379.48	41460
3	437.39	41460
4	0	41460
4	47.24	41460
4	89.92	41460
4	141.73	41460
1	0	41520
1	35.05	41520
1	70.1	41520
1	108.2	41520
1	140.21	41520
2	0	41520
2	39.62	41520
2	79.25	41520
2	124.97	41520
2	169.16	41520
2	201.17	41520
2	237.74	41520
2	277.37	41520
3	0	41520
3	51.82	41520
3	106.68	41520
3	154.84	41520
3	211.23	41520
3	267.61	41520
3	322.48	41520
3	379.48	41520
3	437.39	41520
4	0	41520
4	47.24	41520
4	89.92	41520
4	141.73	41520
1	0	41580
1	35.05	41580
1	70.1	41580
1	108.2	41580
1	140.21	41580
2	0	41580
2	39.62	41580
2	79.25	41580
2	124.97	41580
2	169.16	41580
2	201.17	41580
2	237.74	41580
2	277.37	41580
3	0	41580
3	51.82	41580
3	106.68	41580
3	154.84	41580
3	211.23	41580
3	267.61	41580
3	322.48	41580
3	379.48	41580
3	437.39	41580
4	0	41580
4	47.24	41580
4	89.92	41580
4	141.73	41580
1	0	41640
1	35.05	41640
1	70.1	41640
1	108.2	41640
1	140.21	41640
2	0	41640
2	39.62	41640
2	79.25	41640
2	124.97	41640
2	169.16	41640
2	201.17	41640
2	237.74	41640
2	277.37	41640
3	0	41640
3	51.82	41640
3	106.68	41640
3	154.84	41640
3	211.23	41640
3	267.61	41640
3	322.48	41640
3	379.48	41640
3	437.39	41640
4	0	41640
4	47.24	41640
4	89.92	41640
4	141.73	41640
1	0	41700
1	35.05	41700
1	70.1	41700
1	108.2	41700
1	140.21	41700
2	0	41700
2	39.62	41700
2	79.25	41700
2	124.97	41700
2	169.16	41700
2	201.17	41700
2	237.74	41700
2	277.37	41700
3	0	41700
3	51.82	41700
3	106.68	41700
3	154.84	41700
3	211.23	41700
3	267.61	41700
3	322.48	41700
3	379.48	41700
3	437.39	41700
4	0	41700
4	47.24	41700
4	89.92	41700
4	141.73	41700
1	0	41760
1	35.05	41760
1	70.1	41760
1	108.2	41760
1	140.21	41760
2	0	41760
2	39.62	41760
2	79.25	41760
2	124.97	41760
2	169.16	41760
2	201.17	41760
2	237.74	41760
2	277.37	41760
3	0	41760
3	51.82	41760
3	106.68	41760
3	154.84	41760
3	211.23	41760
3	267.61	41760
3	322.48	41760
3	379.48	41760
3	437.39	41760
4	0	41760
4	47.24	41760
4	89.92	41760
4	141.73	41760
1	0	41820
1	35.05	41820
1	70.1	41820
1	108.2	41820
1	140.21	41820
2	0	41820
2	39.62	41820
2	79.25	41820
2	124.97	41820
2	169.16	41820
2	201.17	41820
2	237.74	41820
2	277.37	41820
3	0	41820
3	51.82	41820
3	106.68	41820
3	154.84	41820
3	211.23	41820
3	267.61	41820
3	322.48	41820
3	379.48	41820
3	437.39	41820
4	0	41820
4	47.24	41820
4	89.92	41820
4	141.73	41820
1	0	41880
1	35.05	41880
1	70.1	41880
1	108.2	41880
1	140.21	41880
2	0	41880
2	39.62	41880
2	79.25	41880
2	124.97	41880
2	169.16	41880
2	201.17	41880
2	237.74	41880
2	277.37	41880
3	0	41880
3	51.82	41880
3	106.68	41880
3	154.84	41880
3	211.23	41880
3	267.61	41880
3	322.48	41880
3	379.48	41880
3	437.39	41880
4	0	41880
4	47.24	41880
4	89.92	41880
4	141.73	41880
1	0	41940
1	35.05	41940
1	70.1	41940
1	108.2	41940
1	140.21	41940
2	0	41940
2	39.62	41940
2	79.25	41940
2	124.97	41940
2	169.16	41940
2	201.17	41940
2	237.74	41940
2	277.37	41940
3	0	41940
3	51.82	41940
3	106.68	41940
3	154.84	41940
3	211.23	41940
3	267.61	41940
3	322.48	41940
3	379.48	41940
3	437.39	41940
4	0	41940
4	47.24	41940
4	89.92	41940
4	141.73	41940
1	0	42000
1	35.05	42000
1	70.1	42000
1	108.2	42000
1	140.21	42000
2	0	42000
2	39.62	42000
2	79.25	42000
2	124.97	42000
2	169.16	42000
2	201.17	42000
2	237.74	42000
2	277.37	42000
3	0	42000
3	51.82	42000
3	106.68	42000
3	154.84	42000
3	211.23	42000
3	267.61	42000
3	322.48	42000
3	379.48	42000
3	437.39	42000
4	0	42000
4	47.24	42000
4	89.92	42000
4	141.73	42000
1	0	42060
1	35.05	42060
1	70.1	42060
1	108.2	42060
1	140.21	42060
2	0	42060
2	39.62	42060
2	79.25	42060
2	124.97	42060
2	169.16	42060
2	201.17	42060
2	237.74	42060
2	277.37	42060
3	0	42060
3	51.82	42060
3	106.68	42060
3	154.84	42060
3	211.23	42060
3	267.61	42060
3	322.48	42060
3	379.48	42060
3	437.39	42060
4	0	42060
4	47.24	42060
4	89.92	42060
4	141.73	42060
1	0	42120
1	35.05	42120
1	70.1	42120
1	108.2	42120
1	140.21	42120
2	0	42120
2	39.62	42120
2	79.25	42120
2	124.97	42120
2	169.16	42120
2	201.17	42120
2	237.74	42120
2	277.37	42120
3	0	42120
3	51.82	42120
3	106.68	42120
3	154.84	42120
3	211.23	42120
3	267.61	42120
3	322.48	42120
3	379.48	42120
3	437.39	42120
4	0	42120
4	47.24	42120
4	89.92	42120
4	141.73	42120
1	0	42180
1	35.05	42180
1	70.1	42180
1	108.2	42180
1	140.21	42180
2	0	42180
2	39.62	42180
2	79.25	42180
2	124.97	42180
2	169.16	42180
2	201.17	42180
2	237.74	42180
2	277.37	42180
3	0	42180
3	51.82	42180
3	106.68	42180
3	154.84	42180
3	211.23	42180
3	267.61	42180
3	322.48	42180
3	379.48	42180
3	437.39	42180
4	0	42180
4	47.24	42180
4	89.92	42180
4	141.73	42180
1	0	42240
1	35.05	42240
1	70.1	42240
1	108.2	42240
1	140.21	42240
2	0	42240
2	39.62	42240
2	79.25	42240
2	124.97	42240
2	169.16	42240
2	201.17	42240
2	237.74	42240
2	277.37	42240
3	0	42240
3	51.82	42240
3	106.68	42240
3	154.84	42240
3	211.23	42240
3	267.61	42240
3	322.48	42240
3	379.48	42240
3	437.39	42240
4	0	42240
4	47.24	42240
4	89.92	42240
4	141.73	42240
1	0	42300
1	35.05	42300
1	70.1	42300
1	108.2	42300
1	140.21	42300
2	0	42300
2	39.62	42300
2	79.25	42300
2	124.97	42300
2	169.16	42300
2	201.17	42300
2	237.74	42300
2	277.37	42300
3	0	42300
3	51.82	42300
3	106.68	42300
3	154.84	42300
3	211.23	42300
3	267.61	42300
3	322.48	42300
3	379.48	42300
3	437.39	42300
4	0	42300
4	47.24	42300
4	89.92	42300
4	141.73	42300
1	0	42360
1	35.05	42360
1	70.1	42360
1	108.2	42360
1	140.21	42360
2	0	42360
2	39.62	42360
2	79.25	42360
2	124.97	42360
2	169.16	42360
2	201.17	42360
2	237.74	42360
2	277.37	42360
3	0	42360
3	51.82	42360
3	106.68	42360
3	154.84	42360
3	211.23	42360
3	267.61	42360
3	322.48	42360
3	379.48	42360
3	437.39	42360
4	0	42360
4	47.24	42360
4	89.92	42360
4	141.73	42360
1	0	42420
1	35.05	42420
1	70.1	42420
1	108.2	42420
1	140.21	42420
2	0	42420
2	39.62	42420
2	79.25	42420
2	124.97	42420
2	169.16	42420
2	201.17	42420
2	237.74	42420
2	277.37	42420
3	0	42420
3	51.82	42420
3	106.68	42420
3	154.84	42420
3	211.23	42420
3	267.61	42420
3	322.48	42420
3	379.48	42420
3	437.39	42420
4	0	42420
4	47.24	42420
4	89.92	42420
4	141.73	42420
1	0	42480
1	35.05	42480
1	70.1	42480
1	108.2	42480
1	140.21	42480
2	0	42480
2	39.62	42480
2	79.25	42480
2	124.97	42480
2	169.16	42480
2	201.17	42480
2	237.74	42480
2	277.37	42480
3	0	42480
3	51.82	42480
3	106.68	42480
3	154.84	42480
3	211.23	42480
3	267.61	42480
3	322.48	42480
3	379.48	42480
3	437.39	42480
4	0	42480
4	47.24	42480
4	89.92	42480
4	141.73	42480
1	0	42540
1	35.05	42540
1	70.1	42540
1	108.2	42540
1	140.21	42540
2	0	42540
2	39.62	42540
2	79.25	42540
2	124.97	42540
2	169.16	42540
2	201.17	42540
2	237.74	42540
2	277.37	42540
3	0	42540
3	51.82	42540
3	106.68	42540
3	154.84	42540
3	211.23	42540
3	267.61	42540
3	322.48	42540
3	379.48	42540
3	437.39	42540
4	0	42540
4	47.24	42540
4	89.92	42540
4	141.73	42540
1	0	42600
1	35.05	42600
1	70.1	42600
1	108.2	42600
1	140.21	42600
2	0	42600
2	39.62	42600
2	79.25	42600
2	124.97	42600
2	169.16	42600
2	201.17	42600
2	237.74	42600
2	277.37	42600
3	0	42600
3	51.82	42600
3	106.68	42600
3	154.84	42600
3	211.23	42600
3	267.61	42600
3	322.48	42600
3	379.48	42600
3	437.39	42600
4	0	42600
4	47.24	42600
4	89.92	42600
4	141.73	42600
1	0	42660
1	35.05	42660
1	70.1	42660
1	108.2	42660
1	140.21	42660
2	0	42660
2	39.62	42660
2	79.25	42660
2	124.97	42660
2	169.16	42660
2	201.17	42660
2	237.74	42660
2	277.37	42660
3	0	42660
3	51.82	42660
3	106.68	42660
3	154.84	42660
3	211.23	42660
3	267.61	42660
3	322.48	42660
3	379.48	42660
3	437.39	42660
4	0	42660
4	47.24	42660
4	89.92	42660
4	141.73	42660
1	0	42720
1	35.05	42720
1	70.1	42720
1	108.2	42720
1	140.21	42720
2	0	42720
2	39.62	42720
2	79.25	42720
2	124.97	42720
2	169.16	42720
2	201.17	42720
2	237.74	42720
2	277.37	42720
3	0	42720
3	51.82	42720
3	106.68	42720
3	154.84	42720
3	211.23	42720
3	267.61	42720
3	322.48	42720
3	379.48	42720
3	437.39	42720
4	0	42720
4	47.24	42720
4	89.92	42720
4	141.73	42720
1	0	42780
1	35.05	42780
1	70.1	42780
1	108.2	42780
1	140.21	42780
2	0	42780
2	39.62	42780
2	79.25	42780
2	124.97	42780
2	169.16	42780
2	201.17	42780
2	237.74	42780
2	277.37	42780
3	0	42780
3	51.82	42780
3	106.68	42780
3	154.84	42780
3	211.23	42780
3	267.61	42780
3	322.48	42780
3	379.48	42780
3	437.39	42780
4	0	42780
4	47.24	42780
4	89.92	42780
4	141.73	42780
1	0	42840
1	35.05	42840
1	70.1	42840
1	108.2	42840
1	140.21	42840
2	0	42840
2	39.62	42840
2	79.25	42840
2	124.97	42840
2	169.16	42840
2	201.17	42840
2	237.74	42840
2	277.37	42840
3	0	42840
3	51.82	42840
3	106.68	42840
3	154.84	42840
3	211.23	42840
3	267.61	42840
3	322.48	42840
3	379.48	42840
3	437.39	42840
4	0	42840
4	47.24	42840
4	89.92	42840
4	141.73	42840
1	0	42900
1	35.05	42900
1	70.1	42900
1	108.2	42900
1	140.21	42900
2	0	42900
2	39.62	42900
2	79.25	42900
2	124.97	42900
2	169.16	42900
2	201.17	42900
2	237.74	42900
2	277.37	42900
3	0	42900
3	51.82	42900
3	106.68	42900
3	154.84	42900
3	211.23	42900
3	267.61	42900
3	322.48	42900
3	379.48	42900
3	437.39	42900
4	0	42900
4	47.24	42900
4	89.92	42900
4	141.73	42900
1	0	42960
1	35.05	42960
1	70.1	42960
1	108.2	42960
1	140.21	42960
2	0	42960
2	39.62	42960
2	79.25	42960
2	124.97	42960
2	169.16	42960
2	201.17	42960
2	237.74	42960
2	277.37	42960
3	0	42960
3	51.82	42960
3	106.68	42960
3	154.84	42960
3	211.23	42960
3	267.61	42960
3	322.48	42960
3	379.48	42960
3	437.39	42960
4	0	42960
4	47.24	42960
4	89.92	42960
4	141.73	42960
1	0	43020
1	35.05	43020
1	70.1	43020
1	108.2	43020
1	140.21	43020
2	0	43020
2	39.62	43020
2	79.25	43020
2	124.97	43020
2	169.16	43020
2	201.17	43020
2	237.74	43020
2	277.37	43020
3	0	43020
3	51.82	43020
3	106.68	43020
3	154.84	43020
3	211.23	43020
3	267.61	43020
3	322.48	43020
3	379.48	43020
3	437.39	43020
4	0	43020
4	47.24	43020
4	89.92	43020
4	141.73	43020
1	0	43080
1	35.05	43080
1	70.1	43080
1	108.2	43080
1	140.21	43080
2	0	43080
2	39.62	43080
2	79.25	43080
2	124.97	43080
2	169.16	43080
2	201.17	43080
2	237.74	43080
2	277.37	43080
3	0	43080
3	51.82	43080
3	106.68	43080
3	154.84	43080
3	211.23	43080
3	267.61	43080
3	322.48	43080
3	379.48	43080
3	437.39	43080
4	0	43080
4	47.24	43080
4	89.92	43080
4	141.73	43080
1	0	43140
1	35.05	43140
1	70.1	43140
1	108.2	43140
1	140.21	43140
2	0	43140
2	39.62	43140
2	79.25	43140
2	124.97	43140
2	169.16	43140
2	201.17	43140
2	237.74	43140
2	277.37	43140
3	0	43140
3	51.82	43140
3	106.68	43140
3	154.84	43140
3	211.23	43140
3	267.61	43140
3	322.48	43140
3	379.48	43140
3	437.39	43140
4	0	43140
4	47.24	43140
4	89.92	43140
4	141.73	43140
1	0	43200
1	35.05	43200
1	70.1	43200
1	108.2	43200
1	140.21	43200
2	0	43200
2	39.62	43200
2	79.25	43200
2	124.97	43200
2	169.16	43200
2	201.17	43200
2	237.74	43200
2	277.37	43200
3	0	43200
3	51.82	43200
3	106.68	43200
3	154.84	43200
3	211.23	43200
3	267.61	43200
3	322.48	43200
3	379.48	43200
3	437.39	43200
4	0	43200
4	47.24	43200
4	89.92	43200
4	141.73	43200
